{"stats":{"minecraft:used":{"stalwart_dungeons:pusher":1,"minecraft:iron_sword":212,"minecraft:soul_sand":10,"minecraft:carrot":1,"born_in_chaos_v1:smoked_flesh":10,"minecraft:lava_bucket":7,"minecraft:item_frame":1,"minecraft:bow":3,"minecraft:furnace":2,"minecraft:potato":4,"minecraft:spruce_door":2,"minecraft:stone_pickaxe":2,"minecraft:wooden_pickaxe":6,"minecraft:glow_berries":19,"securitycraft:mine":2,"minecraft:diamond_sword":48,"born_in_chaos_v1:mesh_door":2,"minecraft:experience_bottle":3,"minecraft:light_gray_carpet":5,"minecraft:spruce_planks":11,"minecraft:tinted_glass":21,"minecraft:netherrack":3,"minecraft:torch":3,"minecraft:dirt":2,"stalwart_dungeons:tungsten_axe":8,"minecraft:beef":3,"minecraft:soul_soil":1,"tombstone:gift":7,"minecraft:cobbled_deepslate":19,"minecraft:cooked_mutton":1,"minecraft:water_bucket":25,"minecraft:baked_potato":20,"securitycraft:cobblestone_mine":2,"minecraft:crafting_table":19,"minecraft:red_bed":10,"minecraft:diamond_pickaxe":285,"iceandfire:dragonbone_sword_fire":301,"minecraft:iron_pickaxe":183,"minecraft:stone_axe":30,"stalwart_dungeons:soul_tiles":1,"minecraft:cobblestone":85,"minecraft:bucket":34},"minecraft:picked_up":{"iceandfire:dread_stone_bricks":16,"minecraft:wheat":1,"minecraft:chainmail_boots":1,"minecraft:diamond_sword":2,"tombstone:grave_key":1,"minecraft:string":8,"born_in_chaos_v1:mesh_door":2,"minecraft:soul_soil":2,"minecraft:raw_copper":45,"aether:diamond_gloves":1,"minecraft:cobbled_deepslate":19,"minecraft:gold_nugget":12,"earthmobsmod:duck_egg":1,"minecraft:spruce_planks":2,"minecraft:furnace":3,"minecraft:stick":8,"minecraft:acacia_fence":1,"minecraft:torch":9,"minecraft:porkchop":6,"tombstone:grave_dust":13,"minecraft:diorite":4,"minecraft:golden_chestplate":1,"stalwart_dungeons:soul_magma_bricks":1,"luminousworld:grassflowers":1,"minecraft:rotten_flesh":40,"supplementaries:ash":19,"minecraft:blaze_rod":19,"minecraft:iron_bars":4,"minecraft:snowball":3,"minecraft:cobblestone":255,"iceandfire:sapphire_gem":2,"minecraft:cooked_beef":1,"minecraft:andesite":2,"minecraft:potato":1,"alexsmobs:bear_fur":1,"minecraft:flint":1,"minecraft:cut_sandstone_slab":2,"minecraft:dirt":41,"minecraft:bone":91,"stalwart_dungeons:blaze_armor_scrap":6,"minecraft:bow":3,"minecraft:wheat_seeds":5,"securitycraft:mine":4,"minecraft:black_terracotta":1,"minecraft:cooked_porkchop":18,"minecraft:ink_sac":9,"minecraft:grass_block":1,"alexsmobs:animal_dictionary":1,"minecraft:dark_prismarine":8,"minecraft:bundle":1,"minecraft:diamond":8,"luminousworld:yellowpetunias":1,"iceandfire:dragonbone_sword_fire":2,"iceandfire:dread_stone_bricks_mossy":2,"minecraft:golden_apple":2,"minecraft:emerald":1,"minecraft:oak_sapling":2,"minecraft:light_gray_carpet":5,"minecraft:netherrack":7,"iceandfire:raw_silver":6,"luminousworld:groundpebbles_1":3,"minecraft:crafting_table":18,"iceandfire:witherbone":8,"stalwart_dungeons:soul_bricks":8,"minecraft:chain":15,"minecraft:red_bed":11,"minecraft:moss_carpet":8,"minecraft:item_frame":1,"minecraft:white_carpet":9,"born_in_chaos_v1:intoxicating_decoction":2,"minecraft:iron_shovel":1,"takesapillage:ravager_horn":1,"minecraft:cyan_carpet":3,"minecraft:cracked_stone_bricks":4,"minecraft:beef":4,"iceandfire:dread_shard":6,"minecraft:player_head":1,"minecraft:iron_nugget":10,"minecraft:spruce_slab":2,"minecraft:tinted_glass":23,"minecraft:chest":1,"minecraft:phantom_membrane":1,"minecraft:raw_iron":8,"minecraft:stone":2,"ecologics:coconut_slice":4,"minecraft:polished_blackstone_bricks":6,"minecraft:cookie":5,"minecraft:dark_oak_planks":11,"minecraft:arrow":6,"minecraft:deepslate_bricks":1,"minecraft:cracked_deepslate_bricks":1,"minecraft:skeleton_skull":2,"minecraft:netherite_boots":2,"born_in_chaos_v1:corpse_maggot":8,"minecraft:mud_bricks":6,"luminousworld:ishstone":1,"minecraft:leather":4,"minecraft:birch_planks":2,"minecraft:oak_log":2,"iceandfire:dread_stone_bricks_cracked":17,"minecraft:gunpowder":2,"minecraft:cobblestone_stairs":1,"minecraft:paper":3,"minecraft:cooked_mutton":1,"minecraft:red_carpet":4,"minecraft:stone_bricks":8,"minecraft:gray_carpet":1,"stalwart_dungeons:pusher":4,"minecraft:iron_ingot":6,"tombstone:bag_of_seeds":1,"iceandfire:dread_stone_stairs":1,"minecraft:iron_sword":3,"minecraft:soul_sand":10,"luminousworld:clovers_1":1,"iceandfire:ash":3,"minecraft:quartz":15,"minecraft:gravel":2,"stalwart_dungeons:soul_tiles":1,"minecraft:spruce_sapling":6,"minecraft:mud_brick_wall":1,"minecraft:spruce_log":9,"minecraft:spruce_door":2,"minecraft:slime_ball":8,"minecraft:stone_axe":1,"minecraft:black_wool":2,"minecraft:coal":66,"minecraft:sunflower":3},"minecraft:broken":{"aether:golden_gloves":1,"minecraft:iron_leggings":1,"minecraft:chainmail_boots":1,"minecraft:chainmail_helmet":1,"minecraft:netherite_boots":1},"minecraft:killed":{"undead_revamp2:thewolf":1,"born_in_chaos_v1:zombie_lumberjack":1,"minecraft:spider":1,"luminousworld:frost_bitten_skeleton":3,"minecraft:zombie_horse":2,"minecraft:skeleton":1,"minecraft:silverfish":1,"minecraft:piglin":2,"earthmobsmod:lobber_zombie":1,"alexsmobs:seal":3,"undead_revamp2:thebeartamer":1,"minecraft:creeper":1,"born_in_chaos_v1:zombie_fisherman":1,"minecraft:zombie":3,"stalwart_dungeons:incomplete_wither":3,"born_in_chaos_v1:corpse_fly":1,"enemyexpansion:botfly":1,"born_in_chaos_v1:door_knight":1,"takesapillage:archer":1,"luminousworld:frostbitten_zombie":1,"undead_revamp2:theimmortal":1,"minecraft:slime":7,"enemyexpansion:direwolf":1,"naturalist:duck":1,"born_in_chaos_v1:maggot":2,"minecraft:phantom":3,"luminousworld:swamp_skeleton":5,"iceandfire:dread_thrall":6,"minecraft:drowned":1,"born_in_chaos_v1:bone_imp_minion":1,"born_in_chaos_v1:baby_skeleton":1,"stalwart_dungeons:reinforced_blaze":6,"endermanoverhaul:snowy_enderman":1,"undead_revamp2:the_moonflower":1,"minecraft:ravager":1,"minecraft:hoglin":6,"earthmobsmod:umbra_cow":2,"born_in_chaos_v1:decrepit_skeleton":2,"luminousworld:mourning_cloak":1,"born_in_chaos_v1:bloody_gadfly":2,"iceandfire:ghost":7,"minecraft:wither_skeleton":13,"minecraft:villager":1},"minecraft:custom":{"minecraft:interact_with_crafting_table":29,"minecraft:open_barrel":15,"minecraft:bell_ring":3,"minecraft:eat_cake_slice":2,"minecraft:leave_game":4,"minecraft:time_since_death":163,"minecraft:sprint_one_cm":391733,"minecraft:drop":225,"minecraft:talked_to_villager":2,"minecraft:play_time":320195,"minecraft:deaths":100,"minecraft:jump":3225,"minecraft:walk_on_water_one_cm":100006,"minecraft:interact_with_furnace":15,"minecraft:interact_with_loom":1,"minecraft:sleep_in_bed":3,"minecraft:damage_dealt":28237,"minecraft:player_kills":1,"minecraft:crouch_one_cm":1566,"tombstone:undead_killed":60,"tombstone:villager_killed":1,"minecraft:interact_with_smoker":1,"minecraft:interact_with_smithing_table":3,"minecraft:mob_kills":115,"minecraft:interact_with_anvil":2,"minecraft:inspect_hopper":1,"minecraft:damage_dealt_resisted":575,"minecraft:climb_one_cm":7296,"minecraft:walk_one_cm":1650622,"minecraft:sneak_time":372,"minecraft:walk_under_water_one_cm":54696,"minecraft:total_world_time":320195,"tombstone:raider_killed":5,"minecraft:time_since_rest":1,"minecraft:damage_taken":30472,"minecraft:trigger_trapped_chest":7,"minecraft:swim_one_cm":3265,"minecraft:fly_one_cm":420878,"minecraft:open_chest":105,"minecraft:fall_one_cm":57933},"minecraft:killed_by":{"undead_revamp2:the_moonflower":1,"minecraft:wither_skeleton":19,"born_in_chaos_v1:bone_imp_minion":1,"iceandfire:dread_ghoul":3,"undead_revamp2:clogger":1,"minecraft:zombie":18,"luminousworld:frost_bitten_skeleton":1,"alexsmobs:grizzly_bear":1,"luminousworld:frostbitten_zombie":1,"undead_revamp2:thepregnant":3,"stalwart_dungeons:reinforced_blaze":4,"stalwart_dungeons:incomplete_wither":1,"minecraft:player":5,"takesapillage:legioner":2,"enemyexpansion:equestrian":1,"takesapillage:skirmisher":5,"minecraft:hoglin":5,"minecraft:skeleton":4,"minecraft:phantom":3,"iceandfire:ghost":3,"undead_revamp2:thebeartamer":1},"minecraft:dropped":{"minecraft:iron_sword":2,"minecraft:soul_sand":1,"minecraft:porkchop":2,"stalwart_dungeons:soul_magma_bricks":1,"luminousworld:yellowpetunias":1,"minecraft:oak_log":2,"ecologics:coconut_slice":2,"minecraft:crossbow":1,"minecraft:leather":1,"minecraft:cracked_stone_bricks":3,"iceandfire:dread_stone_bricks_cracked":17,"minecraft:cut_sandstone_slab":2,"minecraft:red_carpet":4,"minecraft:cobblestone_stairs":1,"minecraft:dirt":43,"iceandfire:dread_stone_bricks":16,"minecraft:gold_nugget":6,"minecraft:sunflower":3,"iceandfire:ash":3,"minecraft:polished_blackstone_bricks":6,"luminousworld:clovers_1":1,"minecraft:bone":86,"minecraft:gravel":2,"minecraft:stone_axe":1,"minecraft:iron_nugget":13,"alexsmobs:animal_dictionary":1,"minecraft:tinted_glass":2,"minecraft:rotten_flesh":29,"iceandfire:dread_stone_bricks_mossy":2,"supplementaries:ash":18,"luminousworld:grassflowers":1,"minecraft:gunpowder":2,"minecraft:skeleton_skull":2,"born_in_chaos_v1:corpse_maggot":7,"minecraft:spruce_slab":1,"minecraft:iron_bars":4,"minecraft:beef":1,"stalwart_dungeons:pusher":3,"minecraft:quartz":15,"minecraft:netherrack":4,"minecraft:wheat_seeds":2,"luminousworld:ishstone":1,"iceandfire:dread_stone_stairs":1,"minecraft:grass_block":1,"minecraft:golden_apple":1,"stalwart_dungeons:soul_bricks":8,"minecraft:mud_brick_wall":1,"minecraft:diorite":4,"minecraft:ink_sac":6,"tombstone:grave_key":2,"tombstone:grave_dust":6,"earthmobsmod:duck_egg":1,"minecraft:spruce_sapling":6,"minecraft:moss_carpet":8,"minecraft:soul_soil":1,"iceandfire:dragonbone_sword_fire":1,"alexsmobs:bear_fur":1,"minecraft:stone":2,"aether:diamond_gloves":1,"minecraft:spruce_planks":5,"luminousworld:groundpebbles_1":3,"minecraft:andesite":2,"minecraft:oak_sapling":2,"minecraft:stone_bricks":7,"minecraft:spruce_log":1,"minecraft:bow":1,"minecraft:stone_pickaxe":1,"minecraft:wooden_pickaxe":1,"minecraft:dark_prismarine":8},"minecraft:mined":{"minecraft:dark_oak_planks":4,"securitycraft:mine":2,"minecraft:cobblestone_stairs":1,"minecraft:grass_block":12,"minecraft:infested_cobblestone":1,"minecraft:deepslate_bricks":1,"minecraft:mud_brick_wall":1,"minecraft:spawner":5,"minecraft:polished_blackstone_bricks":2,"minecraft:iron_ore":2,"minecraft:iron_bars":2,"iceandfire:dread_stone_bricks_cracked":9,"minecraft:player_head":1,"minecraft:brown_mushroom":1,"minecraft:red_bed":11,"minecraft:torch":4,"minecraft:chest":1,"iceandfire:sapphire_ore":2,"minecraft:nether_quartz_ore":15,"minecraft:cobblestone":31,"minecraft:oak_planks":1,"minecraft:wall_torch":2,"ironchest:dirt_chest":1,"minecraft:skeleton_skull":1,"minecraft:chain":17,"minecraft:tinted_glass":31,"minecraft:grass":2,"iceandfire:dread_stone_bricks_mossy":2,"minecraft:acacia_fence":1,"minecraft:dirt":2,"minecraft:netherrack":3,"iceandfire:dread_stone_bricks":8,"minecraft:nether_gold_ore":2,"iceandfire:silver_ore":6,"stalwart_dungeons:soul_bricks":4,"luminousworld:grassvariant_4":1,"minecraft:spruce_leaves":15,"minecraft:moss_block":1,"minecraft:waxed_oxidized_cut_copper":1,"minecraft:furnace":3,"minecraft:vine":1,"luminousworld:snowgrass":5,"minecraft:packed_ice":15,"minecraft:stone":226,"born_in_chaos_v1:mesh_door":1,"minecraft:light_gray_carpet":5,"minecraft:scaffolding":1,"minecraft:soul_sand":11,"minecraft:crafting_table":18,"minecraft:emerald_ore":1,"iceandfire:dread_stone_stairs":1,"minecraft:tall_grass":4,"minecraft:copper_ore":10,"minecraft:cracked_deepslate_bricks":1,"minecraft:diorite":5,"minecraft:ice":3,"minecraft:white_carpet":9,"minecraft:spruce_log":8,"minecraft:coal_ore":49,"luminousworld:ishstone":1,"minecraft:sunflower":4,"minecraft:gravel":3,"minecraft:cracked_stone_bricks":4,"minecraft:stone_bricks":11,"minecraft:small_dripleaf":1,"minecraft:mossy_stone_bricks":1},"minecraft:crafted":{"minecraft:chainmail_helmet":1,"hangglider:hang_glider":1,"sophisticatedbackpacks:backpack":1,"minecraft:crafting_table":2,"minecraft:spruce_planks":32,"minecraft:wooden_pickaxe":1,"minecraft:chainmail_chestplate":1,"minecraft:string":4,"minecraft:diamond_pickaxe":1,"sophisticatedbackpacks:diamond_backpack":1,"minecraft:stick":20,"minecraft:iron_ingot":8,"minecraft:iron_pickaxe":1,"hangglider:glider_framework":1,"hangglider:glider_wing":2,"minecraft:leather":26,"minecraft:stone_pickaxe":1,"minecraft:chainmail_leggings":1,"sophisticatedbackpacks:iron_backpack":1,"minecraft:iron_sword":2,"sophisticatedbackpacks:gold_backpack":1,"minecraft:bucket":2,"securitycraft:cobblestone_mine":2,"minecraft:stone_axe":1}},"DataVersion":3465}