{"stats":{"minecraft:crafted":{"minecraft:oak_planks":36,"spartanshields:wooden_tower_shield":1,"rpgsmw:iron_knife":1,"spartanshields:stone_tower_shield":1,"minecraft:stone_pickaxe":2,"rpgsmw:woodenfiber":1,"minecraft:emerald":1,"minecraft:crafting_table":4,"minecraft:wooden_pickaxe":1,"minecraft:iron_sword":1,"minecraft:copper_ingot":12,"minecraft:bucket":1,"minecraft:air":0,"rpgsmw:stone_knife":1,"minecraft:stick":36,"minecraft:iron_ingot":24,"minecraft:iron_pickaxe":2,"minecraft:stone_sword":1,"minecraft:acacia_planks":16},"minecraft:killed_by":{"minecraft:player":4,"minecraft:creeper":2,"minecraft:spider":1,"minecraft:skeleton":14,"alexsmobs:rhinoceros":1,"minecraft:zombie":3},"minecraft:custom":{"minecraft:mob_kills":35,"minecraft:interact_with_crafting_table":28,"minecraft:open_barrel":9,"minecraft:eat_cake_slice":18,"minecraft:leave_game":1,"minecraft:time_since_death":42373,"minecraft:climb_one_cm":2987,"minecraft:damage_resisted":1516,"minecraft:sprint_one_cm":536524,"minecraft:walk_one_cm":509101,"minecraft:damage_blocked_by_shield":805,"minecraft:drop":119,"minecraft:play_noteblock":5,"minecraft:talked_to_villager":9,"minecraft:play_time":233980,"minecraft:sneak_time":1295,"minecraft:deaths":29,"minecraft:walk_under_water_one_cm":24927,"minecraft:boat_one_cm":3835,"minecraft:jump":4996,"minecraft:interact_with_blast_furnace":20,"minecraft:walk_on_water_one_cm":54378,"minecraft:total_world_time":233980,"minecraft:interact_with_furnace":2,"spartanshields:shield_bash_hits":1,"minecraft:traded_with_villager":1,"minecraft:tune_noteblock":31,"minecraft:sleep_in_bed":16,"minecraft:time_since_rest":1819,"minecraft:damage_taken":12970,"minecraft:damage_absorbed":40,"minecraft:damage_dealt":6550,"minecraft:player_kills":3,"minecraft:swim_one_cm":42120,"minecraft:fly_one_cm":837620,"minecraft:open_chest":14,"minecraft:crouch_one_cm":1879,"minecraft:fall_one_cm":214114},"minecraft:broken":{"minecraft:leather_helmet":1,"minecraft:stone_sword":1,"minecraft:wooden_pickaxe":1,"minecraft:stone_pickaxe":2,"minecraft:leather_boots":1,"minecraft:iron_pickaxe":1},"minecraft:used":{"minecraft:stone_sword":128,"minecraft:poppy":1,"minecraft:iron_sword":13,"minecraft:rotten_flesh":26,"simpletomb:grave_key":29,"minecraft:dirt":15,"minecraft:mutton":2,"minecraft:carrot":3,"minecraft:obsidian":2,"minecraft:beef":3,"minecraft:bow":5,"minecraft:waxed_cut_copper_slab":7,"minecraft:oak_sapling":3,"minecraft:cobbled_deepslate":91,"minecraft:acacia_planks":4,"minecraft:cooked_mutton":1,"minecraft:water_bucket":13,"minecraft:diorite":8,"minecraft:stone_pickaxe":261,"minecraft:oak_planks":20,"minecraft:wooden_pickaxe":60,"rpgsmw:stone_knife":34,"minecraft:stripped_mangrove_wood":1,"minecraft:golden_apple":1,"minecraft:crafting_table":14,"minecraft:blast_furnace":3,"minecraft:white_bed":2,"spartanshields:stone_tower_shield":23,"minecraft:note_block":2,"minecraft:cake":3,"minecraft:oak_log":1,"minecraft:apple":3,"minecraft:oxeye_daisy":1,"minecraft:chicken":1,"minecraft:bread":62,"minecraft:cyan_bed":1,"minecraft:iron_pickaxe":422,"rpgsmw:iron_knife":61,"minecraft:cobblestone":352,"minecraft:porkchop":1,"minecraft:andesite":17,"minecraft:bucket":14,"minecraft:pumpkin_pie":7,"minecraft:yellow_bed":6,"alexsmobs:animal_dictionary":1,"minecraft:beetroot":3,"iceandfire:deepslate_silver_ore":1},"minecraft:mined":{"minecraft:dark_oak_planks":4,"minecraft:waxed_cut_copper_slab":9,"minecraft:oak_sapling":1,"minecraft:spruce_planks":3,"minecraft:white_bed":3,"iceandfire:silver_ore":1,"minecraft:deepslate_diamond_ore":4,"minecraft:red_nether_bricks":1,"minecraft:granite":3,"minecraft:dark_oak_fence":1,"minecraft:acacia_log":5,"minecraft:grass_block":10,"minecraft:light_gray_bed":3,"iceandfire:deepslate_silver_ore":2,"minecraft:hay_block":1,"epicsamurai:deepslate_jade_ore":17,"minecraft:iron_ore":22,"minecraft:cobbled_deepslate":1,"minecraft:andesite":22,"minecraft:deepslate_lapis_ore":1,"minecraft:polished_deepslate":3,"minecraft:bookshelf":2,"minecraft:deepslate_iron_ore":3,"epicsamurai:deepslate_silver_ore":6,"minecraft:stripped_mangrove_wood":2,"minecraft:stone":411,"minecraft:player_head":1,"minecraft:deepslate_redstone_ore":5,"minecraft:glass_pane":3,"minecraft:clay":4,"minecraft:crafting_table":10,"minecraft:note_block":4,"minecraft:blast_furnace":3,"minecraft:calcite":1,"minecraft:polished_andesite_stairs":2,"minecraft:campfire":1,"minecraft:tall_grass":3,"minecraft:copper_ore":9,"minecraft:cobblestone":24,"minecraft:cyan_bed":1,"minecraft:sugar_cane":3,"minecraft:diorite":33,"rpgsmw:mineral_ore":1,"minecraft:yellow_bed":6,"minecraft:grass":27,"minecraft:oak_log":8,"minecraft:coal_ore":18,"minecraft:cocoa":1,"minecraft:gravel":8,"minecraft:dirt":26,"minecraft:acacia_planks":2,"minecraft:oak_leaves":63,"minecraft:deepslate":88,"epicsamurai:ruby_ore":1,"minecraft:fern":2},"minecraft:dropped":{"minecraft:iron_ingot":3,"minecraft:bread":25,"minecraft:stripped_mangrove_wood":1,"minecraft:dark_oak_stairs":1,"minecraft:wheat_seeds":3,"minecraft:oak_log":1,"simpletomb:grave_key":2,"minecraft:cobblestone":2,"minecraft:granite":2,"minecraft:mangrove_planks":3,"minecraft:item_frame":2,"minecraft:stick":27,"minecraft:emerald":1,"spartanshields:stone_tower_shield":1,"minecraft:dirt":8,"minecraft:diorite":5,"minecraft:dark_oak_fence":2,"minecraft:potion":1,"minecraft:pumpkin_pie":3,"minecraft:polished_andesite_stairs":2,"minecraft:string":2,"minecraft:dark_oak_planks":2,"iceandfire:dragonbone":68,"minecraft:bone":1,"minecraft:sugar_cane":8,"alexsmobs:gazelle_horn":1,"minecraft:cocoa_beans":3,"minecraft:raw_copper":4,"minecraft:obsidian":2,"minecraft:rotten_flesh":9,"iceandfire:silver_ore":1,"minecraft:hay_block":2,"minecraft:spruce_planks":1,"minecraft:andesite":8,"minecraft:oak_boat":1,"minecraft:arrow":14,"minecraft:bow":1},"minecraft:killed":{"minecraft:spider":2,"minecraft:skeleton":9,"minecraft:chicken":1,"minecraft:drowned":1,"minecraft:husk":5,"minecraft:pig":1,"alexsmobs:seal":3,"minecraft:iron_golem":1,"minecraft:sheep":1,"minecraft:zombie":8,"alexsmobs:gazelle":1,"minecraft:cow":1},"minecraft:picked_up":{"iceandfire:dragon_skull_lightning":3,"minecraft:charcoal":2,"minecraft:crafting_table":10,"minecraft:chicken":1,"minecraft:clay_ball":16,"alexsmobs:gazelle_horn":1,"minecraft:string":2,"minecraft:waxed_cut_copper_slab":20,"minecraft:raw_copper":41,"minecraft:item_frame":2,"epicsamurai:jade":17,"spartanshields:stone_tower_shield":1,"minecraft:cyan_carpet":1,"minecraft:beetroot":3,"minecraft:cobbled_deepslate":91,"minecraft:spruce_planks":3,"minecraft:beef":3,"minecraft:oak_boat":1,"minecraft:player_head":1,"minecraft:poppy":1,"minecraft:sugar_cane":8,"minecraft:egg":2,"minecraft:stick":13,"minecraft:raw_iron":24,"iceandfire:dragonbone":116,"minecraft:stripped_mangrove_wood":2,"minecraft:acacia_log":4,"iceandfire:silver_ore":1,"minecraft:note_block":5,"minecraft:porkchop":1,"minecraft:diorite":13,"minecraft:redstone":22,"minecraft:dark_oak_planks":6,"minecraft:arrow":20,"minecraft:rotten_flesh":36,"minecraft:beetroot_seeds":1,"minecraft:hay_block":2,"minecraft:glistering_melon_slice":5,"iceandfire:deepslate_silver_ore":1,"rpgsmw:edmantium":1,"minecraft:mutton":2,"minecraft:white_wool":1,"minecraft:cobblestone":373,"minecraft:oxeye_daisy":1,"minecraft:andesite":25,"minecraft:leather":2,"minecraft:potato":12,"minecraft:oak_log":11,"minecraft:yellow_bed":6,"simpletomb:grave_key":1,"minecraft:dirt":24,"minecraft:leather_boots":1,"minecraft:cooked_mutton":1,"minecraft:bone":18,"minecraft:acacia_planks":4,"minecraft:bow":1,"minecraft:wheat_seeds":4,"minecraft:iron_ingot":17,"minecraft:mangrove_planks":3,"epicsamurai:raw_silver":6,"minecraft:oak_planks":7,"minecraft:dark_oak_stairs":1,"minecraft:book":12,"minecraft:polished_andesite_stairs":2,"minecraft:blast_furnace":3,"minecraft:white_bed":3,"minecraft:cyan_bed":1,"alexsmobs:animal_dictionary":1,"minecraft:leather_helmet":1,"minecraft:diamond":4,"minecraft:granite":4,"minecraft:golden_apple":1,"minecraft:bread":67,"minecraft:oak_sapling":4,"epicsamurai:ruby":1,"minecraft:dark_oak_fence":2,"minecraft:coal":18,"minecraft:cocoa_beans":3}},"DataVersion":3120}