{"stats":{"minecraft:used":{"minecraft:moss_carpet":1,"iceandfire:silver_sword":137,"luminousworld:tall_deadbush":4,"minecraft:spruce_planks":4,"minecraft:iron_sword":27,"vanillaplustools:stone_hammer":130,"luminousworld:savannah_ground":6,"minecraft:player_head":2,"minecraft:iron_chestplate":1,"born_in_chaos_v1:corpse_maggot":6,"minecraft:dark_oak_planks":38,"minecraft:stripped_dark_oak_wood":3,"minecraft:packed_mud":8,"minecraft:dark_oak_slab":1,"luminousworld:elephant_grass":3,"minecraft:mud_bricks":53,"minecraft:barrel":3,"minecraft:diamond_chestplate":1,"minecraft:birch_trapdoor":1,"luminousworld:savannah_soil":10,"minecraft:mangrove_roots":4,"minecraft:furnace":3,"tombstone:gift":3,"minecraft:acacia_planks":3,"minecraft:water_bucket":27,"minecraft:stone_pickaxe":54,"minecraft:wooden_pickaxe":54,"minecraft:green_bed":1,"minecraft:golden_apple":3,"luminousworld:baobab_plank":31,"minecraft:sand":1,"minecraft:crafting_table":4,"minecraft:black_terracotta":7,"minecraft:mud":2,"iceandfire:armor_copper_metal_chestplate":1,"minecraft:suspicious_stew":1,"minecraft:iron_pickaxe":55,"minecraft:diamond_sword":20,"minecraft:cobblestone":141,"born_in_chaos_v1:rotten_fish":2,"ecologics:coconut_log":1,"minecraft:andesite":5,"minecraft:bucket":28,"alexsmobs:animal_dictionary":2},"minecraft:killed":{"undead_revamp2:thewolf":1,"undead_revamp2:theimmortal":2,"minecraft:spider":2,"minecraft:slime":1,"enemyexpansion:direwolf":1,"born_in_chaos_v1:maggot":3,"minecraft:skeleton":1,"luminousworld:swamp_skeleton":1,"ecologics:coconut_crab":1,"undead_revamp2:therod":1,"undead_revamp2:sucker":1,"mowziesmobs:umvuthana_follower_raptor":2,"minecraft:creeper":1,"born_in_chaos_v1:decrepit_skeleton":1,"luminousworld:crab":1,"minecraft:zombie":1,"born_in_chaos_v1:corpse_fly":11},"minecraft:mined":{"minecraft:dark_oak_planks":4,"luminousworld:groundpebbles_1":2,"minecraft:spruce_planks":7,"minecraft:black_terracotta":3,"minecraft:mangrove_roots":5,"minecraft:granite":42,"minecraft:acacia_log":2,"luminousworld:bao_bob_wood":2,"luminousworld:baobab_plank":1,"ecologics:coconut_log":2,"minecraft:birch_slab":1,"minecraft:mud_bricks":53,"minecraft:mangrove_propagule":1,"luminousworld:savanna_grass_2":8,"minecraft:spawner":17,"minecraft:packed_mud":8,"minecraft:iron_ore":19,"minecraft:fire":5,"minecraft:andesite":107,"minecraft:stripped_dark_oak_wood":7,"minecraft:deepslate_iron_ore":1,"minecraft:vine":3,"minecraft:stone":484,"minecraft:player_head":3,"luminousworld:savannah_soil":11,"minecraft:acacia_leaves":1,"luminousworld:tall_deadbush":5,"minecraft:player_wall_head":1,"minecraft:crafting_table":1,"luminousworld:savannah_grass_1":8,"minecraft:dark_oak_wood":6,"minecraft:poppy":2,"minecraft:copper_ore":4,"minecraft:cobblestone":23,"minecraft:lapis_ore":1,"minecraft:diorite":65,"supplementaries:urn":3,"minecraft:black_stained_glass":1,"minecraft:dark_oak_slab":1,"ecologics:seashell":1,"minecraft:mud":2,"minecraft:purple_stained_glass":1,"minecraft:birch_trapdoor":1,"luminousworld:bao_bob_log":12,"minecraft:mangrove_leaves":4,"minecraft:grass":1,"minecraft:coal_ore":19,"luminousworld:ishstone":23,"minecraft:gravel":1,"minecraft:sand":4,"minecraft:mangrove_log":1,"minecraft:acacia_planks":4,"luminousworld:savannah_grass_4":4,"luminousworld:elephant_grass":2,"minecraft:emerald_block":1,"minecraft:deepslate":162,"luminousworld:savannah_ground":8},"minecraft:broken":{"minecraft:stone_pickaxe":1,"vanillaplustools:stone_hammer":1},"minecraft:killed_by":{"undead_revamp2:theimmortal":1,"mutantmonsters:mutant_zombie":3,"undead_revamp2:the_moonflower":2,"born_in_chaos_v1:restless_spirit":1,"minecraft:wither_skeleton":7,"minecraft:creeper":2,"mowziesmobs:umvuthana_follower_raptor":1,"born_in_chaos_v1:corpse_fly":3,"undead_revamp2:thehunter":2,"minecraft:skeleton":13,"ecologics:coconut_crab":1,"born_in_chaos_v1:dread_hound":1,"luminousworld:savannah_skeleton":1},"minecraft:picked_up":{"minecraft:mud":2,"luminousworld:groundpebbles_1":2,"minecraft:crafting_table":1,"minecraft:suspicious_stew":1,"iceandfire:armor_copper_metal_chestplate":1,"ecologics:seashell":1,"luminousworld:bao_bob_wood":5,"minecraft:enchanted_book":1,"minecraft:chain":1,"minecraft:string":3,"minecraft:moss_carpet":1,"minecraft:cobbled_deepslate":153,"minecraft:spruce_planks":4,"minecraft:player_head":3,"quark:black_shard":3,"minecraft:poppy":3,"minecraft:azalea_leaves":2,"minecraft:mangrove_log":1,"ecologics:crab_claw":1,"minecraft:stick":14,"minecraft:raw_iron":20,"ecologics:coconut_slice":6,"minecraft:birch_trapdoor":1,"minecraft:bowl":1,"minecraft:acacia_log":2,"luminousworld:savannah_soil":10,"tombstone:grave_dust":1,"minecraft:diorite":60,"minecraft:carrot":13,"minecraft:dark_oak_planks":4,"luminousworld:baobab_plank":1,"minecraft:rotten_flesh":9,"minecraft:arrow":2,"minecraft:honey_bottle":1,"minecraft:tropical_fish":1,"ecologics:coconut_log":3,"minecraft:stripped_dark_oak_wood":6,"minecraft:green_wool":5,"minecraft:mangrove_roots":4,"minecraft:gold_ingot":9,"luminousworld:tall_deadbush":7,"supplementaries:ash":4,"minecraft:cobblestone":468,"born_in_chaos_v1:corpse_maggot":14,"mowziesmobs:umvuthana_mask_fury":1,"luminousworld:savannah_ground":9,"minecraft:mud_bricks":54,"minecraft:feather":3,"minecraft:birch_slab":1,"minecraft:andesite":97,"luminousworld:ishstone":23,"minecraft:acacia_wood":1,"minecraft:packed_mud":8,"minecraft:gunpowder":2,"iceandfire:armor_copper_metal_helmet":2,"minecraft:lapis_lazuli":4,"minecraft:bone":8,"minecraft:acacia_planks":3,"quark:purple_shard":4,"luminousworld:elephant_grass":4,"minecraft:iron_ingot":2,"minecraft:stone_pickaxe":4,"minecraft:glass_bottle":2,"minecraft:moss_block":1,"minecraft:acacia_sapling":2,"minecraft:glow_lichen":2,"minecraft:dark_oak_slab":1,"minecraft:black_terracotta":7,"minecraft:emerald_block":1,"minecraft:gravel":1,"minecraft:sand":4,"minecraft:spider_eye":1,"minecraft:barrel":1,"minecraft:slime_ball":1,"minecraft:diamond":4,"iceandfire:silver_sword":1,"minecraft:golden_apple":5,"minecraft:emerald":10,"minecraft:chainmail_helmet":1,"mowziesmobs:umvuthana_mask_fear":1,"born_in_chaos_v1:rotten_fish":2,"luminousworld:bao_bob_log":19,"minecraft:dark_oak_wood":6,"minecraft:coal":14},"minecraft:dropped":{"minecraft:iron_ingot":5,"minecraft:diamond":5,"minecraft:cobblestone":98,"minecraft:golden_apple":10,"tombstone:grave_dust":1,"minecraft:gravel":1,"minecraft:bowl":2,"iceandfire:armor_copper_metal_helmet":1,"minecraft:honey_bottle":1,"minecraft:carrot":13,"ecologics:coconut_slab":2,"aether:diamond_gloves":1,"minecraft:andesite":6,"born_in_chaos_v1:corpse_maggot":1,"minecraft:barrel":1,"minecraft:stone_pickaxe":3},"minecraft:custom":{"minecraft:mob_kills":36,"minecraft:interact_with_crafting_table":38,"minecraft:open_barrel":22,"minecraft:damage_dealt_resisted":17,"minecraft:leave_game":1,"minecraft:time_since_death":1236,"minecraft:climb_one_cm":17904,"minecraft:sprint_one_cm":504331,"minecraft:walk_one_cm":391545,"minecraft:drop":40,"minecraft:play_time":189539,"minecraft:sneak_time":669,"minecraft:deaths":41,"minecraft:walk_under_water_one_cm":213054,"minecraft:jump":3127,"minecraft:walk_on_water_one_cm":187316,"minecraft:total_world_time":189539,"minecraft:interact_with_furnace":27,"minecraft:time_since_rest":478,"minecraft:damage_taken":11818,"minecraft:damage_absorbed":120,"minecraft:damage_dealt":6964,"minecraft:swim_one_cm":95575,"minecraft:fly_one_cm":648059,"minecraft:open_chest":39,"minecraft:crouch_one_cm":836,"tombstone:undead_killed":9,"minecraft:fall_one_cm":44070},"minecraft:crafted":{"minecraft:barrel":4,"vanillaplustools:stone_hammer":1,"ecologics:coconut_planks":8,"minecraft:furnace":3,"ecologics:coconut_slab":6,"minecraft:stone_pickaxe":9,"luminousworld:baobab_slab":6,"minecraft:dark_oak_planks":36,"minecraft:emerald":9,"minecraft:crafting_table":3,"minecraft:wooden_pickaxe":1,"minecraft:iron_sword":1,"minecraft:green_bed":1,"minecraft:mangrove_planks":4,"minecraft:bucket":1,"minecraft:air":0,"minecraft:iron_chestplate":1,"minecraft:stick":40,"minecraft:iron_ingot":20,"minecraft:iron_pickaxe":1,"minecraft:acacia_planks":12,"luminousworld:baobab_plank":96}},"DataVersion":3465}