{"stats":{"minecraft:mined":{"minecraft:dark_oak_planks":1,"luminousworld:groundpebbles_1":2,"minecraft:black_terracotta":3,"minecraft:mangrove_roots":1,"minecraft:granite":42,"minecraft:acacia_log":2,"luminousworld:baobab_plank":1,"ecologics:coconut_log":2,"minecraft:mud_bricks":19,"minecraft:mangrove_propagule":1,"luminousworld:savanna_grass_2":8,"minecraft:packed_mud":8,"minecraft:iron_ore":19,"minecraft:fire":5,"minecraft:andesite":107,"minecraft:stripped_dark_oak_wood":5,"minecraft:deepslate_iron_ore":1,"minecraft:vine":2,"minecraft:stone":484,"luminousworld:savannah_soil":11,"minecraft:acacia_leaves":1,"luminousworld:tall_deadbush":5,"luminousworld:savannah_grass_1":7,"minecraft:dark_oak_wood":6,"minecraft:poppy":2,"minecraft:cobblestone":23,"minecraft:copper_ore":4,"minecraft:lapis_ore":1,"minecraft:diorite":65,"supplementaries:urn":3,"minecraft:black_stained_glass":1,"ecologics:seashell":1,"minecraft:purple_stained_glass":1,"luminousworld:bao_bob_log":6,"minecraft:mangrove_leaves":1,"minecraft:coal_ore":19,"luminousworld:ishstone":23,"minecraft:sand":4,"minecraft:gravel":1,"luminousworld:savannah_grass_4":4,"luminousworld:elephant_grass":2,"minecraft:deepslate":162,"luminousworld:savannah_ground":7},"minecraft:crafted":{"minecraft:barrel":2,"vanillaplustools:stone_hammer":1,"ecologics:coconut_planks":8,"minecraft:furnace":3,"ecologics:coconut_slab":6,"minecraft:stone_pickaxe":9,"luminousworld:baobab_slab":3,"minecraft:dark_oak_planks":32,"minecraft:crafting_table":1,"minecraft:wooden_pickaxe":1,"minecraft:bucket":1,"minecraft:air":0,"minecraft:iron_chestplate":1,"minecraft:stick":36,"minecraft:iron_ingot":20,"minecraft:acacia_planks":8,"luminousworld:baobab_plank":64},"minecraft:picked_up":{"luminousworld:groundpebbles_1":2,"minecraft:suspicious_stew":1,"ecologics:seashell":1,"iceandfire:armor_copper_metal_chestplate":1,"luminousworld:bao_bob_wood":3,"minecraft:string":3,"minecraft:moss_carpet":1,"minecraft:cobbled_deepslate":153,"minecraft:poppy":3,"minecraft:stick":12,"minecraft:raw_iron":20,"minecraft:bowl":1,"minecraft:acacia_log":2,"luminousworld:savannah_soil":10,"minecraft:diorite":60,"minecraft:carrot":13,"minecraft:dark_oak_planks":1,"luminousworld:baobab_plank":1,"minecraft:rotten_flesh":4,"minecraft:arrow":2,"minecraft:honey_bottle":1,"ecologics:coconut_log":3,"minecraft:stripped_dark_oak_wood":5,"minecraft:mangrove_roots":1,"supplementaries:ash":2,"luminousworld:tall_deadbush":7,"minecraft:cobblestone":468,"mowziesmobs:umvuthana_mask_fury":1,"born_in_chaos_v1:corpse_maggot":14,"minecraft:mud_bricks":19,"luminousworld:savannah_ground":8,"minecraft:feather":3,"minecraft:andesite":97,"luminousworld:ishstone":23,"minecraft:packed_mud":8,"iceandfire:armor_copper_metal_helmet":2,"minecraft:lapis_lazuli":4,"minecraft:bone":6,"quark:purple_shard":4,"luminousworld:elephant_grass":4,"minecraft:stone_pickaxe":4,"minecraft:glass_bottle":1,"minecraft:acacia_sapling":2,"minecraft:black_terracotta":3,"minecraft:gravel":1,"minecraft:sand":4,"minecraft:spider_eye":1,"minecraft:barrel":1,"iceandfire:silver_sword":1,"minecraft:chainmail_helmet":1,"mowziesmobs:umvuthana_mask_fear":1,"born_in_chaos_v1:rotten_fish":2,"luminousworld:bao_bob_log":13,"minecraft:dark_oak_wood":6,"minecraft:coal":14},"minecraft:killed":{"undead_revamp2:thewolf":1,"undead_revamp2:theimmortal":2,"minecraft:spider":1,"enemyexpansion:direwolf":1,"born_in_chaos_v1:maggot":3,"mowziesmobs:umvuthana_follower_raptor":2,"luminousworld:crab":1,"born_in_chaos_v1:corpse_fly":9},"minecraft:broken":{"minecraft:stone_pickaxe":1,"vanillaplustools:stone_hammer":1},"minecraft:dropped":{"minecraft:iron_ingot":3,"minecraft:cobblestone":98,"tombstone:grave_dust":1,"minecraft:gravel":1,"minecraft:bowl":2,"iceandfire:armor_copper_metal_helmet":1,"minecraft:honey_bottle":1,"minecraft:carrot":13,"ecologics:coconut_slab":2,"minecraft:andesite":6,"born_in_chaos_v1:corpse_maggot":1,"minecraft:barrel":1,"minecraft:stone_pickaxe":3},"minecraft:used":{"iceandfire:silver_sword":118,"luminousworld:tall_deadbush":4,"vanillaplustools:stone_hammer":130,"luminousworld:savannah_ground":6,"minecraft:iron_chestplate":1,"born_in_chaos_v1:corpse_maggot":6,"minecraft:dark_oak_planks":29,"minecraft:stripped_dark_oak_wood":3,"minecraft:packed_mud":8,"luminousworld:elephant_grass":3,"minecraft:mud_bricks":19,"minecraft:barrel":2,"luminousworld:savannah_soil":10,"minecraft:mangrove_roots":1,"minecraft:furnace":3,"tombstone:gift":2,"minecraft:water_bucket":22,"minecraft:stone_pickaxe":54,"minecraft:wooden_pickaxe":54,"luminousworld:baobab_plank":31,"minecraft:sand":1,"minecraft:crafting_table":1,"minecraft:black_terracotta":3,"iceandfire:armor_copper_metal_chestplate":1,"minecraft:suspicious_stew":1,"minecraft:cobblestone":141,"born_in_chaos_v1:rotten_fish":2,"ecologics:coconut_log":1,"minecraft:andesite":5,"minecraft:bucket":22,"alexsmobs:animal_dictionary":2},"minecraft:killed_by":{"undead_revamp2:theimmortal":1,"mutantmonsters:mutant_zombie":3,"born_in_chaos_v1:restless_spirit":1,"mowziesmobs:umvuthana_follower_raptor":1,"born_in_chaos_v1:corpse_fly":3,"born_in_chaos_v1:dread_hound":1},"minecraft:custom":{"minecraft:mob_kills":23,"minecraft:interact_with_crafting_table":34,"minecraft:open_barrel":18,"minecraft:damage_dealt_resisted":17,"minecraft:time_since_death":8514,"minecraft:climb_one_cm":4520,"minecraft:sprint_one_cm":113540,"minecraft:walk_one_cm":166161,"minecraft:drop":27,"minecraft:play_time":81280,"minecraft:sneak_time":388,"minecraft:deaths":11,"minecraft:walk_under_water_one_cm":38226,"minecraft:jump":984,"minecraft:walk_on_water_one_cm":58486,"minecraft:total_world_time":81280,"minecraft:interact_with_furnace":27,"minecraft:time_since_rest":7763,"minecraft:damage_taken":2881,"minecraft:damage_dealt":4312,"minecraft:fly_one_cm":133938,"minecraft:swim_one_cm":23660,"minecraft:open_chest":3,"minecraft:crouch_one_cm":412,"tombstone:undead_killed":3,"minecraft:fall_one_cm":14198}},"DataVersion":3465}