{"stats":{"minecraft:picked_up":{"iceandfire:dragon_skull_lightning":3,"minecraft:cocoa_beans":3,"minecraft:charcoal":2,"minecraft:crafting_table":13,"minecraft:chicken":1,"minecraft:clay_ball":16,"iceandfire:fire_lily":1,"minecraft:stripped_mangrove_log":2,"alexsmobs:gazelle_horn":1,"minecraft:string":5,"minecraft:waxed_cut_copper_slab":20,"minecraft:raw_copper":66,"minecraft:item_frame":2,"epicsamurai:jade":34,"spartanshields:stone_tower_shield":1,"minecraft:cyan_carpet":1,"minecraft:beetroot":3,"minecraft:cobbled_deepslate":91,"minecraft:spruce_planks":3,"minecraft:beef":9,"minecraft:oak_boat":1,"minecraft:player_head":1,"minecraft:poppy":1,"minecraft:melon_slice":81,"minecraft:sugar_cane":8,"minecraft:egg":6,"minecraft:stick":16,"minecraft:raw_iron":24,"iceandfire:dragonbone":116,"minecraft:stripped_mangrove_wood":2,"minecraft:acacia_log":6,"iceandfire:silver_ore":1,"minecraft:note_block":9,"minecraft:porkchop":1,"minecraft:pointed_dripstone":2,"minecraft:diorite":29,"minecraft:redstone":44,"minecraft:dark_oak_planks":6,"mowziesmobs:umvuthana_mask_faith":6,"minecraft:arrow":20,"minecraft:rotten_flesh":39,"minecraft:beetroot_seeds":1,"minecraft:hay_block":2,"mowziesmobs:umvuthana_mask_bliss":5,"minecraft:glistering_melon_slice":5,"iceandfire:deepslate_silver_ore":1,"rpgsmw:edmantium":1,"minecraft:mutton":5,"minecraft:white_wool":3,"minecraft:cobblestone":469,"minecraft:oxeye_daisy":1,"mowziesmobs:umvuthana_mask_fury":1,"rpgsmw:stone_knife":1,"minecraft:feather":33,"minecraft:andesite":30,"minecraft:jungle_log":1,"minecraft:leather":12,"rpgsmw:iron_knife":1,"minecraft:potato":12,"minecraft:flint":4,"minecraft:oak_log":14,"minecraft:yellow_bed":6,"simpletomb:grave_key":2,"minecraft:dirt":103,"minecraft:leather_boots":1,"minecraft:cooked_mutton":1,"minecraft:bone":18,"minecraft:acacia_planks":4,"minecraft:bow":1,"minecraft:wheat_seeds":8,"minecraft:iron_ingot":18,"mowziesmobs:umvuthana_mask_misery":3,"minecraft:mangrove_planks":3,"epicsamurai:raw_silver":6,"minecraft:oak_planks":7,"minecraft:dark_oak_stairs":1,"minecraft:book":18,"minecraft:polished_andesite_stairs":2,"minecraft:cooked_porkchop":1,"mowziesmobs:clawed_log":2,"minecraft:chiseled_stone_bricks":2,"minecraft:spider_eye":1,"minecraft:blast_furnace":3,"minecraft:white_bed":3,"minecraft:cyan_bed":1,"minecraft:mossy_cobblestone":4,"alexsmobs:animal_dictionary":1,"minecraft:leather_helmet":1,"minecraft:diamond":4,"minecraft:lever":3,"minecraft:acacia_slab":1,"minecraft:granite":4,"minecraft:golden_apple":1,"minecraft:bread":67,"mowziesmobs:umvuthana_mask_fear":3,"minecraft:oak_sapling":4,"epicsamurai:ruby":1,"minecraft:dark_oak_fence":2,"minecraft:coal":18},"minecraft:killed_by":{"minecraft:player":5,"minecraft:creeper":2,"epicsamurai:onibi":2,"minecraft:spider":2,"mowziesmobs:umvuthi":7,"mowziesmobs:umvuthana":9,"minecraft:skeleton":15,"alexsmobs:rhinoceros":1,"minecraft:zombie":3,"iceandfire:ghost":1,"epicsamurai:kitsune":1},"minecraft:used":{"minecraft:stone_sword":128,"minecraft:poppy":1,"minecraft:iron_sword":174,"minecraft:rotten_flesh":26,"simpletomb:grave_key":57,"minecraft:mutton":2,"minecraft:dirt":28,"minecraft:carrot":3,"minecraft:obsidian":2,"minecraft:beef":9,"minecraft:bow":5,"minecraft:waxed_cut_copper_slab":7,"minecraft:furnace":1,"minecraft:oak_sapling":4,"minecraft:cobbled_deepslate":91,"minecraft:acacia_planks":4,"minecraft:cooked_mutton":1,"minecraft:water_bucket":22,"minecraft:diorite":8,"minecraft:stone_pickaxe":261,"minecraft:oak_planks":20,"minecraft:wooden_pickaxe":60,"minecraft:stripped_mangrove_wood":1,"minecraft:golden_apple":1,"rpgsmw:stone_knife":34,"spartanshields:diamond_basic_shield":1,"minecraft:crafting_table":17,"minecraft:blast_furnace":3,"minecraft:white_bed":2,"spartanshields:stone_tower_shield":23,"minecraft:note_block":3,"minecraft:cake":3,"minecraft:oak_log":1,"minecraft:apple":3,"minecraft:oxeye_daisy":1,"minecraft:chicken":1,"minecraft:melon_slice":73,"minecraft:bread":62,"minecraft:cyan_bed":1,"minecraft:iron_pickaxe":514,"rpgsmw:iron_knife":97,"minecraft:cobblestone":371,"minecraft:cooked_porkchop":1,"minecraft:porkchop":1,"minecraft:andesite":17,"minecraft:bucket":23,"minecraft:pumpkin_pie":7,"minecraft:yellow_bed":6,"alexsmobs:animal_dictionary":1,"iceandfire:fire_lily":1,"minecraft:beetroot":3,"iceandfire:deepslate_silver_ore":1},"minecraft:broken":{"minecraft:leather_helmet":1,"minecraft:stone_sword":1,"minecraft:wooden_pickaxe":1,"minecraft:stone_pickaxe":2,"minecraft:leather_boots":1,"minecraft:iron_pickaxe":2},"minecraft:custom":{"minecraft:mob_kills":68,"minecraft:interact_with_crafting_table":38,"minecraft:open_barrel":9,"minecraft:damage_dealt_resisted":30,"minecraft:eat_cake_slice":18,"minecraft:leave_game":2,"minecraft:time_since_death":176,"minecraft:climb_one_cm":9827,"minecraft:damage_resisted":2230,"minecraft:sprint_one_cm":814040,"minecraft:walk_one_cm":770035,"minecraft:damage_blocked_by_shield":888,"minecraft:drop":194,"minecraft:play_noteblock":6,"minecraft:talked_to_villager":12,"minecraft:play_time":340192,"minecraft:sneak_time":1680,"minecraft:deaths":55,"minecraft:walk_under_water_one_cm":30098,"minecraft:boat_one_cm":3835,"minecraft:jump":7587,"minecraft:interact_with_blast_furnace":21,"minecraft:walk_on_water_one_cm":66964,"minecraft:total_world_time":340192,"minecraft:interact_with_furnace":12,"spartanshields:shield_bash_hits":3,"minecraft:traded_with_villager":1,"minecraft:tune_noteblock":37,"minecraft:sleep_in_bed":18,"minecraft:time_since_rest":200,"minecraft:damage_taken":21396,"minecraft:damage_absorbed":40,"minecraft:damage_dealt":11397,"minecraft:player_kills":4,"minecraft:swim_one_cm":60267,"minecraft:fly_one_cm":1308310,"minecraft:open_chest":29,"minecraft:crouch_one_cm":5789,"minecraft:fall_one_cm":335694},"minecraft:mined":{"minecraft:waxed_cut_copper_slab":9,"minecraft:white_bed":3,"minecraft:spruce_planks":3,"iceandfire:silver_ore":1,"minecraft:oak_sapling":1,"minecraft:mossy_cobblestone":7,"minecraft:stripped_mangrove_log":1,"minecraft:deepslate_diamond_ore":4,"minecraft:jungle_leaves":4,"minecraft:red_nether_bricks":1,"mowziesmobs:clawed_log":1,"minecraft:lever":1,"minecraft:granite":3,"minecraft:dark_oak_fence":1,"minecraft:acacia_log":7,"minecraft:grass_block":47,"minecraft:jungle_log":1,"minecraft:light_gray_bed":3,"iceandfire:deepslate_silver_ore":2,"minecraft:acacia_slab":1,"minecraft:chiseled_stone_bricks":3,"minecraft:hay_block":1,"epicsamurai:deepslate_jade_ore":17,"minecraft:iron_ore":22,"minecraft:sticky_piston":1,"minecraft:cobbled_deepslate":1,"minecraft:andesite":29,"minecraft:deepslate_lapis_ore":1,"minecraft:polished_deepslate":3,"minecraft:bookshelf":2,"minecraft:vine":1,"minecraft:deepslate_iron_ore":3,"epicsamurai:deepslate_silver_ore":6,"minecraft:stripped_mangrove_wood":2,"minecraft:stone":460,"minecraft:player_head":1,"minecraft:deepslate_redstone_ore":5,"minecraft:glass_pane":4,"minecraft:clay":4,"minecraft:crafting_table":13,"minecraft:note_block":5,"minecraft:blast_furnace":5,"minecraft:polished_andesite_stairs":2,"minecraft:calcite":1,"minecraft:melon":15,"minecraft:campfire":1,"iceandfire:fire_lily":1,"minecraft:copper_ore":9,"minecraft:tall_grass":8,"minecraft:cobblestone":34,"minecraft:cyan_bed":1,"minecraft:sugar_cane":3,"minecraft:diorite":41,"minecraft:repeater":1,"rpgsmw:mineral_ore":1,"minecraft:yellow_bed":6,"minecraft:grass":80,"minecraft:oak_log":11,"minecraft:coal_ore":18,"minecraft:cocoa":1,"minecraft:gravel":14,"minecraft:dirt":39,"minecraft:acacia_planks":2,"minecraft:deepslate":88,"minecraft:oak_leaves":71,"minecraft:fern":9,"epicsamurai:ruby_ore":1,"minecraft:dark_oak_planks":4},"minecraft:killed":{"alexsmobs:raccoon":2,"minecraft:spider":4,"minecraft:skeleton":11,"minecraft:horse":6,"minecraft:chicken":1,"mowziesmobs:umvuthana_crane":3,"minecraft:drowned":1,"mowziesmobs:umvuthana":7,"minecraft:husk":5,"minecraft:pig":1,"minecraft:salmon":1,"alexsmobs:seal":3,"minecraft:iron_golem":1,"minecraft:sheep":2,"minecraft:zombie":11,"alexsmobs:terrapin":1,"alexsmobs:gazelle":1,"minecraft:villager":1,"minecraft:cow":4},"minecraft:crafted":{"epicsamurai:silver_ingot":6,"minecraft:oak_planks":48,"spartanshields:wooden_tower_shield":1,"minecraft:furnace":1,"rpgsmw:iron_knife":1,"spartanshields:diamond_basic_shield":1,"spartanshields:stone_tower_shield":1,"minecraft:stone_pickaxe":2,"rpgsmw:woodenfiber":1,"minecraft:emerald":1,"minecraft:crafting_table":5,"minecraft:wooden_pickaxe":1,"minecraft:iron_helmet":1,"minecraft:iron_sword":1,"minecraft:copper_ingot":12,"minecraft:bucket":1,"minecraft:jungle_planks":4,"minecraft:air":0,"rpgsmw:stone_knife":1,"minecraft:iron_chestplate":1,"minecraft:stick":40,"minecraft:iron_ingot":24,"minecraft:iron_pickaxe":3,"minecraft:stone_sword":1,"spartanshields:wooden_basic_shield":1,"minecraft:acacia_planks":24},"minecraft:dropped":{"minecraft:iron_ingot":4,"minecraft:bread":25,"minecraft:dark_oak_stairs":1,"minecraft:stripped_mangrove_wood":1,"minecraft:wheat_seeds":6,"minecraft:oak_log":1,"minecraft:mossy_cobblestone":2,"minecraft:crafting_table":1,"minecraft:cooked_porkchop":1,"simpletomb:grave_key":3,"mowziesmobs:umvuthana_mask_faith":2,"minecraft:feather":11,"minecraft:cobblestone":48,"mowziesmobs:umvuthana_mask_fear":2,"minecraft:granite":2,"minecraft:mangrove_planks":3,"minecraft:item_frame":2,"minecraft:stick":32,"minecraft:emerald":1,"spartanshields:stone_tower_shield":1,"minecraft:dirt":59,"minecraft:diorite":13,"minecraft:dark_oak_fence":2,"mowziesmobs:umvuthana_mask_bliss":3,"minecraft:melon_slice":6,"minecraft:potion":1,"minecraft:pumpkin_pie":3,"minecraft:polished_andesite_stairs":2,"minecraft:string":2,"minecraft:dark_oak_planks":2,"minecraft:white_wool":3,"iceandfire:dragonbone":68,"minecraft:bone":1,"minecraft:sugar_cane":8,"alexsmobs:gazelle_horn":1,"minecraft:player_head":1,"minecraft:cocoa_beans":3,"minecraft:raw_copper":4,"minecraft:oak_planks":6,"minecraft:pointed_dripstone":2,"minecraft:obsidian":2,"minecraft:rotten_flesh":11,"iceandfire:silver_ore":1,"minecraft:hay_block":2,"mowziesmobs:umvuthana_mask_misery":2,"minecraft:spruce_planks":1,"mowziesmobs:clawed_log":1,"minecraft:andesite":13,"minecraft:oak_boat":1,"minecraft:spider_eye":1,"rpgsmw:iron_knife":1,"minecraft:arrow":14,"minecraft:bow":1,"minecraft:stripped_mangrove_log":1,"mowziesmobs:umvuthana_mask_fury":1,"minecraft:egg":2}},"DataVersion":3120}