{"stats":{"minecraft:mined":{"minecraft:dark_oak_planks":4,"minecraft:spruce_planks":7,"aether:cold_aercloud":15,"luminousworld:yellowpetunias":2,"minecraft:black_terracotta":3,"iceandfire:copper_pile":24,"sophisticatedbackpacks:gold_backpack":2,"minecraft:granite":221,"minecraft:acacia_log":19,"minecraft:grass_block":1,"luminousworld:bao_bob_wood":3,"iceandfire:lectern":1,"luminousworld:baobab_plank":2,"minecraft:mud_bricks":53,"minecraft:spawner":17,"luminousworld:savanna_grass_2":20,"minecraft:tall_seagrass":5,"minecraft:glowstone":1,"minecraft:iron_ore":110,"minecraft:fire":8,"minecraft:cobbled_deepslate":3,"minecraft:stripped_dark_oak_wood":7,"supplementaries:stick":2,"ad_astra:fuel_refinery":1,"minecraft:player_head":4,"minecraft:deepslate_redstone_ore":17,"luminousworld:tall_deadbush":10,"minecraft:melon_stem":5,"minecraft:player_wall_head":1,"minecraft:orange_terracotta":20,"minecraft:blue_stained_glass":1,"iceandfire:podium_acacia":1,"iceandfire:myrmex_desert_resin_glass":1,"born_in_chaos_v1:infected_deepslate_diamond_ore":1,"minecraft:torch":3,"minecraft:dark_oak_wood":6,"minecraft:oxidized_copper":1,"minecraft:poppy":2,"minecraft:glass":11,"minecraft:cobblestone":59,"minecraft:sugar_cane":3,"minecraft:wall_torch":4,"minecraft:seagrass":3,"minecraft:dark_oak_slab":1,"ecologics:seashell":1,"sophisticatedbackpacks:diamond_backpack":1,"minecraft:mud":20,"aether:aether_grass_block":4,"minecraft:birch_trapdoor":1,"luminousworld:bao_bob_log":15,"minecraft:wheat":397,"minecraft:smooth_stone_slab":7,"minecraft:grass":42,"minecraft:dirt":15,"minecraft:acacia_fence":5,"minecraft:sand":16,"placeablesmod:emerald_block_1":2,"luminousworld:grassvariant_3":1,"minecraft:mangrove_log":1,"minecraft:yellow_terracotta":10,"minecraft:deepslate":172,"minecraft:emerald_block":1,"luminousworld:savannah_ground":14,"luminousworld:savannah_grass_4":12,"minecraft:oak_leaves":10,"luminousworld:groundpebbles_1":3,"minecraft:red_carpet":1,"iceandfire:silver_ore":12,"ecologics:coconut_planks":2,"minecraft:mossy_cobblestone":3,"luminousworld:grassvariant_4":1,"minecraft:mangrove_roots":17,"born_in_chaos_v1:black_argillite":7,"luminousworld:grassvariant_2":1,"ecologics:coconut_log":4,"minecraft:acacia_slab":1,"quark:acacia_chest":2,"minecraft:birch_slab":1,"minecraft:sandstone":8,"minecraft:moss_block":3,"minecraft:mangrove_propagule":1,"quark:jasper":4,"minecraft:hay_block":23,"minecraft:redstone_ore":1,"aether:aether_dirt":5,"minecraft:packed_mud":8,"luminousworld:yellow_grassflowers":1,"minecraft:acacia_wood":2,"minecraft:acacia_stairs":2,"minecraft:andesite":308,"minecraft:bookshelf":2,"minecraft:potatoes":19,"minecraft:deepslate_iron_ore":3,"minecraft:vine":3,"minecraft:bamboo":55,"minecraft:stone":1900,"sophisticatedbackpacks:backpack":1,"luminousworld:savannah_soil":46,"minecraft:scaffolding":2,"minecraft:acacia_leaves":11,"minecraft:glass_pane":18,"minecraft:dandelion":46,"minecraft:crafting_table":8,"luminousworld:savannah_grass_1":29,"minecraft:lime_carpet":8,"minecraft:copper_ore":13,"minecraft:tall_grass":8,"minecraft:lapis_ore":15,"minecraft:diorite":317,"minecraft:orange_carpet":3,"supplementaries:urn":10,"aether:skyroot_leaves":2,"minecraft:black_stained_glass":2,"minecraft:acacia_fence_gate":1,"minecraft:beehive":1,"minecraft:purple_stained_glass":2,"minecraft:white_carpet":16,"minecraft:mangrove_leaves":14,"minecraft:yellow_bed":1,"minecraft:red_wall_banner":1,"minecraft:coal_ore":168,"luminousworld:ishstone":130,"ad_astra:oxygen_loader":1,"minecraft:zombie_head":1,"minecraft:gravel":12,"minecraft:cobweb":20,"minecraft:acacia_planks":4,"luminousworld:elephant_grass":5,"minecraft:fern":3},"minecraft:crafted":{"minecraft:barrel":4,"ad_astra:launch_pad":1,"hangglider:hang_glider":1,"minecraft:lightning_rod":2,"sophisticatedbackpacks:crafting_upgrade":1,"minecraft:glass":14,"ad_astra:oxygen_gear":1,"minecraft:honey_bottle":8,"sophisticatedbackpacks:copper_backpack":2,"tombstone:grave_key":3,"minecraft:chest":2,"ad_astra:space_helmet":1,"ad_astra:oxygen_loader":1,"minecraft:glass_bottle":6,"minecraft:emerald":19,"sophisticatedbackpacks:backpack":2,"minecraft:crafting_table":8,"minecraft:wooden_pickaxe":1,"minecraft:green_bed":1,"minecraft:golden_pickaxe":2,"minecraft:copper_ingot":14,"sophisticatedbackpacks:upgrade_base":1,"minecraft:iron_chestplate":1,"minecraft:diamond_pickaxe":1,"minecraft:charcoal":14,"minecraft:shield":1,"sophisticatedbackpacks:diamond_backpack":2,"minecraft:stick":160,"minecraft:iron_ingot":102,"minecraft:iron_pickaxe":2,"minecraft:gold_ingot":2,"hangglider:glider_framework":2,"ad_astra:iron_rod":4,"vanillaplustools:stone_hammer":3,"ecologics:coconut_planks":16,"ad_astra:gas_tank":6,"ad_astra:fan":1,"minecraft:furnace":3,"hangglider:glider_wing":2,"minecraft:glass_pane":16,"quark:acacia_chest":2,"minecraft:leather":35,"ad_astra:steel_tank":2,"ad_astra:steel_block":1,"ad_astra:steel_rod":16,"ecologics:coconut_slab":6,"minecraft:stone_pickaxe":27,"luminousworld:baobab_slab":6,"minecraft:redstone_block":1,"minecraft:dark_oak_planks":64,"minecraft:wheat":233,"sophisticatedbackpacks:iron_backpack":2,"ad_astra:space_pants":1,"ad_astra:rocket_nose_cone":1,"ad_astra:space_boots":1,"ad_astra:space_suit":1,"minecraft:iron_sword":1,"sophisticatedbackpacks:gold_backpack":2,"minecraft:mangrove_planks":4,"minecraft:bucket":1,"minecraft:bread":12,"minecraft:air":0,"minecraft:acacia_planks":80,"minecraft:torch":212,"luminousworld:baobab_plank":132},"minecraft:picked_up":{"ad_astra:space_suit":1,"minecraft:iron_chestplate":1,"minecraft:wheat":351,"minecraft:black_carpet":3,"minecraft:suspicious_stew":1,"minecraft:lead":3,"minecraft:diamond_sword":1,"iceandfire:armor_copper_metal_chestplate":1,"minecraft:enchanted_book":1,"tombstone:grave_key":3,"born_in_chaos_v1:black_argillite":1,"minecraft:string":45,"minecraft:dark_oak_trapdoor":1,"minecraft:raw_copper":58,"minecraft:smooth_stone_slab":6,"minecraft:experience_bottle":1,"minecraft:zombie_head":1,"minecraft:gold_nugget":18,"minecraft:cobbled_deepslate":171,"minecraft:bucket":1,"minecraft:spruce_planks":4,"minecraft:acacia_fence_gate":1,"minecraft:redstone_torch":2,"ad_astra:fuel_bucket":1,"quark:black_shard":3,"minecraft:iron_pickaxe":2,"minecraft:azalea_leaves":2,"hangglider:hang_glider":1,"minecraft:mangrove_log":1,"ecologics:crab_claw":1,"minecraft:stick":35,"minecraft:acacia_fence":8,"minecraft:birch_trapdoor":1,"minecraft:torch":16,"minecraft:acacia_log":19,"hangglider:glider_framework":1,"luminousworld:savannah_soil":93,"tombstone:grave_dust":12,"minecraft:diorite":240,"ad_astra:oxygen_loader":1,"ad_astra:space_boots":1,"minecraft:lime_carpet":8,"quark:clear_shard":31,"minecraft:honey_bottle":1,"minecraft:rotten_flesh":78,"luminousworld:yellow_grassflowers":2,"minecraft:tropical_fish":1,"artifacts:villager_hat":1,"ecologics:coconut_log":5,"minecraft:glowstone":1,"minecraft:green_wool":10,"minecraft:mangrove_roots":17,"luminousworld:tall_deadbush":11,"supplementaries:ash":37,"ad_astra:iron_rod":3,"minecraft:cobblestone":1932,"luminousworld:savannah_ground":15,"minecraft:oxidized_copper":1,"minecraft:feather":3,"minecraft:cooked_beef":21,"minecraft:birch_slab":1,"minecraft:andesite":320,"ecologics:coconut_planks":2,"minecraft:orange_carpet":2,"minecraft:potato":86,"minecraft:flint":2,"supplementaries:flax_seeds":3,"minecraft:lapis_lazuli":113,"minecraft:dirt":48,"minecraft:lantern":2,"born_in_chaos_v1:monster_skin":2,"minecraft:bone":34,"minecraft:acacia_planks":15,"undead_revamp2:blacpetalblock":1,"minecraft:bow":1,"ad_astra:fuel_refinery":2,"minecraft:wheat_seeds":817,"quark:purple_shard":4,"luminousworld:elephant_grass":12,"aether:cold_aercloud":15,"minecraft:bamboo":610,"minecraft:glowstone_dust":9,"minecraft:moss_block":7,"minecraft:pitcher_pod":10,"minecraft:glow_lichen":2,"minecraft:black_terracotta":8,"minecraft:cooked_porkchop":3,"ad_astra:space_pants":2,"minecraft:sand":20,"sophisticatedbackpacks:iron_backpack":1,"minecraft:acacia_stairs":2,"minecraft:barrel":1,"minecraft:mossy_cobblestone":1,"undead_revamp2:heavytooth":1,"quark:jasper":4,"ad_astra:iron_plate":7,"minecraft:diamond":4,"luminousworld:yellowpetunias":1,"iceandfire:lectern":1,"minecraft:soul_lantern":1,"ad_astra:oil_bucket":1,"minecraft:granite":167,"aether:swet_ball":1,"minecraft:golden_apple":6,"minecraft:chainmail_helmet":1,"minecraft:emerald":13,"minecraft:bread":3,"born_in_chaos_v1:rotten_fish":7,"minecraft:oak_sapling":1,"luminousworld:bao_bob_log":32,"iceandfire:raw_silver":18,"aether:blue_aercloud":1,"minecraft:cocoa_beans":7,"minecraft:diamond_pickaxe":1,"luminousworld:groundpebbles_1":4,"born_in_chaos_v1:diamond_termite_shard":1,"iceandfire:dragon_skull_lightning":1,"minecraft:mud":14,"sophisticatedbackpacks:gold_backpack":2,"minecraft:crafting_table":9,"aether:aether_dirt":9,"ecologics:seashell":1,"luminousworld:bao_bob_wood":6,"ad_astra:tier_1_rocket":1,"minecraft:chain":1,"aether:leather_gloves":2,"minecraft:moss_carpet":5,"minecraft:iron_axe":1,"born_in_chaos_v1:intoxicating_decoction":1,"minecraft:item_frame":4,"minecraft:white_carpet":17,"minecraft:glass_pane":40,"iceandfire:bestiary":1,"minecraft:beef":3,"minecraft:player_head":5,"minecraft:iron_nugget":13,"minecraft:poppy":3,"minecraft:sugar_cane":8,"iceandfire:podium_acacia":1,"minecraft:raw_iron":113,"minecraft:sandstone":7,"iceandfire:dragonbone":4,"ecologics:coconut_slice":6,"minecraft:copper_ingot":11,"minecraft:bowl":1,"sophisticatedbackpacks:backpack":1,"minecraft:stone_button":1,"minecraft:cookie":5,"minecraft:carrot":13,"minecraft:redstone":118,"minecraft:dark_oak_planks":4,"ad_astra:steel_plate":4,"luminousworld:baobab_plank":3,"minecraft:arrow":15,"minecraft:diamond_chestplate":2,"minecraft:beetroot_seeds":2,"quark:acacia_chest":2,"minecraft:hay_block":26,"minecraft:stripped_dark_oak_wood":6,"minecraft:yellow_terracotta":7,"born_in_chaos_v1:spiny_shell":8,"minecraft:gold_ingot":17,"minecraft:mutton":1,"minecraft:white_wool":1,"mowziesmobs:umvuthana_mask_fury":1,"born_in_chaos_v1:corpse_maggot":24,"minecraft:mud_bricks":54,"born_in_chaos_v1:monster_flesh":1,"luminousworld:ishstone":146,"minecraft:leather":18,"iceandfire:myrmex_desert_resin_glass":1,"minecraft:acacia_wood":2,"aether:cold_parachute":1,"minecraft:packed_mud":8,"quark:blue_shard":4,"minecraft:yellow_bed":1,"minecraft:gunpowder":3,"iceandfire:armor_copper_metal_helmet":2,"quark:forgotten_hat":1,"minecraft:orange_terracotta":20,"minecraft:iron_ingot":10,"minecraft:stone_pickaxe":4,"minecraft:cobweb":3,"tombstone:bag_of_seeds":1,"minecraft:glass_bottle":4,"minecraft:iron_sword":1,"minecraft:acacia_sapling":5,"sophisticatedbackpacks:diamond_backpack":1,"minecraft:book":6,"minecraft:scaffolding":2,"iceandfire:copper_nugget":168,"minecraft:dark_oak_slab":1,"minecraft:emerald_block":1,"minecraft:dandelion":44,"minecraft:gravel":6,"ad_astra:space_helmet":1,"minecraft:red_banner":1,"minecraft:spider_eye":3,"minecraft:pumpkin_seeds":6,"minecraft:slime_ball":1,"iceandfire:silver_sword":1,"minecraft:iron_helmet":2,"minecraft:painting":2,"mowziesmobs:umvuthana_mask_fear":1,"minecraft:brown_banner":7,"minecraft:acacia_slab":2,"minecraft:melon_seeds":13,"minecraft:dark_oak_wood":6,"minecraft:coal":166,"minecraft:mangrove_propagule":1},"minecraft:killed":{"undead_revamp2:thewolf":1,"born_in_chaos_v1:zombie_clown":1,"minecraft:spider":4,"undead_revamp2:thesmoker":3,"quark:forgotten":1,"undead_revamp2:theswarmer":2,"minecraft:skeleton":4,"luminousworld:ringlet":2,"ecologics:coconut_crab":1,"undead_revamp2:therod":1,"aether:blue_swet":1,"minecraft:pig":1,"undead_revamp2:theheavy":1,"minecraft:creeper":1,"luminousworld:crab":3,"minecraft:trader_llama":1,"luminousworld:savannah_skeleton":4,"minecraft:zombie":9,"born_in_chaos_v1:dread_hound":1,"born_in_chaos_v1:corpse_fly":17,"alexsmobs:terrapin":2,"enemyexpansion:botfly":2,"born_in_chaos_v1:door_knight":1,"minecraft:cow":5,"undead_revamp2:theimmortal":4,"undead_revamp2:thegliter":1,"aether:golden_swet":1,"enemyexpansion:vampbiter":1,"born_in_chaos_v1:thornshell_crab":1,"minecraft:slime":1,"enemyexpansion:direwolf":1,"born_in_chaos_v1:zombie_bruiser":1,"born_in_chaos_v1:maggot":7,"luminousworld:swamp_skeleton":4,"takesapillage:clay_golem":1,"born_in_chaos_v1:corpse_fish":1,"undead_revamp2:thehorrors":1,"undead_revamp2:sucker":1,"luminousworld:savannah_zombie":6,"friendsandfoes:copper_golem":5,"undead_revamp2:the_moonflower":10,"mowziesmobs:umvuthana_follower_raptor":2,"born_in_chaos_v1:decrepit_skeleton":1,"born_in_chaos_v1:bloody_gadfly":1,"undead_revamp2:thesomnolence":7,"luminousworld:swamp_zombie":1,"alexsmobs:gazelle":2,"enemyexpansion:huntsman":1},"minecraft:broken":{"minecraft:iron_leggings":1,"minecraft:stone_pickaxe":1,"quark:forgotten_hat":1,"aether:golden_parachute":1,"minecraft:chainmail_helmet":1,"vanillaplustools:stone_hammer":2,"aether:cold_parachute":1,"minecraft:golden_pickaxe":2},"minecraft:dropped":{"minecraft:moss_block":6,"minecraft:glass_bottle":3,"minecraft:diamond":5,"minecraft:crafting_table":3,"minecraft:cooked_porkchop":1,"minecraft:pitcher_pod":3,"minecraft:leather":3,"minecraft:flint":1,"minecraft:item_frame":1,"ad_astra:steel_tank":1,"minecraft:emerald":1,"minecraft:dirt":28,"minecraft:sand":1,"ad_astra:steel_plate":8,"minecraft:green_wool":2,"minecraft:bone":1,"minecraft:gravel":1,"hangglider:glider_framework":1,"minecraft:wheat":71,"minecraft:soul_lantern":1,"minecraft:rotten_flesh":2,"aether:leather_gloves":1,"ad_astra:iron_rod":1,"minecraft:glowstone_dust":6,"luminousworld:savannah_soil":44,"minecraft:honey_bottle":1,"minecraft:carrot":13,"supplementaries:ash":1,"luminousworld:baobab_plank":21,"minecraft:beetroot_seeds":2,"ad_astra:space_suit":1,"minecraft:melon_seeds":3,"born_in_chaos_v1:corpse_maggot":2,"minecraft:glowstone":1,"minecraft:acacia_slab":1,"minecraft:painting":1,"minecraft:beef":3,"aether:blue_aercloud":1,"ad_astra:space_helmet":1,"minecraft:enchanted_book":1,"minecraft:iron_ingot":12,"minecraft:bread":1,"minecraft:wheat_seeds":597,"aether:cold_aercloud":2,"luminousworld:ishstone":16,"ad_astra:space_pants":2,"minecraft:cobblestone":162,"minecraft:lead":3,"ad_astra:space_boots":1,"minecraft:granite":106,"ad_astra:steel_block":1,"minecraft:coal":25,"minecraft:golden_apple":10,"minecraft:stick":10,"born_in_chaos_v1:black_argillite":1,"ad_astra:fuel_bucket":1,"minecraft:diorite":64,"tombstone:grave_key":3,"tombstone:grave_dust":3,"minecraft:mud":1,"minecraft:bucket":1,"minecraft:string":15,"minecraft:acacia_planks":12,"minecraft:moss_carpet":2,"minecraft:raw_copper":15,"minecraft:cocoa_beans":4,"minecraft:bowl":2,"iceandfire:armor_copper_metal_helmet":1,"aether:aether_dirt":3,"ad_astra:tier_1_rocket":1,"minecraft:glass_pane":37,"minecraft:pumpkin_seeds":3,"luminousworld:yellow_grassflowers":2,"ecologics:coconut_slab":2,"minecraft:potato":4,"aether:diamond_gloves":1,"minecraft:diamond_pickaxe":1,"minecraft:iron_chestplate":2,"minecraft:andesite":66,"minecraft:barrel":1,"minecraft:slime_ball":2,"minecraft:sandstone":2,"luminousworld:elephant_grass":6,"minecraft:bow":1,"minecraft:stone_pickaxe":3},"minecraft:killed_by":{"mutantmonsters:mutant_zombie":3,"undead_revamp2:the_moonflower":3,"minecraft:wither_skeleton":8,"minecraft:creeper":3,"mowziesmobs:umvuthana_follower_raptor":1,"born_in_chaos_v1:corpse_fly":4,"enemyexpansion:sprinter":1,"minecraft:zombie":1,"undead_revamp2:thesmoker":1,"undead_revamp2:thepregnant":1,"undead_revamp2:theimmortal":1,"minecraft:player":1,"born_in_chaos_v1:restless_spirit":1,"born_in_chaos_v1:zombie_clown":1,"undead_revamp2:theswarmer":1,"undead_revamp2:thespitter":1,"undead_revamp2:thehunter":2,"minecraft:skeleton":18,"luminousworld:savannah_zombie":1,"ecologics:coconut_crab":1,"born_in_chaos_v1:missioner":1,"born_in_chaos_v1:dread_hound":1,"luminousworld:savannah_skeleton":1},"minecraft:used":{"minecraft:moss_carpet":2,"minecraft:shield":1,"minecraft:iron_sword":56,"luminousworld:savannah_ground":9,"ecologics:coconut_planks":2,"minecraft:player_head":2,"minecraft:rotten_flesh":14,"minecraft:iron_chestplate":3,"minecraft:honey_bottle":16,"sophisticatedbackpacks:diamond_backpack":1,"born_in_chaos_v1:corpse_maggot":7,"minecraft:stripped_dark_oak_wood":3,"minecraft:packed_mud":8,"minecraft:iron_helmet":1,"minecraft:dark_oak_slab":1,"luminousworld:elephant_grass":4,"minecraft:item_frame":7,"ad_astra:oxygen_loader":2,"minecraft:birch_trapdoor":1,"minecraft:mangrove_roots":16,"supplementaries:ash":2,"minecraft:furnace":3,"minecraft:acacia_fence":3,"minecraft:potato":27,"minecraft:diorite":71,"minecraft:stone_pickaxe":54,"minecraft:wooden_pickaxe":54,"minecraft:sandstone":1,"minecraft:chainmail_helmet":2,"minecraft:cookie":2,"luminousworld:baobab_plank":32,"minecraft:golden_apple":28,"minecraft:sand":7,"minecraft:yellow_terracotta":7,"minecraft:black_terracotta":7,"sophisticatedbackpacks:backpack":1,"tombstone:grave_key":2,"iceandfire:armor_copper_metal_chestplate":1,"minecraft:lime_carpet":8,"minecraft:bread":23,"ad_astra:fuel_bucket":1,"ad_astra:launch_pad":1,"supplementaries:flax_seeds":2,"minecraft:diamond_sword":517,"born_in_chaos_v1:rotten_fish":2,"minecraft:andesite":131,"minecraft:golden_pickaxe":64,"ad_astra:fuel_refinery":2,"minecraft:cobweb":13,"iceandfire:silver_sword":203,"undead_revamp2:blacpetalblock":1,"aether:cold_aercloud":2,"aether:aether_dirt":6,"luminousworld:tall_deadbush":11,"minecraft:spruce_planks":4,"vanillaplustools:stone_hammer":383,"minecraft:stick":2,"minecraft:torch":99,"minecraft:dirt":25,"minecraft:white_carpet":17,"minecraft:golden_chestplate":1,"minecraft:granite":2,"minecraft:dark_oak_planks":65,"minecraft:acacia_slab":1,"minecraft:mud_bricks":53,"minecraft:barrel":4,"minecraft:bamboo":460,"minecraft:diamond_chestplate":1,"luminousworld:savannah_soil":23,"minecraft:oxidized_copper":1,"tombstone:gift":5,"minecraft:cooked_beef":12,"minecraft:cobbled_deepslate":166,"minecraft:acacia_planks":23,"aether:cold_parachute":1,"minecraft:orange_terracotta":19,"sophisticatedbackpacks:gold_backpack":2,"minecraft:wheat_seeds":32,"minecraft:water_bucket":27,"luminousworld:ishstone":35,"minecraft:green_bed":1,"minecraft:mossy_cobblestone":1,"minecraft:orange_carpet":2,"minecraft:crafting_table":11,"tombstone:bag_of_seeds":5,"minecraft:mud":12,"minecraft:diamond_pickaxe":365,"minecraft:acacia_stairs":2,"minecraft:iron_pickaxe":203,"minecraft:suspicious_stew":1,"minecraft:acacia_fence_gate":1,"minecraft:cobblestone":796,"aether:golden_parachute":10,"ecologics:coconut_log":1,"minecraft:cooked_porkchop":2,"minecraft:bucket":42,"alexsmobs:animal_dictionary":2},"minecraft:custom":{"minecraft:animals_bred":3,"minecraft:interact_with_crafting_table":171,"minecraft:open_barrel":283,"minecraft:bell_ring":5,"minecraft:leave_game":7,"minecraft:time_since_death":57149,"minecraft:sprint_one_cm":1401612,"minecraft:damage_blocked_by_shield":30,"minecraft:drop":267,"minecraft:talked_to_villager":19,"minecraft:play_time":706526,"minecraft:deaths":68,"minecraft:jump":11431,"minecraft:walk_on_water_one_cm":313005,"minecraft:interact_with_furnace":139,"minecraft:traded_with_villager":18,"minecraft:sleep_in_bed":6,"minecraft:damage_dealt":31215,"minecraft:crouch_one_cm":13677,"tombstone:undead_killed":60,"minecraft:inspect_dispenser":1,"minecraft:interact_with_smoker":4,"minecraft:mob_kills":165,"minecraft:inspect_hopper":1,"minecraft:damage_dealt_resisted":758,"minecraft:climb_one_cm":57478,"minecraft:walk_one_cm":1443871,"minecraft:sneak_time":6939,"minecraft:walk_under_water_one_cm":361613,"minecraft:interact_with_blast_furnace":2,"minecraft:total_world_time":706526,"minecraft:interact_with_grindstone":1,"minecraft:time_since_rest":56771,"minecraft:damage_absorbed":686,"minecraft:damage_taken":26634,"minecraft:swim_one_cm":209039,"minecraft:fly_one_cm":2465466,"minecraft:open_chest":112,"minecraft:fall_one_cm":250947}},"DataVersion":3465}