{"stats":{"minecraft:custom":{"minecraft:animals_bred":3,"minecraft:interact_with_crafting_table":67,"minecraft:open_barrel":36,"minecraft:bell_ring":2,"minecraft:leave_game":5,"minecraft:time_since_death":31992,"minecraft:sprint_one_cm":933744,"minecraft:damage_blocked_by_shield":30,"minecraft:drop":158,"minecraft:talked_to_villager":17,"minecraft:play_time":347079,"minecraft:deaths":53,"minecraft:jump":5982,"minecraft:walk_on_water_one_cm":241168,"minecraft:interact_with_furnace":31,"minecraft:traded_with_villager":18,"minecraft:sleep_in_bed":3,"minecraft:damage_dealt":15840,"minecraft:crouch_one_cm":2568,"tombstone:undead_killed":29,"minecraft:mob_kills":83,"minecraft:inspect_hopper":1,"minecraft:damage_dealt_resisted":17,"minecraft:climb_one_cm":34511,"minecraft:walk_one_cm":779565,"minecraft:sneak_time":1429,"minecraft:walk_under_water_one_cm":305486,"minecraft:interact_with_blast_furnace":2,"minecraft:total_world_time":347079,"minecraft:interact_with_grindstone":1,"minecraft:time_since_rest":10804,"minecraft:damage_taken":16461,"minecraft:damage_absorbed":294,"minecraft:swim_one_cm":139521,"minecraft:fly_one_cm":1256281,"minecraft:open_chest":66,"minecraft:fall_one_cm":111845},"minecraft:picked_up":{"minecraft:iron_chestplate":1,"minecraft:wheat":190,"minecraft:black_carpet":3,"minecraft:suspicious_stew":1,"minecraft:diamond_sword":1,"iceandfire:armor_copper_metal_chestplate":1,"minecraft:enchanted_book":1,"tombstone:grave_key":3,"minecraft:string":13,"minecraft:dark_oak_trapdoor":1,"minecraft:cobbled_deepslate":155,"minecraft:spruce_planks":4,"quark:black_shard":3,"minecraft:azalea_leaves":2,"minecraft:mangrove_log":1,"ecologics:crab_claw":1,"minecraft:stick":18,"minecraft:acacia_fence":7,"minecraft:birch_trapdoor":1,"minecraft:torch":1,"minecraft:acacia_log":7,"luminousworld:savannah_soil":19,"hangglider:glider_framework":1,"tombstone:grave_dust":6,"minecraft:diorite":60,"minecraft:honey_bottle":1,"quark:clear_shard":31,"minecraft:rotten_flesh":39,"luminousworld:yellow_grassflowers":2,"minecraft:tropical_fish":1,"artifacts:villager_hat":1,"ecologics:coconut_log":3,"minecraft:mangrove_roots":8,"minecraft:green_wool":5,"luminousworld:tall_deadbush":7,"supplementaries:ash":17,"minecraft:cobblestone":469,"luminousworld:savannah_ground":12,"minecraft:feather":3,"minecraft:cooked_beef":21,"minecraft:birch_slab":1,"minecraft:andesite":97,"minecraft:lapis_lazuli":4,"minecraft:dirt":14,"minecraft:lantern":2,"born_in_chaos_v1:monster_skin":1,"minecraft:bone":13,"minecraft:acacia_planks":3,"undead_revamp2:blacpetalblock":1,"minecraft:bow":1,"minecraft:wheat_seeds":416,"quark:purple_shard":4,"luminousworld:elephant_grass":4,"aether:cold_aercloud":4,"minecraft:glowstone_dust":9,"minecraft:moss_block":7,"minecraft:pitcher_pod":10,"minecraft:glow_lichen":2,"minecraft:black_terracotta":8,"minecraft:cooked_porkchop":3,"minecraft:sand":4,"minecraft:barrel":1,"minecraft:mossy_cobblestone":1,"minecraft:soul_lantern":1,"minecraft:diamond":4,"iceandfire:lectern":1,"luminousworld:yellowpetunias":1,"minecraft:granite":75,"minecraft:golden_apple":6,"minecraft:emerald":12,"minecraft:chainmail_helmet":1,"born_in_chaos_v1:rotten_fish":2,"luminousworld:bao_bob_log":21,"luminousworld:groundpebbles_1":2,"iceandfire:dragon_skull_lightning":1,"minecraft:cocoa_beans":4,"minecraft:mud":8,"minecraft:crafting_table":4,"ecologics:seashell":1,"luminousworld:bao_bob_wood":5,"minecraft:chain":1,"aether:leather_gloves":2,"minecraft:moss_carpet":1,"born_in_chaos_v1:intoxicating_decoction":1,"minecraft:item_frame":3,"minecraft:white_carpet":2,"iceandfire:bestiary":1,"minecraft:beef":3,"minecraft:player_head":4,"minecraft:poppy":3,"iceandfire:podium_acacia":1,"minecraft:raw_iron":20,"iceandfire:dragonbone":4,"ecologics:coconut_slice":6,"minecraft:bowl":1,"minecraft:stone_button":1,"minecraft:carrot":13,"minecraft:dark_oak_planks":4,"luminousworld:baobab_plank":1,"minecraft:arrow":4,"minecraft:diamond_chestplate":1,"minecraft:beetroot_seeds":2,"quark:acacia_chest":1,"minecraft:hay_block":22,"minecraft:stripped_dark_oak_wood":6,"minecraft:gold_ingot":10,"minecraft:white_wool":1,"mowziesmobs:umvuthana_mask_fury":1,"born_in_chaos_v1:corpse_maggot":15,"minecraft:mud_bricks":54,"luminousworld:ishstone":23,"minecraft:leather":10,"minecraft:acacia_wood":1,"minecraft:packed_mud":8,"quark:blue_shard":2,"minecraft:gunpowder":2,"iceandfire:armor_copper_metal_helmet":2,"minecraft:iron_ingot":2,"minecraft:stone_pickaxe":4,"tombstone:bag_of_seeds":1,"minecraft:glass_bottle":3,"minecraft:acacia_sapling":2,"minecraft:scaffolding":1,"iceandfire:copper_nugget":34,"minecraft:dark_oak_slab":1,"minecraft:emerald_block":1,"minecraft:dandelion":44,"minecraft:gravel":1,"minecraft:spider_eye":1,"minecraft:pumpkin_seeds":6,"minecraft:slime_ball":1,"iceandfire:silver_sword":1,"mowziesmobs:umvuthana_mask_fear":1,"minecraft:acacia_slab":2,"minecraft:melon_seeds":6,"minecraft:dark_oak_wood":6,"minecraft:coal":14},"minecraft:used":{"minecraft:moss_carpet":1,"minecraft:shield":1,"minecraft:iron_sword":27,"luminousworld:savannah_ground":9,"minecraft:player_head":2,"minecraft:iron_chestplate":2,"minecraft:honey_bottle":10,"born_in_chaos_v1:corpse_maggot":7,"minecraft:stripped_dark_oak_wood":3,"minecraft:packed_mud":8,"minecraft:dark_oak_slab":1,"luminousworld:elephant_grass":3,"minecraft:item_frame":3,"minecraft:birch_trapdoor":1,"minecraft:mangrove_roots":8,"supplementaries:ash":2,"minecraft:furnace":3,"minecraft:acacia_fence":2,"minecraft:stone_pickaxe":54,"minecraft:wooden_pickaxe":54,"minecraft:golden_apple":10,"luminousworld:baobab_plank":31,"minecraft:sand":1,"minecraft:black_terracotta":7,"iceandfire:armor_copper_metal_chestplate":1,"minecraft:bread":11,"minecraft:diamond_sword":191,"born_in_chaos_v1:rotten_fish":2,"minecraft:andesite":5,"minecraft:cobweb":6,"iceandfire:silver_sword":137,"undead_revamp2:blacpetalblock":1,"aether:cold_aercloud":2,"luminousworld:tall_deadbush":4,"minecraft:spruce_planks":4,"vanillaplustools:stone_hammer":130,"minecraft:dirt":25,"minecraft:white_carpet":2,"minecraft:golden_chestplate":1,"minecraft:granite":2,"minecraft:dark_oak_planks":65,"minecraft:acacia_slab":1,"minecraft:mud_bricks":53,"minecraft:barrel":4,"minecraft:diamond_chestplate":1,"luminousworld:savannah_soil":12,"tombstone:gift":5,"minecraft:cooked_beef":5,"minecraft:cobbled_deepslate":130,"minecraft:acacia_planks":3,"minecraft:wheat_seeds":30,"minecraft:water_bucket":27,"minecraft:green_bed":1,"minecraft:mossy_cobblestone":1,"minecraft:crafting_table":8,"tombstone:bag_of_seeds":5,"minecraft:mud":5,"minecraft:iron_pickaxe":62,"minecraft:suspicious_stew":1,"minecraft:cobblestone":150,"aether:golden_parachute":10,"ecologics:coconut_log":1,"minecraft:cooked_porkchop":2,"minecraft:bucket":28,"alexsmobs:animal_dictionary":2},"minecraft:dropped":{"minecraft:moss_block":6,"minecraft:glass_bottle":2,"minecraft:diamond":5,"minecraft:cooked_porkchop":1,"minecraft:pitcher_pod":3,"minecraft:item_frame":1,"minecraft:emerald":1,"minecraft:dirt":4,"minecraft:bone":1,"minecraft:green_wool":2,"minecraft:gravel":1,"minecraft:wheat":68,"minecraft:soul_lantern":1,"minecraft:rotten_flesh":2,"aether:leather_gloves":1,"minecraft:glowstone_dust":6,"luminousworld:savannah_soil":7,"minecraft:honey_bottle":1,"minecraft:carrot":13,"luminousworld:baobab_plank":13,"minecraft:beetroot_seeds":1,"minecraft:melon_seeds":3,"born_in_chaos_v1:corpse_maggot":1,"minecraft:acacia_slab":1,"minecraft:beef":3,"minecraft:iron_ingot":5,"minecraft:enchanted_book":1,"minecraft:wheat_seeds":213,"aether:cold_aercloud":2,"minecraft:cobblestone":98,"minecraft:granite":73,"minecraft:golden_apple":10,"minecraft:stick":2,"tombstone:grave_key":3,"tombstone:grave_dust":2,"minecraft:string":5,"minecraft:cocoa_beans":4,"minecraft:bowl":2,"iceandfire:armor_copper_metal_helmet":1,"minecraft:pumpkin_seeds":3,"luminousworld:yellow_grassflowers":1,"ecologics:coconut_slab":2,"aether:diamond_gloves":1,"minecraft:iron_chestplate":1,"minecraft:andesite":6,"minecraft:barrel":1,"minecraft:slime_ball":2,"minecraft:bow":1,"minecraft:stone_pickaxe":3},"minecraft:killed":{"undead_revamp2:thewolf":1,"born_in_chaos_v1:zombie_clown":1,"minecraft:spider":2,"undead_revamp2:theswarmer":1,"minecraft:skeleton":1,"luminousworld:ringlet":1,"ecologics:coconut_crab":1,"undead_revamp2:therod":1,"minecraft:pig":1,"minecraft:creeper":1,"luminousworld:crab":1,"luminousworld:savannah_skeleton":2,"minecraft:zombie":2,"alexsmobs:terrapin":2,"born_in_chaos_v1:corpse_fly":12,"minecraft:cow":5,"undead_revamp2:theimmortal":2,"enemyexpansion:direwolf":1,"minecraft:slime":1,"born_in_chaos_v1:maggot":5,"luminousworld:swamp_skeleton":1,"takesapillage:clay_golem":1,"undead_revamp2:sucker":1,"luminousworld:savannah_zombie":6,"friendsandfoes:copper_golem":1,"undead_revamp2:the_moonflower":8,"mowziesmobs:umvuthana_follower_raptor":2,"born_in_chaos_v1:decrepit_skeleton":1,"undead_revamp2:thesomnolence":3,"alexsmobs:gazelle":1,"enemyexpansion:huntsman":1},"minecraft:killed_by":{"mutantmonsters:mutant_zombie":3,"undead_revamp2:the_moonflower":3,"minecraft:wither_skeleton":8,"minecraft:creeper":3,"mowziesmobs:umvuthana_follower_raptor":1,"born_in_chaos_v1:corpse_fly":3,"enemyexpansion:sprinter":1,"undead_revamp2:thepregnant":1,"undead_revamp2:theimmortal":1,"born_in_chaos_v1:restless_spirit":1,"undead_revamp2:thespitter":1,"undead_revamp2:thehunter":2,"minecraft:skeleton":16,"luminousworld:savannah_zombie":1,"ecologics:coconut_crab":1,"born_in_chaos_v1:missioner":1,"born_in_chaos_v1:dread_hound":1,"luminousworld:savannah_skeleton":1},"minecraft:mined":{"minecraft:dark_oak_planks":4,"minecraft:spruce_planks":7,"aether:cold_aercloud":1,"luminousworld:yellowpetunias":2,"minecraft:black_terracotta":3,"iceandfire:copper_pile":6,"minecraft:granite":42,"minecraft:acacia_log":7,"luminousworld:bao_bob_wood":2,"minecraft:grass_block":1,"iceandfire:lectern":1,"luminousworld:baobab_plank":1,"minecraft:mud_bricks":53,"luminousworld:savanna_grass_2":14,"minecraft:spawner":17,"minecraft:tall_seagrass":4,"minecraft:glowstone":1,"minecraft:iron_ore":19,"minecraft:cobbled_deepslate":1,"minecraft:fire":5,"minecraft:stripped_dark_oak_wood":7,"minecraft:player_head":3,"luminousworld:tall_deadbush":6,"minecraft:player_wall_head":1,"iceandfire:podium_acacia":1,"minecraft:torch":1,"minecraft:dark_oak_wood":6,"minecraft:poppy":2,"minecraft:glass":11,"minecraft:cobblestone":24,"minecraft:seagrass":2,"minecraft:dark_oak_slab":1,"ecologics:seashell":1,"minecraft:mud":9,"minecraft:wheat":223,"minecraft:birch_trapdoor":1,"luminousworld:bao_bob_log":14,"minecraft:grass":11,"minecraft:acacia_fence":4,"minecraft:sand":4,"minecraft:dirt":3,"placeablesmod:emerald_block_1":1,"luminousworld:grassvariant_3":1,"minecraft:mangrove_log":1,"luminousworld:savannah_grass_4":11,"minecraft:oak_leaves":6,"minecraft:deepslate":162,"minecraft:emerald_block":1,"luminousworld:savannah_ground":11,"luminousworld:groundpebbles_1":2,"minecraft:red_carpet":1,"minecraft:mossy_cobblestone":3,"minecraft:mangrove_roots":8,"luminousworld:grassvariant_2":1,"minecraft:birch_slab":1,"quark:acacia_chest":1,"ecologics:coconut_log":2,"minecraft:acacia_slab":1,"minecraft:moss_block":3,"minecraft:mangrove_propagule":1,"minecraft:hay_block":19,"minecraft:packed_mud":8,"luminousworld:yellow_grassflowers":1,"minecraft:andesite":107,"minecraft:deepslate_iron_ore":1,"minecraft:vine":3,"minecraft:stone":484,"luminousworld:savannah_soil":11,"minecraft:acacia_leaves":3,"minecraft:scaffolding":1,"minecraft:glass_pane":12,"minecraft:dandelion":46,"minecraft:crafting_table":4,"luminousworld:savannah_grass_1":19,"minecraft:lime_carpet":1,"minecraft:tall_grass":7,"minecraft:copper_ore":4,"minecraft:lapis_ore":1,"minecraft:diorite":65,"supplementaries:urn":3,"minecraft:black_stained_glass":2,"minecraft:beehive":1,"minecraft:purple_stained_glass":2,"minecraft:mangrove_leaves":4,"minecraft:coal_ore":19,"luminousworld:ishstone":23,"minecraft:gravel":1,"minecraft:cobweb":6,"minecraft:acacia_planks":4,"luminousworld:elephant_grass":4},"minecraft:crafted":{"minecraft:barrel":4,"hangglider:hang_glider":1,"minecraft:glass":6,"minecraft:honey_bottle":8,"minecraft:glass_bottle":6,"sophisticatedbackpacks:backpack":1,"minecraft:emerald":19,"minecraft:crafting_table":4,"minecraft:wooden_pickaxe":1,"minecraft:green_bed":1,"minecraft:iron_chestplate":1,"minecraft:shield":1,"minecraft:stick":56,"minecraft:iron_ingot":20,"minecraft:iron_pickaxe":1,"vanillaplustools:stone_hammer":1,"ecologics:coconut_planks":8,"minecraft:furnace":3,"hangglider:glider_wing":2,"quark:acacia_chest":1,"ecologics:coconut_slab":6,"minecraft:stone_pickaxe":9,"luminousworld:baobab_slab":6,"minecraft:dark_oak_planks":64,"minecraft:wheat":197,"minecraft:iron_sword":1,"minecraft:mangrove_planks":4,"minecraft:bucket":1,"minecraft:air":0,"minecraft:acacia_planks":32,"luminousworld:baobab_plank":104},"minecraft:broken":{"minecraft:stone_pickaxe":1,"aether:golden_parachute":1,"vanillaplustools:stone_hammer":1}},"DataVersion":3465}