{"stats":{"minecraft:mined":{"luminousworld:groundpebbles_1":2,"luminousworld:savannah_soil":6,"luminousworld:tall_deadbush":3,"luminousworld:savannah_grass_1":3,"minecraft:granite":42,"minecraft:poppy":1,"minecraft:copper_ore":2,"minecraft:cobblestone":1,"ecologics:coconut_log":2,"minecraft:lapis_ore":1,"minecraft:diorite":57,"luminousworld:savanna_grass_2":2,"supplementaries:urn":3,"ecologics:seashell":1,"minecraft:iron_ore":13,"minecraft:andesite":77,"luminousworld:bao_bob_log":6,"luminousworld:ishstone":17,"minecraft:deepslate_iron_ore":1,"minecraft:sand":4,"minecraft:stone":270,"luminousworld:elephant_grass":1,"luminousworld:savannah_grass_4":1,"minecraft:deepslate":162},"minecraft:crafted":{"minecraft:barrel":1,"vanillaplustools:stone_hammer":1,"minecraft:crafting_table":1,"ecologics:coconut_planks":8,"minecraft:wooden_pickaxe":1,"minecraft:stick":36,"minecraft:stone_pickaxe":9,"luminousworld:baobab_slab":3,"luminousworld:baobab_plank":64},"minecraft:picked_up":{"luminousworld:groundpebbles_1":2,"born_in_chaos_v1:corpse_maggot":9,"minecraft:andesite":68,"luminousworld:ishstone":17,"ecologics:seashell":1,"luminousworld:bao_bob_wood":3,"minecraft:lapis_lazuli":4,"minecraft:bone":6,"minecraft:cobbled_deepslate":153,"minecraft:stone_pickaxe":3,"luminousworld:elephant_grass":3,"minecraft:poppy":1,"minecraft:glass_bottle":1,"minecraft:acacia_sapling":2,"minecraft:stick":11,"minecraft:raw_iron":14,"luminousworld:savannah_soil":6,"minecraft:sand":4,"minecraft:diorite":53,"minecraft:honey_bottle":1,"minecraft:arrow":2,"iceandfire:silver_sword":1,"ecologics:coconut_log":3,"luminousworld:tall_deadbush":5,"supplementaries:ash":2,"luminousworld:bao_bob_log":13,"minecraft:cobblestone":368},"minecraft:killed":{"enemyexpansion:direwolf":1,"luminousworld:crab":1,"born_in_chaos_v1:corpse_fly":5},"minecraft:dropped":{"minecraft:cobblestone":98,"minecraft:honey_bottle":1,"born_in_chaos_v1:corpse_maggot":1,"tombstone:grave_dust":1,"minecraft:stone_pickaxe":3},"minecraft:killed_by":{"mutantmonsters:mutant_zombie":3,"born_in_chaos_v1:corpse_fly":2,"born_in_chaos_v1:dread_hound":1},"minecraft:used":{"iceandfire:silver_sword":34,"luminousworld:tall_deadbush":4,"minecraft:wooden_pickaxe":1,"vanillaplustools:stone_hammer":98,"luminousworld:baobab_plank":17,"minecraft:sand":1,"born_in_chaos_v1:corpse_maggot":4,"luminousworld:elephant_grass":3,"luminousworld:savannah_soil":6,"ecologics:coconut_log":1,"tombstone:gift":2,"alexsmobs:animal_dictionary":2},"minecraft:custom":{"minecraft:interact_with_furnace":1,"minecraft:mob_kills":7,"minecraft:interact_with_crafting_table":20,"minecraft:time_since_death":12519,"minecraft:climb_one_cm":80,"minecraft:time_since_rest":11990,"minecraft:sprint_one_cm":55333,"minecraft:damage_taken":1710,"minecraft:walk_one_cm":75678,"minecraft:drop":17,"minecraft:damage_dealt":1598,"minecraft:swim_one_cm":3109,"minecraft:fly_one_cm":70973,"minecraft:open_chest":2,"minecraft:play_time":33280,"minecraft:deaths":6,"minecraft:sneak_time":34,"minecraft:walk_under_water_one_cm":11286,"minecraft:jump":404,"minecraft:walk_on_water_one_cm":12725,"minecraft:total_world_time":33280,"minecraft:fall_one_cm":7670}},"DataVersion":3465}