{"stats":{"minecraft:broken":{"minecraft:iron_shovel":1,"minecraft:stone_pickaxe":6,"mowziesmobs:umvuthana_mask_fury":1,"minecraft:stone_axe":1,"minecraft:leather_helmet":1,"minecraft:stone_sword":1,"rpgsmw:steel_assassin_armour_helmet":1,"minecraft:wooden_pickaxe":2,"minecraft:leather_boots":1,"minecraft:iron_pickaxe":6},"minecraft:killed":{"minecraft:spider":24,"minecraft:skeleton":32,"minecraft:chicken":15,"mowziesmobs:umvuthana_crane":3,"alexsmobs:kangaroo":1,"minecraft:pig":14,"minecraft:salmon":2,"alexsmobs:seal":3,"minecraft:iron_golem":1,"epicsamurai:kitsune":1,"minecraft:sheep":11,"minecraft:trader_llama":4,"minecraft:zombie":60,"alexsmobs:terrapin":3,"alexsmobs:fly":2,"mowziesmobs:umvuthana_raptor":1,"minecraft:cow":18,"alexsmobs:raccoon":2,"epicsamurai:onibi":5,"minecraft:horse":7,"alexsmobs:blue_jay":1,"minecraft:drowned":1,"mowziesmobs:umvuthana":9,"minecraft:husk":5,"alexsmobs:skunk":1,"mowziesmobs:umvuthana_follower_raptor":14,"minecraft:hoglin":2,"alexsmobs:emu":1,"alexsmobs:elephant":2,"iceandfire:ghost":1,"alexsmobs:gazelle":8,"minecraft:wither_skeleton":1,"minecraft:villager":2},"minecraft:crafted":{"rpgsmw:blue_fabric":12,"minecraft:smooth_stone":12,"minecraft:oak_planks":100,"epicsamurai:silver_ingot":6,"spartanshields:wooden_tower_shield":3,"minecraft:stone":62,"minecraft:diamond_shovel":1,"securitycraft:keypad_item":6,"rpgsmw:steelnugget":27,"minecraft:heavy_weighted_pressure_plate":6,"minecraft:cooked_mutton":10,"rpgsmw:steel_sword":2,"minecraft:glass":64,"minecraft:hopper":6,"minecraft:bow":1,"minecraft:stone_pressure_plate":1,"minecraft:chest":16,"rpgsmw:steel_ring":1,"rpgsmw:miphril_assassin_ring":1,"rpgsmw:gildedmiphril":2,"minecraft:rail":16,"rpgsmw:black_fabric":2,"rpgsmw:woodenfiber":1,"epicsamurai:steel_boots":1,"rpgsmw:steelrainforcedstick":1,"minecraft:smoker":2,"minecraft:oak_slab":18,"rpgsmw:steel_assassin_armour_leggings":1,"minecraft:arrow":36,"minecraft:emerald":1,"rpgsmw:miphril_sickle":1,"minecraft:crafting_table":14,"minecraft:spruce_planks":4,"minecraft:acacia_slab":6,"minecraft:wooden_pickaxe":5,"minecraft:iron_helmet":1,"rpgsmw:miphrilignot":11,"minecraft:copper_ingot":12,"minecraft:birch_planks":28,"rpgsmw:stone_knife":1,"epicsamurai:steel_nugget":9,"minecraft:iron_chestplate":1,"minecraft:diamond_pickaxe":1,"minecraft:stick":144,"minecraft:iron_ingot":244,"minecraft:iron_pickaxe":7,"minecraft:iron_block":3,"minecraft:stone_sword":2,"minecraft:gold_ingot":56,"spartanshields:wooden_basic_shield":1,"minecraft:composter":2,"rpgsmw:miphril_ring":1,"rpgsmw:steel_assassin_armour_chestplate":1,"minecraft:wooden_sword":2,"minecraft:iron_nugget":9,"minecraft:furnace":8,"minecraft:stone_button":48,"epicsamurai:steel_helmet":1,"minecraft:blast_furnace":4,"minecraft:piston":8,"rpgsmw:steel_assassin_ring":1,"rpgsmw:iron_knife":2,"spartanshields:diamond_basic_shield":1,"spartanshields:stone_tower_shield":1,"rpgsmw:steel_assassin_armour_helmet":1,"minecraft:flint_and_steel":1,"minecraft:iron_axe":1,"minecraft:stone_pickaxe":7,"spartanshields:steel_tower_shield":2,"minecraft:minecart":1,"minecraft:observer":8,"minecraft:wheat":72,"rpgsmw:fabric":12,"minecraft:cooked_beef":13,"epicsamurai:steel_chestplate":2,"epicsamurai:steel_leggings":1,"iceandfire:silver_ingot":6,"rpgsmw:steel":14,"minecraft:iron_sword":1,"alexsmobs:boiled_emu_egg":1,"rpgsmw:steel_pickaxe":1,"minecraft:bucket":3,"minecraft:jungle_planks":16,"minecraft:air":0,"minecraft:bread":54,"minecraft:jungle_slab":6,"rpgsmw:rainforcedstick":3,"minecraft:blue_dye":12,"rpgsmw:iron_ring":1,"rpgsmw:gold_assassin_ring":1,"minecraft:acacia_sign":3,"minecraft:gold_nugget":9,"rpgsmw:gold_ring":1,"rpgsmw:iron_assassin_ring":1,"minecraft:iron_shovel":2,"rpgsmw:steel_assassin_armour_boots":1,"minecraft:anvil":1,"minecraft:white_bed":1,"rpgsmw:miphril_nugget":8,"epicsamurai:steel_ingot":60,"minecraft:acacia_planks":336,"minecraft:torch":52},"minecraft:used":{"alexsmobs:emu_egg":9,"minecraft:peony":1,"minecraft:beetroot":3,"iceandfire:deepslate_silver_ore":2,"minecraft:iron_shovel":475,"minecraft:poppy":1,"minecraft:chest":14,"minecraft:iron_sword":174,"minecraft:stripped_jungle_wood":1,"minecraft:rotten_flesh":45,"minecraft:mutton":9,"securitycraft:keypad_item":6,"minecraft:carrot":3,"minecraft:acacia_sapling":3,"minecraft:obsidian":13,"minecraft:milk_bucket":1,"mowziesmobs:umvuthana_mask_faith":1,"iceandfire:ghost_chest":1,"minecraft:dark_oak_slab":1,"rpgsmw:steel_sword":506,"minecraft:stone_bricks":1,"minecraft:stripped_mangrove_log":2,"minecraft:bow":59,"minecraft:oak_sapling":12,"minecraft:furnace":13,"minecraft:egg":1,"rpgsmw:steel_pickaxe":232,"minecraft:diorite":18,"minecraft:stripped_mangrove_wood":1,"minecraft:oak_planks":20,"minecraft:stone_pickaxe":844,"rpgsmw:miphril_sickle":62,"minecraft:golden_apple":2,"minecraft:wooden_pickaxe":141,"minecraft:composter":2,"rpgsmw:steel_assassin_armour_helmet":1,"minecraft:sand":10,"spartanshields:diamond_basic_shield":1,"minecraft:blast_furnace":10,"spartanshields:stone_tower_shield":23,"minecraft:note_block":3,"minecraft:dripstone_block":5,"minecraft:acacia_door":1,"minecraft:melon_slice":132,"minecraft:bread":115,"minecraft:cyan_bed":3,"minecraft:gravel":119,"minecraft:wooden_sword":12,"minecraft:andesite":42,"iceandfire:fire_lily":1,"minecraft:experience_bottle":5,"minecraft:stone_sword":223,"minecraft:acacia_log":4,"minecraft:flint_and_steel":1,"minecraft:spruce_planks":4,"minecraft:orange_bed":11,"minecraft:netherrack":43,"simpletomb:grave_key":128,"minecraft:torch":17,"minecraft:dirt":692,"minecraft:anvil":1,"minecraft:hopper":4,"minecraft:granite":24,"minecraft:iron_axe":37,"minecraft:acacia_slab":1,"minecraft:smooth_basalt":3,"minecraft:golden_carrot":18,"minecraft:waxed_cut_copper_slab":7,"minecraft:beef":18,"minecraft:light_gray_bed":3,"minecraft:pointed_dripstone":1,"alexsmobs:boiled_emu_egg":2,"minecraft:minecart":2,"minecraft:cooked_beef":3,"minecraft:cobbled_deepslate":186,"minecraft:acacia_planks":83,"minecraft:calcite":5,"minecraft:cooked_mutton":11,"minecraft:wheat_seeds":1,"minecraft:water_bucket":76,"minecraft:amethyst_block":8,"minecraft:birch_planks":6,"minecraft:glass_bottle":2,"rpgsmw:stone_knife":34,"minecraft:cracked_stone_bricks":1,"minecraft:salmon":1,"minecraft:rail":1,"minecraft:crafting_table":45,"minecraft:red_bed":7,"minecraft:white_bed":5,"minecraft:cake":3,"minecraft:smoker":4,"minecraft:oxeye_daisy":1,"minecraft:oak_log":1,"minecraft:acacia_stairs":8,"minecraft:diamond_pickaxe":411,"minecraft:black_wool":1,"minecraft:apple":6,"minecraft:diamond_shovel":249,"minecraft:acacia_sign":4,"minecraft:chicken":8,"minecraft:iron_pickaxe":1513,"rpgsmw:iron_knife":116,"minecraft:stone_axe":42,"minecraft:chiseled_stone_bricks":3,"minecraft:porkchop":29,"minecraft:cobblestone":913,"minecraft:potion":3,"spartanshields:steel_tower_shield":139,"minecraft:cooked_porkchop":2,"minecraft:bucket":79,"minecraft:pumpkin_pie":21,"minecraft:yellow_bed":6,"alexsmobs:animal_dictionary":1,"minecraft:wither_rose":1,"minecraft:splash_potion":1},"minecraft:killed_by":{"minecraft:wither_skeleton":7,"minecraft:creeper":6,"epicsamurai:onibi":3,"alexsmobs:emu":1,"mowziesmobs:umvuthana_follower_raptor":1,"mowziesmobs:umvuthi":11,"alexsmobs:crocodile":1,"mowziesmobs:umvuthana":19,"alexsmobs:rhinoceros":2,"minecraft:zombie":6,"iceandfire:fire_dragon":1,"minecraft:husk":1,"minecraft:player":5,"minecraft:spider":3,"minecraft:skeleton":19,"iceandfire:lightning_dragon":2,"minecraft:phantom":1,"alexsmobs:kangaroo":2,"iceandfire:ghost":5,"epicsamurai:kitsune":5},"minecraft:custom":{"minecraft:interact_with_crafting_table":195,"minecraft:open_barrel":36,"minecraft:bell_ring":2,"minecraft:eat_cake_slice":19,"minecraft:leave_game":18,"minecraft:time_since_death":5790,"minecraft:damage_resisted":3170,"minecraft:sprint_one_cm":2652029,"minecraft:damage_blocked_by_shield":6423,"minecraft:drop":462,"minecraft:play_noteblock":6,"minecraft:talked_to_villager":21,"minecraft:play_time":1171127,"minecraft:deaths":129,"minecraft:jump":24494,"minecraft:walk_on_water_one_cm":311548,"minecraft:interact_with_furnace":144,"minecraft:traded_with_villager":1,"minecraft:sleep_in_bed":72,"minecraft:waystone_activated":1,"minecraft:damage_dealt":42694,"minecraft:player_kills":5,"minecraft:crouch_one_cm":21047,"minecraft:interact_with_smoker":29,"minecraft:interact_with_anvil":4,"minecraft:mob_kills":265,"minecraft:inspect_hopper":5,"minecraft:damage_dealt_resisted":90,"minecraft:climb_one_cm":16068,"minecraft:walk_one_cm":2319238,"minecraft:sneak_time":9139,"minecraft:walk_under_water_one_cm":254156,"minecraft:boat_one_cm":3835,"minecraft:interact_with_blast_furnace":112,"minecraft:total_world_time":1171127,"spartanshields:shield_bash_hits":4,"minecraft:tune_noteblock":37,"minecraft:time_since_rest":5818,"minecraft:damage_absorbed":80,"minecraft:damage_taken":51343,"minecraft:trigger_trapped_chest":1,"minecraft:minecart_one_cm":2146,"minecraft:swim_one_cm":285300,"minecraft:fly_one_cm":4166541,"minecraft:open_chest":491,"minecraft:fall_one_cm":948387},"minecraft:dropped":{"minecraft:dark_oak_stairs":1,"minecraft:stripped_mangrove_wood":1,"minecraft:oak_log":1,"minecraft:glass_bottle":1,"minecraft:crafting_table":3,"alexsmobs:kangaroo_meat":1,"minecraft:cooked_porkchop":1,"mowziesmobs:umvuthana_mask_faith":8,"iceandfire:podium_acacia":3,"minecraft:mangrove_planks":3,"minecraft:item_frame":2,"minecraft:emerald":1,"minecraft:dirt":78,"spartanshields:stone_tower_shield":1,"minecraft:dark_oak_fence":2,"mowziesmobs:umvuthana_mask_bliss":4,"minecraft:wooden_sword":2,"minecraft:pumpkin_pie":5,"minecraft:dark_oak_planks":2,"minecraft:white_wool":3,"minecraft:bone":11,"minecraft:oak_door":1,"minecraft:gravel":22,"minecraft:sugar_cane":20,"mowziesmobs:umvuthana_mask_rage":2,"alexsmobs:gazelle_horn":3,"minecraft:cobbled_deepslate":2,"minecraft:stripped_jungle_wood":5,"minecraft:wheat":6,"minecraft:obsidian":2,"minecraft:pointed_dripstone":2,"minecraft:rotten_flesh":54,"minecraft:oak_planks":11,"minecraft:mangrove_fence":1,"alexsmobs:kangaroo_hide":3,"minecraft:melon_seeds":4,"minecraft:acacia_slab":3,"minecraft:acacia_sapling":7,"minecraft:chest":4,"minecraft:arrow":20,"minecraft:beef":1,"mowziesmobs:umvuthana_mask_fury":1,"minecraft:egg":2,"minecraft:bread":25,"minecraft:iron_ingot":6,"minecraft:stripped_mangrove_log":3,"minecraft:wheat_seeds":34,"minecraft:mossy_cobblestone":2,"simpletomb:grave_key":4,"minecraft:cobblestone":49,"minecraft:feather":42,"mowziesmobs:umvuthana_mask_fear":7,"minecraft:granite":5,"minecraft:acacia_log":7,"minecraft:stick":40,"minecraft:acacia_sign":1,"epicsamurai:steel_ingot":1,"minecraft:diorite":17,"minecraft:ink_sac":1,"iceandfire:copper_nugget":18,"minecraft:torch":1,"minecraft:melon_slice":25,"minecraft:potion":1,"minecraft:polished_andesite_stairs":2,"minecraft:string":2,"minecraft:acacia_planks":25,"minecraft:dandelion":1,"iceandfire:dragonbone":72,"alexsmobs:maggot":2,"minecraft:player_head":1,"minecraft:stone_sword":1,"minecraft:raw_copper":4,"minecraft:cocoa_beans":3,"minecraft:tuff":4,"minecraft:clay_ball":5,"iceandfire:silver_ore":1,"iceandfire:copper_axe":1,"minecraft:hay_block":2,"minecraft:stone":2,"mowziesmobs:umvuthana_mask_misery":3,"minecraft:spruce_planks":1,"mowziesmobs:clawed_log":5,"minecraft:andesite":17,"minecraft:light_gray_bed":3,"minecraft:oak_boat":1,"minecraft:spider_eye":1,"minecraft:bamboo":10,"rpgsmw:iron_knife":1,"minecraft:bow":1,"minecraft:stone_pickaxe":2,"minecraft:wooden_pickaxe":2,"minecraft:cyan_bed":7},"minecraft:picked_up":{"minecraft:wheat":125,"epicsamurai:steel_ingot":1,"minecraft:lead":4,"minecraft:wither_rose":1,"minecraft:amethyst_block":8,"alexsmobs:gazelle_horn":6,"minecraft:string":29,"minecraft:waxed_cut_copper_slab":20,"minecraft:raw_copper":205,"minecraft:beetroot":3,"alexsmobs:emu_feather":2,"minecraft:gold_nugget":180,"minecraft:cobbled_deepslate":194,"minecraft:spruce_planks":3,"rpgsmw:rawmiphrilignot":11,"minecraft:acacia_sign":4,"minecraft:rose_bush":3,"minecraft:calcite":5,"minecraft:melon_slice":190,"minecraft:furnace":11,"minecraft:stick":29,"iceandfire:ghost_chest":1,"minecraft:torch":7,"minecraft:acacia_log":104,"iceandfire:silver_ore":66,"minecraft:porkchop":41,"minecraft:pointed_dripstone":11,"minecraft:diorite":52,"alexsmobs:centipede_leg":1,"minecraft:orange_bed":12,"minecraft:light_gray_bed":7,"minecraft:rotten_flesh":115,"alexsmobs:boiled_emu_egg":1,"alexsmobs:emu_egg":13,"rpgsmw:edmantium":5,"minecraft:stripped_birch_wood":2,"minecraft:obsidian":7,"minecraft:iron_bars":1,"minecraft:cobblestone":1466,"minecraft:birch_log":7,"minecraft:leather_chestplate":1,"minecraft:feather":90,"minecraft:cooked_beef":1,"minecraft:jungle_log":4,"minecraft:andesite":65,"minecraft:potato":15,"minecraft:smoker":2,"minecraft:flint":17,"minecraft:tuff":11,"alexsmobs:mosquito_larva":2,"minecraft:lapis_lazuli":180,"minecraft:dirt":854,"minecraft:leather_boots":2,"minecraft:mangrove_fence":1,"minecraft:bone":60,"minecraft:acacia_planks":29,"minecraft:bow":5,"minecraft:wheat_seeds":421,"better_mcdonalds_mod:salt":3,"minecraft:raw_gold":58,"minecraft:bamboo":10,"minecraft:oak_planks":12,"epicsamurai:raw_silver":46,"minecraft:cooked_porkchop":1,"iceandfire:dragon_skull_fire":1,"minecraft:sand":87,"minecraft:ink_sac":1,"minecraft:lily_of_the_valley":1,"minecraft:cyan_bed":10,"minecraft:acacia_stairs":10,"alexsmobs:animal_dictionary":2,"minecraft:mossy_cobblestone":5,"alexsmobs:kangaroo_hide":3,"minecraft:diamond":7,"minecraft:lever":6,"waystones:waystone":2,"minecraft:granite":41,"minecraft:golden_apple":3,"minecraft:bread":96,"alexsmobs:maggot":5,"epicsamurai:ruby":37,"minecraft:oak_sapling":12,"minecraft:netherrack":59,"minecraft:dark_oak_fence":2,"minecraft:charcoal":2,"iceandfire:dragon_skull_lightning":4,"minecraft:cocoa_beans":3,"minecraft:crafting_table":38,"minecraft:chicken":15,"minecraft:splash_potion":1,"iceandfire:witherbone":3,"minecraft:clay_ball":21,"iceandfire:fire_lily":1,"minecraft:stripped_mangrove_log":5,"minecraft:red_bed":7,"minecraft:acacia_door":1,"minecraft:wooden_sword":1,"minecraft:cyan_carpet":1,"minecraft:item_frame":2,"epicsamurai:jade":62,"spartanshields:stone_tower_shield":1,"minecraft:cracked_stone_bricks":1,"iceandfire:bestiary":2,"minecraft:beef":36,"minecraft:oak_boat":1,"minecraft:player_head":1,"minecraft:poppy":2,"minecraft:minecart":1,"iceandfire:podium_acacia":3,"minecraft:sugar_cane":23,"minecraft:chest":8,"minecraft:egg":12,"minecraft:raw_iron":271,"minecraft:stripped_mangrove_wood":2,"iceandfire:dragonbone":128,"minecraft:stone":2,"minecraft:oak_door":1,"minecraft:note_block":9,"minecraft:redstone":127,"minecraft:iron_horse_armor":1,"minecraft:dark_oak_planks":6,"mowziesmobs:umvuthana_mask_faith":11,"iceandfire:silver_ingot":4,"minecraft:arrow":42,"minecraft:beetroot_seeds":1,"minecraft:peony":7,"minecraft:hay_block":10,"mowziesmobs:umvuthana_mask_bliss":7,"minecraft:glistering_melon_slice":5,"iceandfire:deepslate_silver_ore":11,"alexsmobs:kangaroo_meat":1,"minecraft:mutton":23,"minecraft:bone_block":14,"minecraft:white_wool":11,"minecraft:oxeye_daisy":1,"mowziesmobs:umvuthana_mask_fury":3,"rpgsmw:stone_knife":1,"minecraft:glow_ink_sac":4,"minecraft:salmon":1,"minecraft:leather":34,"rpgsmw:iron_knife":2,"minecraft:acacia_wood":2,"minecraft:oak_log":33,"minecraft:yellow_bed":6,"simpletomb:grave_key":3,"minecraft:paper":6,"minecraft:cooked_mutton":2,"minecraft:kelp":64,"minecraft:stone_bricks":1,"mowziesmobs:umvuthana_mask_rage":3,"alexsmobs:cockroach_wing_fragment":2,"minecraft:iron_ingot":55,"minecraft:stone_pickaxe":2,"minecraft:glass_bottle":1,"epicsamurai:aquamarine":14,"minecraft:mangrove_planks":3,"mowziesmobs:umvuthana_mask_misery":4,"minecraft:acacia_sapling":12,"minecraft:soul_sand":2,"minecraft:dark_oak_stairs":1,"minecraft:book":18,"epicsamurai:onyx":2,"minecraft:polished_andesite_stairs":2,"iceandfire:copper_nugget":18,"minecraft:smooth_basalt":3,"minecraft:dark_oak_slab":1,"mowziesmobs:clawed_log":5,"minecraft:chiseled_stone_bricks":5,"minecraft:quartz":8,"minecraft:dandelion":1,"minecraft:dripstone_block":5,"minecraft:gravel":174,"minecraft:amethyst_shard":10,"minecraft:blast_furnace":8,"minecraft:white_bed":5,"minecraft:spruce_log":1,"minecraft:spider_eye":8,"minecraft:leather_helmet":1,"minecraft:stone_axe":1,"minecraft:stripped_jungle_wood":6,"mowziesmobs:umvuthana_mask_fear":8,"minecraft:acacia_slab":3,"minecraft:melon_seeds":36,"minecraft:black_wool":2,"minecraft:coal":268,"minecraft:hopper":2},"minecraft:mined":{"minecraft:dark_oak_planks":4,"minecraft:waxed_cut_copper_slab":9,"minecraft:large_amethyst_bud":1,"minecraft:spruce_planks":3,"minecraft:attached_melon_stem":6,"minecraft:white_bed":5,"minecraft:oak_sapling":1,"iceandfire:copper_pile":1,"minecraft:jungle_leaves":7,"minecraft:red_nether_bricks":1,"mowziesmobs:clawed_log":2,"minecraft:obsidian":9,"minecraft:granite":40,"minecraft:budding_amethyst":1,"minecraft:acacia_log":100,"minecraft:grass_block":286,"minecraft:mangrove_fence":1,"minecraft:jungle_log":4,"minecraft:light_gray_bed":8,"minecraft:hopper":2,"minecraft:chiseled_stone_bricks":6,"minecraft:spawner":8,"minecraft:tall_seagrass":15,"epicsamurai:deepslate_jade_ore":43,"minecraft:iron_ore":169,"minecraft:sticky_piston":1,"minecraft:fire":1,"minecraft:cobbled_deepslate":2,"minecraft:deepslate_lapis_ore":18,"minecraft:pointed_dripstone":7,"iceandfire:gold_pile":12,"minecraft:dirt_path":49,"minecraft:iron_bars":1,"minecraft:quartz_slab":2,"epicsamurai:deepslate_silver_ore":47,"minecraft:stripped_mangrove_wood":2,"minecraft:player_head":1,"minecraft:orange_bed":12,"minecraft:deepslate_redstone_ore":24,"minecraft:red_bed":7,"minecraft:kelp_plant":17,"minecraft:melon_stem":8,"minecraft:smoker":2,"minecraft:amethyst_cluster":2,"iceandfire:podium_acacia":1,"minecraft:clay":5,"minecraft:torch":3,"minecraft:note_block":5,"minecraft:blast_furnace":10,"minecraft:polished_andesite_stairs":2,"minecraft:poppy":1,"minecraft:calcite":6,"minecraft:melon":37,"iceandfire:ghost_chest":1,"minecraft:chest":5,"iceandfire:fire_lily":1,"minecraft:nether_quartz_ore":10,"minecraft:cobblestone":113,"minecraft:cyan_bed":5,"minecraft:oak_planks":2,"minecraft:sugar_cane":7,"minecraft:deepslate_copper_ore":5,"minecraft:amethyst_block":8,"minecraft:seagrass":4,"minecraft:repeater":1,"minecraft:dark_oak_slab":1,"minecraft:birch_log":7,"minecraft:wheat":186,"minecraft:wither_rose":1,"minecraft:grass":290,"minecraft:oak_log":30,"minecraft:dirt":506,"minecraft:sand":88,"minecraft:smooth_basalt":4,"minecraft:acacia_sign":1,"minecraft:netherrack":63,"minecraft:oak_leaves":213,"minecraft:deepslate":197,"minecraft:tuff":11,"iceandfire:silver_ore":68,"better_mcdonalds_mod:salt_block":1,"minecraft:mossy_cobblestone":8,"epicsamurai:deepslate_onyx_ore":2,"minecraft:deepslate_diamond_ore":7,"minecraft:stripped_mangrove_log":4,"minecraft:lever":1,"minecraft:glow_lichen":1,"minecraft:dark_oak_fence":1,"epicsamurai:deepslate_ruby_ore":31,"minecraft:stripped_jungle_wood":6,"iceandfire:deepslate_silver_ore":12,"minecraft:acacia_slab":2,"minecraft:kelp":6,"minecraft:hay_block":9,"minecraft:furnace":11,"minecraft:acacia_wood":2,"minecraft:acacia_stairs":10,"minecraft:andesite":66,"minecraft:peony":7,"minecraft:polished_deepslate":3,"minecraft:bookshelf":2,"minecraft:potatoes":1,"minecraft:deepslate_iron_ore":101,"minecraft:vine":5,"minecraft:bamboo":1,"minecraft:stone":1390,"minecraft:bone_block":15,"minecraft:acacia_leaves":6,"epicsamurai:jade_ore":2,"minecraft:glass_pane":4,"minecraft:soul_sand":2,"minecraft:lily_of_the_valley":1,"minecraft:dandelion":1,"epicsamurai:deepslate_aquamarine_ore":14,"minecraft:crafting_table":37,"minecraft:rose_bush":7,"minecraft:campfire":1,"minecraft:copper_ore":49,"minecraft:tall_grass":19,"minecraft:lapis_ore":8,"minecraft:deepslate_gold_ore":40,"minecraft:diorite":58,"rpgsmw:mineral_ore":5,"minecraft:birch_leaves":4,"minecraft:spruce_log":1,"minecraft:yellow_bed":6,"minecraft:coal_ore":190,"minecraft:cocoa":1,"minecraft:gravel":143,"minecraft:dripstone_block":5,"minecraft:cobweb":1,"minecraft:cracked_stone_bricks":1,"minecraft:acacia_planks":9,"minecraft:stone_bricks":1,"minecraft:gold_ore":14,"minecraft:acacia_wall_sign":1,"minecraft:fern":13,"epicsamurai:ruby_ore":6}},"DataVersion":3120}