{"stats":{"minecraft:custom":{"minecraft:interact_with_furnace":1,"minecraft:mob_kills":7,"minecraft:interact_with_crafting_table":8,"minecraft:open_barrel":5,"minecraft:leave_game":1,"minecraft:time_since_death":5958,"minecraft:sleep_in_bed":2,"minecraft:time_since_rest":5452,"minecraft:sprint_one_cm":143720,"minecraft:damage_taken":4754,"minecraft:walk_one_cm":163684,"minecraft:drop":6,"minecraft:damage_dealt":2480,"minecraft:swim_one_cm":13621,"minecraft:talked_to_villager":3,"minecraft:fly_one_cm":332311,"minecraft:open_chest":13,"minecraft:crouch_one_cm":109,"tombstone:undead_killed":4,"minecraft:play_time":60855,"minecraft:deaths":17,"minecraft:sneak_time":264,"minecraft:walk_under_water_one_cm":10134,"minecraft:jump":1360,"minecraft:walk_on_water_one_cm":5372,"minecraft:total_world_time":60855,"minecraft:fall_one_cm":31108},"minecraft:dropped":{"minecraft:gravel":2,"minecraft:polished_diorite":3,"minecraft:spruce_fence":2,"tombstone:grave_dust":3,"minecraft:bone":1},"minecraft:broken":{"minecraft:stone_sword":1},"minecraft:used":{"minecraft:stone_sword":145,"iceandfire:silver_sword":6,"minecraft:birch_planks":1,"minecraft:stone_pickaxe":37,"minecraft:oak_planks":1,"minecraft:wooden_pickaxe":5,"minecraft:blue_bed":5,"minecraft:dirt":3,"minecraft:crafting_table":3,"minecraft:chainmail_chestplate":1,"minecraft:packed_ice":1,"minecraft:iron_pickaxe":40,"minecraft:wooden_sword":4,"minecraft:cobblestone":28,"minecraft:scaffolding":1,"minecraft:chainmail_boots":1,"tombstone:gift":3,"alexsmobs:animal_dictionary":1,"minecraft:potato":13},"minecraft:picked_up":{"minecraft:birch_log":2,"minecraft:crafting_table":3,"minecraft:chainmail_boots":1,"minecraft:potato":12,"minecraft:chainmail_chestplate":1,"minecraft:blue_bed":5,"minecraft:string":1,"minecraft:dirt":9,"luminousworld:sunny":1,"minecraft:smooth_sandstone":2,"minecraft:iron_shovel":1,"minecraft:bone":1,"iceandfire:dread_shard":3,"minecraft:oak_planks":1,"minecraft:scaffolding":1,"minecraft:stick":2,"minecraft:torch":1,"minecraft:spruce_fence":2,"minecraft:gravel":2,"minecraft:sand":3,"minecraft:spruce_sapling":2,"tombstone:grave_dust":4,"minecraft:spruce_log":1,"minecraft:bundle":1,"iceandfire:silver_ingot":5,"minecraft:stone_sword":1,"minecraft:polished_diorite":3,"minecraft:deepslate_bricks":4,"minecraft:gold_ingot":1,"minecraft:oak_sapling":1,"iceandfire:silver_nugget":26,"minecraft:white_wool":1,"minecraft:cobblestone":33},"minecraft:crafted":{"minecraft:wooden_sword":1,"minecraft:crafting_table":1,"minecraft:spruce_planks":4,"minecraft:wooden_pickaxe":1,"minecraft:birch_planks":12,"minecraft:stick":12,"minecraft:stone_pickaxe":1,"minecraft:stone_sword":1,"iceandfire:silver_sword":1},"minecraft:mined":{"minecraft:scaffolding":1,"minecraft:glass_pane":1,"minecraft:mossy_cobblestone":4,"minecraft:brown_carpet":1,"ecologics:thin_ice":1,"minecraft:smooth_sandstone":2,"minecraft:crafting_table":3,"minecraft:grass_block":3,"minecraft:spruce_fence":1,"luminousworld:grassvariant_2":2,"minecraft:polished_diorite":6,"minecraft:diorite_stairs":1,"minecraft:oak_planks":1,"minecraft:sandstone":3,"minecraft:blue_bed":6,"minecraft:light_blue_stained_glass":1,"minecraft:birch_log":3,"minecraft:blue_ice":7,"minecraft:ice":5,"minecraft:spruce_log":1,"minecraft:stripped_spruce_log":1,"iceandfire:silver_pile":3,"minecraft:diorite_wall":2,"minecraft:sand":3,"minecraft:dirt":8,"luminousworld:grassvariant_3":1,"minecraft:stone":39,"minecraft:oak_leaves":3},"minecraft:killed":{"luminousworld:frost_bitten_skeleton":1,"creeperoverhaul:snowy_creeper":1,"iceandfire:dread_knight":2,"iceandfire:dread_thrall":1},"minecraft:killed_by":{"iceandfire:dread_scuttler":1,"minecraft:zombie":1,"minecraft:pillager":1,"born_in_chaos_v1:zombie_lumberjack":1,"minecraft:iron_golem":1,"iceandfire:dread_thrall":1,"iceandfire:dread_ghoul":1,"iceandfire:dread_knight":8}},"DataVersion":3465}