{"stats":{"minecraft:crafted":{"minecraft:smooth_stone":6,"minecraft:oak_planks":56,"epicsamurai:silver_ingot":6,"spartanshields:wooden_tower_shield":1,"minecraft:stone":6,"rpgsmw:woodenfiber":1,"minecraft:emerald":1,"minecraft:crafting_table":8,"minecraft:wooden_pickaxe":2,"minecraft:iron_helmet":1,"minecraft:copper_ingot":12,"minecraft:birch_planks":20,"rpgsmw:stone_knife":1,"minecraft:iron_chestplate":1,"minecraft:stick":56,"minecraft:iron_ingot":55,"minecraft:iron_pickaxe":3,"minecraft:stone_sword":2,"spartanshields:wooden_basic_shield":1,"minecraft:wooden_sword":1,"minecraft:furnace":2,"minecraft:blast_furnace":2,"rpgsmw:iron_knife":1,"spartanshields:diamond_basic_shield":1,"spartanshields:stone_tower_shield":1,"minecraft:stone_pickaxe":4,"minecraft:iron_sword":1,"alexsmobs:boiled_emu_egg":1,"minecraft:bucket":1,"minecraft:air":0,"minecraft:jungle_planks":4,"minecraft:white_bed":1,"minecraft:acacia_planks":56,"epicsamurai:steel_ingot":2},"minecraft:killed_by":{"minecraft:creeper":3,"epicsamurai:onibi":2,"alexsmobs:emu":1,"mowziesmobs:umvuthi":11,"mowziesmobs:umvuthana":19,"alexsmobs:rhinoceros":1,"minecraft:zombie":3,"minecraft:player":5,"minecraft:spider":2,"minecraft:skeleton":17,"iceandfire:ghost":2,"epicsamurai:kitsune":1},"minecraft:custom":{"minecraft:interact_with_crafting_table":49,"minecraft:open_barrel":10,"minecraft:eat_cake_slice":18,"minecraft:leave_game":3,"minecraft:time_since_death":4959,"minecraft:damage_resisted":2230,"minecraft:sprint_one_cm":1105109,"minecraft:damage_blocked_by_shield":888,"minecraft:drop":320,"minecraft:play_noteblock":6,"minecraft:talked_to_villager":12,"minecraft:play_time":434392,"minecraft:deaths":78,"minecraft:jump":10181,"minecraft:walk_on_water_one_cm":70874,"minecraft:interact_with_furnace":27,"minecraft:traded_with_villager":1,"minecraft:sleep_in_bed":20,"minecraft:damage_dealt":13749,"minecraft:player_kills":4,"minecraft:crouch_one_cm":10258,"minecraft:mob_kills":94,"minecraft:damage_dealt_resisted":34,"minecraft:climb_one_cm":11074,"minecraft:walk_one_cm":1008095,"minecraft:sneak_time":2857,"minecraft:walk_under_water_one_cm":35238,"minecraft:boat_one_cm":3835,"minecraft:interact_with_blast_furnace":36,"minecraft:total_world_time":434392,"spartanshields:shield_bash_hits":3,"minecraft:tune_noteblock":37,"minecraft:time_since_rest":4983,"minecraft:damage_taken":27921,"minecraft:damage_absorbed":40,"minecraft:swim_one_cm":60267,"minecraft:fly_one_cm":1796028,"minecraft:open_chest":35,"minecraft:fall_one_cm":431324},"minecraft:broken":{"minecraft:stone_pickaxe":3,"minecraft:leather_helmet":1,"minecraft:stone_sword":1,"minecraft:wooden_pickaxe":1,"minecraft:leather_boots":1,"minecraft:iron_pickaxe":2},"minecraft:used":{"alexsmobs:emu_egg":5,"minecraft:beetroot":3,"iceandfire:deepslate_silver_ore":1,"minecraft:poppy":1,"minecraft:iron_sword":174,"minecraft:stripped_jungle_wood":1,"minecraft:rotten_flesh":26,"minecraft:mutton":2,"minecraft:carrot":3,"minecraft:obsidian":2,"mowziesmobs:umvuthana_mask_faith":1,"minecraft:stripped_mangrove_log":2,"minecraft:bow":5,"minecraft:furnace":2,"minecraft:oak_sapling":4,"minecraft:diorite":8,"minecraft:stone_pickaxe":435,"minecraft:oak_planks":20,"minecraft:wooden_pickaxe":83,"minecraft:stripped_mangrove_wood":1,"minecraft:golden_apple":1,"spartanshields:diamond_basic_shield":1,"minecraft:blast_furnace":5,"spartanshields:stone_tower_shield":23,"minecraft:note_block":3,"minecraft:cyan_bed":3,"minecraft:bread":62,"minecraft:melon_slice":73,"minecraft:wooden_sword":6,"minecraft:andesite":20,"iceandfire:fire_lily":1,"minecraft:stone_sword":189,"simpletomb:grave_key":79,"minecraft:dirt":42,"minecraft:granite":15,"minecraft:waxed_cut_copper_slab":7,"minecraft:beef":9,"minecraft:acacia_planks":5,"minecraft:cobbled_deepslate":91,"minecraft:light_gray_bed":1,"alexsmobs:boiled_emu_egg":2,"minecraft:cooked_mutton":1,"minecraft:water_bucket":22,"minecraft:birch_planks":6,"rpgsmw:stone_knife":34,"minecraft:crafting_table":23,"minecraft:white_bed":3,"minecraft:cake":3,"minecraft:oak_log":1,"minecraft:apple":3,"minecraft:oxeye_daisy":1,"minecraft:chicken":5,"minecraft:iron_pickaxe":514,"rpgsmw:iron_knife":97,"minecraft:cobblestone":443,"minecraft:cooked_porkchop":2,"minecraft:porkchop":5,"minecraft:bucket":23,"minecraft:yellow_bed":6,"minecraft:pumpkin_pie":7,"alexsmobs:animal_dictionary":1},"minecraft:mined":{"minecraft:dark_oak_planks":4,"minecraft:waxed_cut_copper_slab":9,"minecraft:spruce_planks":3,"minecraft:white_bed":4,"minecraft:oak_sapling":1,"minecraft:jungle_leaves":4,"minecraft:red_nether_bricks":1,"mowziesmobs:clawed_log":2,"minecraft:granite":18,"minecraft:acacia_log":15,"minecraft:grass_block":59,"minecraft:jungle_log":1,"minecraft:mangrove_fence":1,"minecraft:light_gray_bed":6,"minecraft:chiseled_stone_bricks":3,"epicsamurai:deepslate_jade_ore":17,"minecraft:iron_ore":53,"minecraft:sticky_piston":1,"minecraft:cobbled_deepslate":1,"minecraft:deepslate_lapis_ore":1,"epicsamurai:deepslate_silver_ore":6,"minecraft:stripped_mangrove_wood":2,"minecraft:player_head":1,"minecraft:deepslate_redstone_ore":5,"minecraft:clay":4,"minecraft:note_block":5,"minecraft:blast_furnace":5,"minecraft:calcite":1,"minecraft:melon":15,"minecraft:polished_andesite_stairs":2,"minecraft:chest":1,"iceandfire:fire_lily":1,"minecraft:cobblestone":52,"minecraft:cyan_bed":5,"minecraft:sugar_cane":3,"minecraft:repeater":1,"minecraft:birch_log":5,"minecraft:wheat":8,"minecraft:grass":100,"minecraft:oak_log":13,"minecraft:dirt":47,"minecraft:netherrack":9,"minecraft:oak_leaves":71,"minecraft:deepslate":88,"iceandfire:silver_ore":9,"minecraft:mossy_cobblestone":7,"minecraft:deepslate_diamond_ore":4,"minecraft:stripped_mangrove_log":4,"minecraft:lever":1,"minecraft:dark_oak_fence":1,"minecraft:stripped_jungle_wood":6,"iceandfire:deepslate_silver_ore":2,"minecraft:acacia_slab":2,"minecraft:hay_block":1,"minecraft:furnace":2,"minecraft:andesite":32,"minecraft:polished_deepslate":3,"minecraft:bookshelf":2,"minecraft:potatoes":1,"minecraft:deepslate_iron_ore":3,"minecraft:vine":1,"minecraft:stone":537,"minecraft:glass_pane":4,"minecraft:dandelion":1,"minecraft:crafting_table":17,"minecraft:campfire":1,"minecraft:tall_grass":9,"minecraft:copper_ore":17,"minecraft:diorite":41,"rpgsmw:mineral_ore":1,"minecraft:birch_leaves":1,"minecraft:yellow_bed":6,"minecraft:coal_ore":38,"minecraft:cocoa":1,"minecraft:gravel":14,"minecraft:acacia_planks":2,"epicsamurai:ruby_ore":1,"minecraft:fern":9},"minecraft:dropped":{"minecraft:dark_oak_stairs":1,"minecraft:stripped_mangrove_wood":1,"minecraft:oak_log":1,"minecraft:crafting_table":1,"minecraft:cooked_porkchop":1,"mowziesmobs:umvuthana_mask_faith":8,"minecraft:mangrove_planks":3,"minecraft:item_frame":2,"minecraft:emerald":1,"minecraft:dirt":78,"spartanshields:stone_tower_shield":1,"minecraft:dark_oak_fence":2,"mowziesmobs:umvuthana_mask_bliss":4,"minecraft:pumpkin_pie":3,"minecraft:dark_oak_planks":2,"minecraft:white_wool":3,"minecraft:bone":9,"minecraft:sugar_cane":8,"mowziesmobs:umvuthana_mask_rage":2,"alexsmobs:gazelle_horn":3,"minecraft:stripped_jungle_wood":5,"minecraft:wheat":4,"minecraft:obsidian":2,"minecraft:pointed_dripstone":2,"minecraft:rotten_flesh":15,"minecraft:oak_planks":6,"minecraft:mangrove_fence":1,"minecraft:acacia_slab":3,"minecraft:acacia_sapling":7,"minecraft:chest":4,"minecraft:arrow":14,"mowziesmobs:umvuthana_mask_fury":1,"minecraft:egg":2,"minecraft:bread":25,"minecraft:iron_ingot":4,"minecraft:stripped_mangrove_log":3,"minecraft:wheat_seeds":9,"minecraft:mossy_cobblestone":2,"simpletomb:grave_key":4,"minecraft:feather":42,"minecraft:cobblestone":48,"mowziesmobs:umvuthana_mask_fear":7,"minecraft:granite":2,"minecraft:stick":32,"minecraft:diorite":13,"minecraft:melon_slice":6,"minecraft:potion":1,"minecraft:polished_andesite_stairs":2,"minecraft:string":2,"minecraft:acacia_planks":15,"iceandfire:dragonbone":68,"minecraft:player_head":1,"minecraft:cocoa_beans":3,"minecraft:raw_copper":4,"iceandfire:silver_ore":1,"minecraft:hay_block":2,"mowziesmobs:umvuthana_mask_misery":3,"minecraft:spruce_planks":1,"mowziesmobs:clawed_log":5,"minecraft:andesite":13,"minecraft:light_gray_bed":3,"minecraft:oak_boat":1,"minecraft:spider_eye":1,"minecraft:bow":1,"rpgsmw:iron_knife":1,"minecraft:cyan_bed":7},"minecraft:killed":{"minecraft:spider":4,"minecraft:skeleton":11,"minecraft:chicken":5,"mowziesmobs:umvuthana_crane":3,"minecraft:pig":13,"minecraft:salmon":1,"alexsmobs:seal":3,"minecraft:iron_golem":1,"minecraft:sheep":5,"minecraft:zombie":11,"alexsmobs:terrapin":1,"minecraft:cow":7,"alexsmobs:raccoon":2,"minecraft:horse":6,"minecraft:drowned":1,"mowziesmobs:umvuthana":9,"minecraft:husk":5,"alexsmobs:emu":1,"alexsmobs:gazelle":2,"minecraft:villager":1},"minecraft:picked_up":{"minecraft:wheat":4,"minecraft:raw_copper":87,"alexsmobs:gazelle_horn":3,"minecraft:waxed_cut_copper_slab":20,"minecraft:string":5,"minecraft:beetroot":3,"alexsmobs:emu_feather":2,"minecraft:cobbled_deepslate":91,"minecraft:spruce_planks":3,"minecraft:melon_slice":81,"minecraft:furnace":2,"minecraft:stick":16,"minecraft:acacia_log":14,"iceandfire:silver_ore":9,"minecraft:porkchop":27,"minecraft:pointed_dripstone":2,"minecraft:diorite":29,"minecraft:light_gray_bed":5,"minecraft:rotten_flesh":41,"alexsmobs:boiled_emu_egg":1,"alexsmobs:emu_egg":9,"rpgsmw:edmantium":1,"minecraft:cobblestone":563,"minecraft:birch_log":5,"minecraft:feather":62,"minecraft:andesite":33,"minecraft:jungle_log":1,"minecraft:potato":13,"minecraft:flint":4,"minecraft:dirt":122,"minecraft:bone":27,"minecraft:mangrove_fence":1,"minecraft:leather_boots":1,"minecraft:acacia_planks":12,"minecraft:bow":1,"minecraft:wheat_seeds":28,"epicsamurai:raw_silver":6,"minecraft:oak_planks":7,"minecraft:cooked_porkchop":1,"minecraft:cyan_bed":10,"alexsmobs:animal_dictionary":1,"minecraft:mossy_cobblestone":4,"minecraft:diamond":4,"minecraft:lever":3,"minecraft:granite":19,"minecraft:golden_apple":1,"minecraft:bread":67,"minecraft:oak_sapling":4,"epicsamurai:ruby":1,"minecraft:netherrack":7,"minecraft:dark_oak_fence":2,"minecraft:cocoa_beans":3,"iceandfire:dragon_skull_lightning":4,"minecraft:charcoal":2,"minecraft:crafting_table":17,"minecraft:chicken":5,"minecraft:clay_ball":16,"iceandfire:fire_lily":1,"minecraft:stripped_mangrove_log":5,"minecraft:item_frame":2,"epicsamurai:jade":34,"spartanshields:stone_tower_shield":1,"minecraft:cyan_carpet":1,"minecraft:beef":14,"minecraft:oak_boat":1,"minecraft:player_head":1,"minecraft:poppy":1,"minecraft:sugar_cane":8,"minecraft:chest":4,"minecraft:egg":6,"minecraft:raw_iron":60,"iceandfire:dragonbone":121,"minecraft:stripped_mangrove_wood":2,"minecraft:oak_door":1,"minecraft:note_block":9,"minecraft:redstone":44,"minecraft:dark_oak_planks":6,"mowziesmobs:umvuthana_mask_faith":11,"minecraft:arrow":21,"minecraft:beetroot_seeds":1,"minecraft:hay_block":2,"mowziesmobs:umvuthana_mask_bliss":5,"iceandfire:deepslate_silver_ore":1,"minecraft:glistering_melon_slice":5,"minecraft:mutton":10,"minecraft:white_wool":6,"minecraft:oxeye_daisy":1,"mowziesmobs:umvuthana_mask_fury":1,"rpgsmw:stone_knife":1,"minecraft:leather":13,"rpgsmw:iron_knife":1,"minecraft:oak_log":16,"minecraft:yellow_bed":6,"simpletomb:grave_key":3,"minecraft:cooked_mutton":1,"mowziesmobs:umvuthana_mask_rage":2,"minecraft:iron_ingot":18,"minecraft:mangrove_planks":3,"minecraft:dark_oak_stairs":1,"minecraft:acacia_sapling":7,"mowziesmobs:umvuthana_mask_misery":3,"minecraft:book":18,"minecraft:polished_andesite_stairs":2,"mowziesmobs:clawed_log":5,"minecraft:chiseled_stone_bricks":2,"minecraft:dandelion":1,"minecraft:blast_furnace":3,"minecraft:white_bed":4,"minecraft:spider_eye":1,"minecraft:leather_helmet":1,"minecraft:stripped_jungle_wood":6,"mowziesmobs:umvuthana_mask_fear":6,"minecraft:acacia_slab":3,"minecraft:coal":42}},"DataVersion":3120}