{"stats":{"minecraft:crafted":{"minecraft:oak_planks":68,"minecraft:smooth_stone":6,"epicsamurai:silver_ingot":6,"spartanshields:wooden_tower_shield":2,"minecraft:stone":6,"rpgsmw:steel_sword":1,"rpgsmw:woodenfiber":1,"minecraft:emerald":1,"minecraft:crafting_table":11,"minecraft:spruce_planks":4,"minecraft:wooden_pickaxe":4,"minecraft:iron_helmet":1,"minecraft:copper_ingot":12,"minecraft:birch_planks":28,"rpgsmw:stone_knife":1,"minecraft:iron_chestplate":1,"minecraft:stick":76,"minecraft:iron_ingot":63,"minecraft:iron_pickaxe":3,"minecraft:stone_sword":2,"spartanshields:wooden_basic_shield":1,"minecraft:wooden_sword":2,"minecraft:furnace":2,"minecraft:blast_furnace":2,"rpgsmw:iron_knife":1,"spartanshields:diamond_basic_shield":1,"spartanshields:stone_tower_shield":1,"minecraft:stone_pickaxe":5,"spartanshields:steel_tower_shield":1,"epicsamurai:steel_chestplate":1,"iceandfire:silver_ingot":4,"minecraft:iron_sword":1,"alexsmobs:boiled_emu_egg":1,"rpgsmw:steel_pickaxe":1,"minecraft:bucket":1,"minecraft:jungle_planks":4,"rpgsmw:rainforcedstick":2,"minecraft:bread":2,"minecraft:air":0,"minecraft:white_bed":1,"minecraft:acacia_planks":148,"epicsamurai:steel_ingot":21,"minecraft:torch":20},"minecraft:killed_by":{"minecraft:creeper":3,"epicsamurai:onibi":2,"alexsmobs:emu":1,"mowziesmobs:umvuthana_follower_raptor":1,"mowziesmobs:umvuthi":11,"mowziesmobs:umvuthana":19,"alexsmobs:rhinoceros":2,"minecraft:zombie":3,"minecraft:husk":1,"minecraft:player":5,"minecraft:spider":2,"minecraft:skeleton":19,"iceandfire:lightning_dragon":1,"iceandfire:ghost":2,"epicsamurai:kitsune":1},"minecraft:custom":{"minecraft:interact_with_crafting_table":63,"minecraft:open_barrel":11,"minecraft:eat_cake_slice":19,"minecraft:leave_game":4,"minecraft:time_since_death":235,"minecraft:damage_resisted":2230,"minecraft:sprint_one_cm":1402580,"minecraft:damage_blocked_by_shield":1193,"minecraft:drop":374,"minecraft:play_noteblock":6,"minecraft:talked_to_villager":12,"minecraft:play_time":554198,"minecraft:deaths":88,"minecraft:jump":13328,"minecraft:walk_on_water_one_cm":100870,"minecraft:interact_with_furnace":27,"minecraft:traded_with_villager":1,"minecraft:sleep_in_bed":29,"minecraft:waystone_activated":1,"minecraft:damage_dealt":16712,"minecraft:player_kills":4,"minecraft:crouch_one_cm":12042,"minecraft:mob_kills":117,"minecraft:damage_dealt_resisted":34,"minecraft:climb_one_cm":15360,"minecraft:walk_one_cm":1277362,"minecraft:sneak_time":3410,"minecraft:walk_under_water_one_cm":57677,"minecraft:boat_one_cm":3835,"minecraft:interact_with_blast_furnace":48,"minecraft:total_world_time":554198,"spartanshields:shield_bash_hits":3,"minecraft:tune_noteblock":37,"minecraft:time_since_rest":261,"minecraft:damage_taken":31310,"minecraft:damage_absorbed":40,"minecraft:swim_one_cm":92981,"minecraft:fly_one_cm":2356774,"minecraft:open_chest":42,"minecraft:fall_one_cm":546283},"minecraft:broken":{"minecraft:stone_pickaxe":4,"minecraft:leather_helmet":1,"minecraft:stone_sword":1,"minecraft:wooden_pickaxe":1,"minecraft:leather_boots":1,"minecraft:iron_pickaxe":2},"minecraft:used":{"alexsmobs:emu_egg":9,"minecraft:peony":1,"minecraft:beetroot":3,"iceandfire:deepslate_silver_ore":1,"minecraft:poppy":1,"minecraft:iron_sword":174,"minecraft:stripped_jungle_wood":1,"minecraft:rotten_flesh":29,"minecraft:mutton":9,"minecraft:carrot":3,"minecraft:obsidian":2,"mowziesmobs:umvuthana_mask_faith":1,"minecraft:dark_oak_slab":1,"rpgsmw:steel_sword":41,"minecraft:stripped_mangrove_log":2,"minecraft:bow":5,"minecraft:oak_sapling":8,"minecraft:furnace":2,"rpgsmw:steel_pickaxe":232,"minecraft:diorite":8,"minecraft:stone_pickaxe":631,"minecraft:oak_planks":20,"minecraft:wooden_pickaxe":87,"minecraft:stripped_mangrove_wood":1,"minecraft:golden_apple":1,"spartanshields:diamond_basic_shield":1,"minecraft:blast_furnace":8,"spartanshields:stone_tower_shield":23,"minecraft:note_block":3,"minecraft:dripstone_block":5,"minecraft:melon_slice":80,"minecraft:bread":64,"minecraft:cyan_bed":3,"minecraft:wooden_sword":12,"minecraft:andesite":20,"iceandfire:fire_lily":1,"minecraft:stone_sword":223,"minecraft:spruce_planks":4,"simpletomb:grave_key":88,"minecraft:orange_bed":9,"minecraft:torch":6,"minecraft:dirt":88,"minecraft:granite":15,"minecraft:waxed_cut_copper_slab":7,"minecraft:beef":17,"minecraft:cobbled_deepslate":91,"minecraft:acacia_planks":50,"minecraft:light_gray_bed":2,"minecraft:pointed_dripstone":1,"alexsmobs:boiled_emu_egg":2,"minecraft:cooked_mutton":1,"minecraft:water_bucket":22,"minecraft:birch_planks":6,"rpgsmw:stone_knife":34,"minecraft:salmon":1,"minecraft:crafting_table":29,"minecraft:red_bed":1,"minecraft:white_bed":5,"minecraft:cake":3,"minecraft:oak_log":1,"minecraft:black_wool":1,"minecraft:apple":6,"minecraft:oxeye_daisy":1,"minecraft:chicken":8,"minecraft:iron_pickaxe":514,"rpgsmw:iron_knife":97,"minecraft:chiseled_stone_bricks":3,"minecraft:cobblestone":527,"minecraft:porkchop":27,"spartanshields:steel_tower_shield":7,"minecraft:cooked_porkchop":2,"minecraft:bucket":23,"minecraft:pumpkin_pie":7,"minecraft:yellow_bed":6,"alexsmobs:animal_dictionary":1},"minecraft:mined":{"minecraft:dark_oak_planks":4,"minecraft:waxed_cut_copper_slab":9,"minecraft:spruce_planks":3,"minecraft:white_bed":5,"minecraft:oak_sapling":1,"minecraft:jungle_leaves":7,"minecraft:red_nether_bricks":1,"mowziesmobs:clawed_log":2,"minecraft:granite":21,"minecraft:acacia_log":38,"minecraft:grass_block":73,"minecraft:mangrove_fence":1,"minecraft:jungle_log":1,"minecraft:light_gray_bed":7,"minecraft:chiseled_stone_bricks":6,"epicsamurai:deepslate_jade_ore":17,"minecraft:iron_ore":108,"minecraft:sticky_piston":1,"minecraft:cobbled_deepslate":1,"minecraft:deepslate_lapis_ore":1,"minecraft:pointed_dripstone":7,"epicsamurai:deepslate_silver_ore":6,"minecraft:stripped_mangrove_wood":2,"minecraft:player_head":1,"minecraft:orange_bed":10,"minecraft:deepslate_redstone_ore":5,"minecraft:red_bed":1,"minecraft:melon_stem":4,"minecraft:clay":4,"minecraft:note_block":5,"minecraft:blast_furnace":10,"minecraft:calcite":1,"minecraft:melon":18,"minecraft:polished_andesite_stairs":2,"minecraft:chest":1,"iceandfire:fire_lily":1,"minecraft:cobblestone":58,"minecraft:cyan_bed":5,"minecraft:sugar_cane":6,"minecraft:repeater":1,"minecraft:dark_oak_slab":1,"minecraft:birch_log":7,"minecraft:wheat":58,"minecraft:grass":131,"minecraft:oak_log":16,"minecraft:dirt":84,"minecraft:netherrack":9,"minecraft:oak_leaves":115,"minecraft:deepslate":88,"iceandfire:silver_ore":41,"minecraft:mossy_cobblestone":8,"minecraft:deepslate_diamond_ore":4,"minecraft:stripped_mangrove_log":4,"minecraft:lever":1,"minecraft:dark_oak_fence":1,"minecraft:stripped_jungle_wood":6,"iceandfire:deepslate_silver_ore":2,"minecraft:acacia_slab":2,"minecraft:hay_block":1,"minecraft:furnace":2,"minecraft:andesite":34,"minecraft:peony":1,"minecraft:polished_deepslate":3,"minecraft:bookshelf":2,"minecraft:potatoes":1,"minecraft:deepslate_iron_ore":3,"minecraft:vine":1,"minecraft:bamboo":1,"minecraft:stone":788,"minecraft:glass_pane":4,"minecraft:dandelion":1,"minecraft:crafting_table":23,"minecraft:campfire":1,"minecraft:tall_grass":12,"minecraft:copper_ore":27,"minecraft:diorite":45,"rpgsmw:mineral_ore":1,"minecraft:spruce_log":1,"minecraft:birch_leaves":4,"minecraft:yellow_bed":6,"minecraft:coal_ore":59,"minecraft:cocoa":1,"minecraft:gravel":14,"minecraft:dripstone_block":5,"minecraft:acacia_planks":2,"epicsamurai:ruby_ore":1,"minecraft:fern":10},"minecraft:dropped":{"minecraft:dark_oak_stairs":1,"minecraft:stripped_mangrove_wood":1,"minecraft:oak_log":1,"minecraft:crafting_table":3,"minecraft:cooked_porkchop":1,"mowziesmobs:umvuthana_mask_faith":8,"minecraft:mangrove_planks":3,"minecraft:item_frame":2,"minecraft:emerald":1,"spartanshields:stone_tower_shield":1,"minecraft:dirt":78,"minecraft:dark_oak_fence":2,"mowziesmobs:umvuthana_mask_bliss":4,"minecraft:pumpkin_pie":3,"minecraft:wooden_sword":2,"minecraft:dark_oak_planks":2,"minecraft:white_wool":3,"minecraft:bone":11,"minecraft:oak_door":1,"minecraft:sugar_cane":20,"mowziesmobs:umvuthana_mask_rage":2,"alexsmobs:gazelle_horn":3,"minecraft:stripped_jungle_wood":5,"minecraft:wheat":4,"minecraft:obsidian":2,"minecraft:pointed_dripstone":2,"minecraft:rotten_flesh":15,"minecraft:oak_planks":11,"minecraft:mangrove_fence":1,"minecraft:acacia_slab":3,"minecraft:acacia_sapling":7,"minecraft:chest":4,"minecraft:arrow":18,"mowziesmobs:umvuthana_mask_fury":1,"minecraft:egg":2,"minecraft:stripped_mangrove_log":3,"minecraft:iron_ingot":4,"minecraft:bread":25,"minecraft:wheat_seeds":19,"minecraft:mossy_cobblestone":2,"simpletomb:grave_key":4,"minecraft:feather":42,"minecraft:cobblestone":48,"mowziesmobs:umvuthana_mask_fear":7,"minecraft:granite":2,"minecraft:acacia_log":7,"minecraft:stick":38,"minecraft:diorite":13,"minecraft:melon_slice":17,"minecraft:potion":1,"minecraft:polished_andesite_stairs":2,"minecraft:string":2,"minecraft:acacia_planks":15,"minecraft:dandelion":1,"iceandfire:dragonbone":68,"minecraft:player_head":1,"minecraft:stone_sword":1,"minecraft:raw_copper":4,"minecraft:cocoa_beans":3,"iceandfire:silver_ore":1,"minecraft:hay_block":2,"mowziesmobs:umvuthana_mask_misery":3,"minecraft:spruce_planks":1,"mowziesmobs:clawed_log":5,"minecraft:andesite":13,"minecraft:light_gray_bed":3,"minecraft:oak_boat":1,"minecraft:spider_eye":1,"minecraft:bamboo":10,"minecraft:bow":1,"rpgsmw:iron_knife":1,"minecraft:stone_pickaxe":2,"minecraft:wooden_pickaxe":1,"minecraft:cyan_bed":7},"minecraft:killed":{"minecraft:spider":6,"minecraft:skeleton":14,"minecraft:chicken":8,"mowziesmobs:umvuthana_crane":3,"minecraft:pig":13,"minecraft:salmon":2,"alexsmobs:seal":3,"minecraft:iron_golem":1,"minecraft:sheep":6,"minecraft:zombie":17,"alexsmobs:terrapin":1,"minecraft:cow":10,"alexsmobs:raccoon":2,"minecraft:horse":7,"minecraft:drowned":1,"mowziesmobs:umvuthana":9,"minecraft:husk":5,"alexsmobs:skunk":1,"alexsmobs:emu":1,"alexsmobs:gazelle":2,"minecraft:villager":1},"minecraft:picked_up":{"minecraft:wheat":11,"minecraft:raw_copper":124,"alexsmobs:gazelle_horn":3,"minecraft:waxed_cut_copper_slab":20,"minecraft:string":5,"minecraft:beetroot":3,"minecraft:cobbled_deepslate":91,"alexsmobs:emu_feather":2,"minecraft:spruce_planks":3,"minecraft:melon_slice":99,"minecraft:furnace":2,"minecraft:stick":21,"minecraft:acacia_log":44,"iceandfire:silver_ore":40,"minecraft:porkchop":27,"minecraft:pointed_dripstone":11,"minecraft:diorite":39,"minecraft:orange_bed":10,"minecraft:light_gray_bed":6,"minecraft:rotten_flesh":46,"alexsmobs:boiled_emu_egg":1,"alexsmobs:emu_egg":13,"rpgsmw:edmantium":1,"minecraft:cobblestone":812,"minecraft:birch_log":7,"minecraft:feather":66,"minecraft:andesite":35,"minecraft:jungle_log":1,"minecraft:potato":14,"minecraft:flint":4,"minecraft:dirt":173,"minecraft:bone":32,"minecraft:mangrove_fence":1,"minecraft:leather_boots":1,"minecraft:acacia_planks":12,"minecraft:bow":2,"minecraft:wheat_seeds":89,"minecraft:bamboo":10,"epicsamurai:raw_silver":6,"minecraft:oak_planks":7,"minecraft:cooked_porkchop":1,"minecraft:cyan_bed":10,"alexsmobs:animal_dictionary":1,"minecraft:mossy_cobblestone":5,"minecraft:diamond":4,"minecraft:lever":6,"waystones:waystone":2,"minecraft:granite":22,"minecraft:golden_apple":3,"minecraft:bread":67,"epicsamurai:ruby":1,"minecraft:oak_sapling":8,"minecraft:netherrack":7,"minecraft:dark_oak_fence":2,"iceandfire:dragon_skull_lightning":4,"minecraft:cocoa_beans":3,"minecraft:charcoal":2,"minecraft:crafting_table":24,"minecraft:chicken":8,"minecraft:clay_ball":16,"iceandfire:fire_lily":1,"minecraft:stripped_mangrove_log":5,"minecraft:red_bed":1,"minecraft:wooden_sword":1,"minecraft:item_frame":2,"epicsamurai:jade":34,"spartanshields:stone_tower_shield":1,"minecraft:cyan_carpet":1,"minecraft:beef":20,"minecraft:oak_boat":1,"minecraft:player_head":1,"minecraft:poppy":1,"minecraft:sugar_cane":20,"minecraft:chest":4,"minecraft:egg":6,"minecraft:raw_iron":114,"iceandfire:dragonbone":121,"minecraft:stripped_mangrove_wood":2,"minecraft:oak_door":1,"minecraft:note_block":9,"minecraft:redstone":44,"minecraft:dark_oak_planks":6,"mowziesmobs:umvuthana_mask_faith":11,"iceandfire:silver_ingot":4,"minecraft:arrow":23,"minecraft:beetroot_seeds":1,"minecraft:peony":1,"minecraft:hay_block":2,"mowziesmobs:umvuthana_mask_bliss":5,"iceandfire:deepslate_silver_ore":1,"minecraft:glistering_melon_slice":5,"minecraft:mutton":12,"minecraft:white_wool":6,"minecraft:oxeye_daisy":1,"mowziesmobs:umvuthana_mask_fury":1,"rpgsmw:stone_knife":1,"minecraft:salmon":1,"minecraft:leather":17,"rpgsmw:iron_knife":1,"minecraft:oak_log":19,"minecraft:yellow_bed":6,"simpletomb:grave_key":3,"minecraft:cooked_mutton":2,"mowziesmobs:umvuthana_mask_rage":2,"minecraft:iron_ingot":18,"minecraft:stone_pickaxe":2,"minecraft:mangrove_planks":3,"mowziesmobs:umvuthana_mask_misery":3,"minecraft:acacia_sapling":7,"minecraft:dark_oak_stairs":1,"minecraft:book":18,"minecraft:polished_andesite_stairs":2,"minecraft:dark_oak_slab":1,"mowziesmobs:clawed_log":5,"minecraft:chiseled_stone_bricks":5,"minecraft:dandelion":1,"minecraft:dripstone_block":5,"minecraft:blast_furnace":8,"minecraft:white_bed":5,"minecraft:spruce_log":1,"minecraft:spider_eye":1,"minecraft:leather_helmet":1,"minecraft:stripped_jungle_wood":6,"mowziesmobs:umvuthana_mask_fear":6,"minecraft:melon_seeds":7,"minecraft:acacia_slab":3,"minecraft:black_wool":1,"minecraft:coal":66}},"DataVersion":3120}