{"stats":{"minecraft:picked_up":{"minecraft:wheat":125,"epicsamurai:steel_ingot":1,"minecraft:lead":2,"minecraft:wither_rose":1,"minecraft:amethyst_block":8,"alexsmobs:gazelle_horn":6,"minecraft:string":28,"minecraft:waxed_cut_copper_slab":20,"minecraft:raw_copper":205,"minecraft:beetroot":3,"alexsmobs:emu_feather":2,"minecraft:cobbled_deepslate":194,"minecraft:spruce_planks":3,"rpgsmw:rawmiphrilignot":11,"minecraft:acacia_sign":4,"minecraft:rose_bush":3,"minecraft:calcite":5,"minecraft:melon_slice":190,"minecraft:furnace":11,"minecraft:stick":29,"minecraft:torch":4,"minecraft:acacia_log":83,"iceandfire:silver_ore":66,"minecraft:porkchop":41,"minecraft:pointed_dripstone":11,"minecraft:diorite":52,"alexsmobs:centipede_leg":1,"minecraft:orange_bed":12,"minecraft:light_gray_bed":7,"minecraft:rotten_flesh":115,"alexsmobs:boiled_emu_egg":1,"alexsmobs:emu_egg":13,"rpgsmw:edmantium":5,"minecraft:stripped_birch_wood":2,"minecraft:obsidian":7,"minecraft:iron_bars":1,"minecraft:cobblestone":1464,"minecraft:birch_log":7,"minecraft:leather_chestplate":1,"minecraft:feather":90,"minecraft:cooked_beef":1,"minecraft:jungle_log":1,"minecraft:andesite":65,"minecraft:smoker":2,"minecraft:potato":15,"minecraft:flint":7,"minecraft:tuff":11,"alexsmobs:mosquito_larva":2,"minecraft:lapis_lazuli":180,"minecraft:dirt":844,"minecraft:leather_boots":2,"minecraft:mangrove_fence":1,"minecraft:bone":60,"minecraft:acacia_planks":23,"minecraft:bow":5,"minecraft:wheat_seeds":413,"better_mcdonalds_mod:salt":3,"minecraft:raw_gold":58,"minecraft:bamboo":10,"minecraft:oak_planks":12,"epicsamurai:raw_silver":46,"minecraft:cooked_porkchop":1,"minecraft:sand":78,"minecraft:ink_sac":1,"minecraft:lily_of_the_valley":1,"minecraft:cyan_bed":10,"minecraft:acacia_stairs":10,"alexsmobs:animal_dictionary":2,"minecraft:mossy_cobblestone":5,"alexsmobs:kangaroo_hide":3,"minecraft:diamond":7,"minecraft:lever":6,"waystones:waystone":2,"minecraft:granite":41,"minecraft:golden_apple":3,"minecraft:bread":96,"alexsmobs:maggot":4,"epicsamurai:ruby":37,"minecraft:oak_sapling":10,"minecraft:netherrack":7,"minecraft:dark_oak_fence":2,"minecraft:charcoal":2,"iceandfire:dragon_skull_lightning":4,"minecraft:cocoa_beans":3,"minecraft:crafting_table":35,"minecraft:chicken":15,"minecraft:splash_potion":1,"iceandfire:witherbone":3,"minecraft:clay_ball":21,"iceandfire:fire_lily":1,"minecraft:stripped_mangrove_log":5,"minecraft:red_bed":7,"minecraft:acacia_door":1,"minecraft:wooden_sword":1,"minecraft:item_frame":2,"epicsamurai:jade":62,"spartanshields:stone_tower_shield":1,"minecraft:cyan_carpet":1,"minecraft:cracked_stone_bricks":1,"iceandfire:bestiary":2,"minecraft:beef":35,"minecraft:oak_boat":1,"minecraft:player_head":1,"minecraft:poppy":2,"minecraft:minecart":1,"iceandfire:podium_acacia":3,"minecraft:sugar_cane":23,"minecraft:chest":5,"minecraft:egg":11,"minecraft:raw_iron":271,"minecraft:stripped_mangrove_wood":2,"iceandfire:dragonbone":121,"minecraft:stone":2,"minecraft:oak_door":1,"minecraft:note_block":9,"minecraft:redstone":127,"minecraft:iron_horse_armor":1,"minecraft:dark_oak_planks":6,"mowziesmobs:umvuthana_mask_faith":11,"iceandfire:silver_ingot":4,"minecraft:arrow":42,"minecraft:beetroot_seeds":1,"minecraft:peony":7,"minecraft:hay_block":10,"mowziesmobs:umvuthana_mask_bliss":7,"minecraft:glistering_melon_slice":5,"iceandfire:deepslate_silver_ore":11,"alexsmobs:kangaroo_meat":1,"minecraft:mutton":22,"minecraft:bone_block":14,"minecraft:white_wool":11,"minecraft:oxeye_daisy":1,"mowziesmobs:umvuthana_mask_fury":3,"rpgsmw:stone_knife":1,"minecraft:glow_ink_sac":4,"minecraft:salmon":1,"minecraft:leather":31,"rpgsmw:iron_knife":2,"minecraft:acacia_wood":2,"minecraft:oak_log":22,"minecraft:yellow_bed":6,"simpletomb:grave_key":3,"minecraft:paper":6,"minecraft:cooked_mutton":2,"minecraft:stone_bricks":1,"mowziesmobs:umvuthana_mask_rage":3,"alexsmobs:cockroach_wing_fragment":2,"minecraft:iron_ingot":55,"minecraft:stone_pickaxe":2,"epicsamurai:aquamarine":14,"minecraft:mangrove_planks":3,"mowziesmobs:umvuthana_mask_misery":4,"minecraft:acacia_sapling":11,"minecraft:dark_oak_stairs":1,"minecraft:book":18,"epicsamurai:onyx":2,"minecraft:polished_andesite_stairs":2,"iceandfire:copper_nugget":18,"minecraft:smooth_basalt":3,"minecraft:dark_oak_slab":1,"mowziesmobs:clawed_log":5,"minecraft:chiseled_stone_bricks":5,"minecraft:dandelion":1,"minecraft:dripstone_block":5,"minecraft:gravel":48,"minecraft:amethyst_shard":10,"minecraft:blast_furnace":8,"minecraft:white_bed":5,"minecraft:spruce_log":1,"minecraft:spider_eye":8,"minecraft:leather_helmet":1,"minecraft:stone_axe":1,"minecraft:stripped_jungle_wood":6,"mowziesmobs:umvuthana_mask_fear":8,"minecraft:acacia_slab":3,"minecraft:melon_seeds":36,"minecraft:black_wool":2,"minecraft:coal":268},"minecraft:killed_by":{"minecraft:wither_skeleton":7,"minecraft:creeper":6,"epicsamurai:onibi":3,"alexsmobs:emu":1,"mowziesmobs:umvuthana_follower_raptor":1,"mowziesmobs:umvuthi":11,"mowziesmobs:umvuthana":19,"alexsmobs:rhinoceros":2,"minecraft:zombie":6,"minecraft:husk":1,"minecraft:player":5,"minecraft:spider":2,"minecraft:skeleton":19,"iceandfire:lightning_dragon":1,"minecraft:phantom":1,"alexsmobs:kangaroo":2,"iceandfire:ghost":4,"epicsamurai:kitsune":5},"minecraft:broken":{"minecraft:iron_shovel":1,"minecraft:stone_pickaxe":6,"mowziesmobs:umvuthana_mask_fury":1,"minecraft:stone_axe":1,"minecraft:leather_helmet":1,"minecraft:stone_sword":1,"rpgsmw:steel_assassin_armour_helmet":1,"minecraft:wooden_pickaxe":2,"minecraft:leather_boots":1,"minecraft:iron_pickaxe":5},"minecraft:used":{"alexsmobs:emu_egg":9,"minecraft:peony":1,"minecraft:beetroot":3,"iceandfire:deepslate_silver_ore":2,"minecraft:iron_shovel":475,"minecraft:poppy":1,"minecraft:chest":6,"minecraft:iron_sword":174,"minecraft:stripped_jungle_wood":1,"minecraft:rotten_flesh":45,"minecraft:mutton":9,"securitycraft:keypad_item":6,"minecraft:carrot":3,"minecraft:acacia_sapling":3,"minecraft:obsidian":13,"minecraft:milk_bucket":1,"mowziesmobs:umvuthana_mask_faith":1,"minecraft:dark_oak_slab":1,"rpgsmw:steel_sword":506,"minecraft:stone_bricks":1,"minecraft:stripped_mangrove_log":2,"minecraft:bow":19,"minecraft:oak_sapling":10,"minecraft:furnace":13,"rpgsmw:steel_pickaxe":232,"minecraft:diorite":18,"minecraft:stone_pickaxe":788,"minecraft:oak_planks":20,"minecraft:wooden_pickaxe":141,"minecraft:stripped_mangrove_wood":1,"rpgsmw:miphril_sickle":40,"minecraft:golden_apple":2,"rpgsmw:steel_assassin_armour_helmet":1,"minecraft:sand":1,"spartanshields:diamond_basic_shield":1,"minecraft:blast_furnace":10,"spartanshields:stone_tower_shield":23,"minecraft:note_block":3,"minecraft:dripstone_block":5,"minecraft:acacia_door":1,"minecraft:melon_slice":132,"minecraft:bread":115,"minecraft:cyan_bed":3,"minecraft:gravel":11,"minecraft:wooden_sword":12,"minecraft:andesite":42,"iceandfire:fire_lily":1,"minecraft:stone_sword":223,"minecraft:acacia_log":4,"minecraft:flint_and_steel":1,"minecraft:spruce_planks":4,"minecraft:orange_bed":11,"simpletomb:grave_key":122,"minecraft:torch":15,"minecraft:dirt":675,"minecraft:anvil":1,"minecraft:granite":24,"minecraft:iron_axe":8,"minecraft:acacia_slab":1,"minecraft:smooth_basalt":3,"minecraft:golden_carrot":10,"minecraft:waxed_cut_copper_slab":7,"minecraft:beef":17,"minecraft:light_gray_bed":3,"minecraft:pointed_dripstone":1,"minecraft:minecart":2,"alexsmobs:boiled_emu_egg":2,"minecraft:cooked_beef":3,"minecraft:cobbled_deepslate":186,"minecraft:acacia_planks":77,"minecraft:calcite":5,"minecraft:cooked_mutton":11,"minecraft:wheat_seeds":1,"minecraft:water_bucket":72,"minecraft:amethyst_block":8,"minecraft:birch_planks":6,"rpgsmw:stone_knife":34,"minecraft:cracked_stone_bricks":1,"minecraft:salmon":1,"minecraft:rail":1,"minecraft:crafting_table":42,"minecraft:red_bed":6,"minecraft:white_bed":5,"minecraft:cake":3,"minecraft:smoker":4,"minecraft:oak_log":1,"minecraft:acacia_stairs":8,"minecraft:diamond_pickaxe":411,"minecraft:black_wool":1,"minecraft:apple":6,"minecraft:oxeye_daisy":1,"minecraft:diamond_shovel":156,"minecraft:acacia_sign":4,"minecraft:chicken":8,"minecraft:iron_pickaxe":1469,"rpgsmw:iron_knife":97,"minecraft:stone_axe":42,"minecraft:chiseled_stone_bricks":3,"minecraft:porkchop":29,"minecraft:cobblestone":889,"minecraft:potion":1,"spartanshields:steel_tower_shield":139,"minecraft:cooked_porkchop":2,"minecraft:bucket":75,"minecraft:pumpkin_pie":7,"minecraft:yellow_bed":6,"alexsmobs:animal_dictionary":1,"minecraft:wither_rose":1,"minecraft:splash_potion":1},"minecraft:custom":{"minecraft:interact_with_crafting_table":185,"minecraft:open_barrel":36,"minecraft:bell_ring":1,"minecraft:eat_cake_slice":19,"minecraft:leave_game":14,"minecraft:time_since_death":1407,"minecraft:damage_resisted":2860,"minecraft:sprint_one_cm":2468994,"minecraft:damage_blocked_by_shield":6423,"minecraft:drop":454,"minecraft:play_noteblock":6,"minecraft:talked_to_villager":17,"minecraft:play_time":1076106,"minecraft:deaths":122,"minecraft:jump":22784,"minecraft:walk_on_water_one_cm":257639,"minecraft:interact_with_furnace":138,"minecraft:traded_with_villager":1,"minecraft:sleep_in_bed":65,"minecraft:waystone_activated":1,"minecraft:damage_dealt":40463,"minecraft:player_kills":5,"minecraft:crouch_one_cm":20965,"minecraft:interact_with_smoker":27,"minecraft:interact_with_anvil":4,"minecraft:mob_kills":255,"minecraft:damage_dealt_resisted":90,"minecraft:climb_one_cm":15907,"minecraft:walk_one_cm":2142156,"minecraft:sneak_time":8668,"minecraft:walk_under_water_one_cm":233740,"minecraft:boat_one_cm":3835,"minecraft:interact_with_blast_furnace":102,"minecraft:total_world_time":1076106,"spartanshields:shield_bash_hits":4,"minecraft:tune_noteblock":37,"minecraft:time_since_rest":1431,"minecraft:damage_absorbed":80,"minecraft:damage_taken":47926,"minecraft:minecart_one_cm":2146,"minecraft:swim_one_cm":212960,"minecraft:fly_one_cm":3847833,"minecraft:open_chest":398,"minecraft:fall_one_cm":892989},"minecraft:mined":{"minecraft:dark_oak_planks":4,"minecraft:waxed_cut_copper_slab":9,"minecraft:large_amethyst_bud":1,"minecraft:spruce_planks":3,"minecraft:attached_melon_stem":6,"minecraft:white_bed":5,"minecraft:oak_sapling":1,"iceandfire:copper_pile":1,"minecraft:jungle_leaves":7,"minecraft:red_nether_bricks":1,"mowziesmobs:clawed_log":2,"minecraft:obsidian":9,"minecraft:granite":40,"minecraft:budding_amethyst":1,"minecraft:acacia_log":79,"minecraft:grass_block":281,"minecraft:mangrove_fence":1,"minecraft:jungle_log":1,"minecraft:light_gray_bed":8,"minecraft:chiseled_stone_bricks":6,"minecraft:spawner":8,"minecraft:tall_seagrass":4,"epicsamurai:deepslate_jade_ore":43,"minecraft:iron_ore":169,"minecraft:sticky_piston":1,"minecraft:cobbled_deepslate":2,"minecraft:deepslate_lapis_ore":18,"minecraft:pointed_dripstone":7,"minecraft:dirt_path":47,"minecraft:iron_bars":1,"minecraft:quartz_slab":2,"epicsamurai:deepslate_silver_ore":47,"minecraft:stripped_mangrove_wood":2,"minecraft:player_head":1,"minecraft:orange_bed":12,"minecraft:deepslate_redstone_ore":24,"minecraft:red_bed":7,"minecraft:melon_stem":8,"minecraft:smoker":2,"minecraft:amethyst_cluster":2,"minecraft:poppy":1,"iceandfire:podium_acacia":1,"minecraft:clay":5,"minecraft:note_block":5,"minecraft:blast_furnace":10,"minecraft:polished_andesite_stairs":2,"minecraft:calcite":6,"minecraft:melon":37,"minecraft:chest":1,"iceandfire:fire_lily":1,"minecraft:cobblestone":111,"minecraft:cyan_bed":5,"minecraft:oak_planks":2,"minecraft:sugar_cane":7,"minecraft:deepslate_copper_ore":5,"minecraft:amethyst_block":8,"minecraft:seagrass":3,"minecraft:repeater":1,"minecraft:dark_oak_slab":1,"minecraft:birch_log":7,"minecraft:wheat":186,"minecraft:wither_rose":1,"minecraft:grass":176,"minecraft:oak_log":19,"minecraft:dirt":501,"minecraft:sand":79,"minecraft:smooth_basalt":4,"minecraft:acacia_sign":1,"minecraft:netherrack":9,"minecraft:oak_leaves":151,"minecraft:deepslate":197,"minecraft:tuff":11,"iceandfire:silver_ore":68,"better_mcdonalds_mod:salt_block":1,"minecraft:mossy_cobblestone":8,"epicsamurai:deepslate_onyx_ore":2,"minecraft:deepslate_diamond_ore":7,"minecraft:stripped_mangrove_log":4,"minecraft:lever":1,"minecraft:glow_lichen":1,"minecraft:dark_oak_fence":1,"epicsamurai:deepslate_ruby_ore":31,"minecraft:stripped_jungle_wood":6,"iceandfire:deepslate_silver_ore":12,"minecraft:acacia_slab":2,"minecraft:hay_block":9,"minecraft:furnace":11,"minecraft:acacia_wood":2,"minecraft:acacia_stairs":10,"minecraft:andesite":66,"minecraft:peony":7,"minecraft:polished_deepslate":3,"minecraft:bookshelf":2,"minecraft:potatoes":1,"minecraft:deepslate_iron_ore":101,"minecraft:vine":1,"minecraft:bamboo":1,"minecraft:stone":1390,"minecraft:bone_block":15,"minecraft:acacia_leaves":2,"epicsamurai:jade_ore":2,"minecraft:glass_pane":4,"minecraft:lily_of_the_valley":1,"minecraft:dandelion":1,"epicsamurai:deepslate_aquamarine_ore":14,"minecraft:crafting_table":34,"minecraft:rose_bush":7,"minecraft:campfire":1,"minecraft:copper_ore":49,"minecraft:tall_grass":18,"minecraft:lapis_ore":8,"minecraft:deepslate_gold_ore":40,"minecraft:diorite":58,"rpgsmw:mineral_ore":5,"minecraft:birch_leaves":4,"minecraft:spruce_log":1,"minecraft:yellow_bed":6,"minecraft:coal_ore":190,"minecraft:cocoa":1,"minecraft:gravel":54,"minecraft:dripstone_block":5,"minecraft:cobweb":1,"minecraft:cracked_stone_bricks":1,"minecraft:acacia_planks":3,"minecraft:stone_bricks":1,"minecraft:gold_ore":14,"minecraft:acacia_wall_sign":1,"minecraft:fern":10,"epicsamurai:ruby_ore":6},"minecraft:killed":{"minecraft:spider":23,"minecraft:skeleton":32,"minecraft:chicken":15,"mowziesmobs:umvuthana_crane":3,"alexsmobs:kangaroo":1,"minecraft:pig":14,"minecraft:salmon":2,"alexsmobs:seal":3,"minecraft:iron_golem":1,"epicsamurai:kitsune":1,"minecraft:sheep":11,"minecraft:trader_llama":2,"minecraft:zombie":59,"alexsmobs:terrapin":3,"alexsmobs:fly":2,"mowziesmobs:umvuthana_raptor":1,"minecraft:cow":17,"alexsmobs:raccoon":2,"epicsamurai:onibi":5,"minecraft:horse":7,"alexsmobs:blue_jay":1,"minecraft:drowned":1,"mowziesmobs:umvuthana":9,"minecraft:husk":5,"alexsmobs:skunk":1,"mowziesmobs:umvuthana_follower_raptor":14,"minecraft:hoglin":2,"alexsmobs:emu":1,"alexsmobs:elephant":1,"alexsmobs:gazelle":7,"minecraft:wither_skeleton":1,"minecraft:villager":1},"minecraft:dropped":{"minecraft:dark_oak_stairs":1,"minecraft:stripped_mangrove_wood":1,"minecraft:oak_log":1,"minecraft:glass_bottle":1,"minecraft:crafting_table":3,"alexsmobs:kangaroo_meat":1,"minecraft:cooked_porkchop":1,"mowziesmobs:umvuthana_mask_faith":8,"iceandfire:podium_acacia":3,"minecraft:mangrove_planks":3,"minecraft:item_frame":2,"minecraft:emerald":1,"minecraft:dirt":78,"spartanshields:stone_tower_shield":1,"minecraft:dark_oak_fence":2,"mowziesmobs:umvuthana_mask_bliss":4,"minecraft:wooden_sword":2,"minecraft:pumpkin_pie":3,"minecraft:dark_oak_planks":2,"minecraft:white_wool":3,"minecraft:bone":11,"minecraft:oak_door":1,"minecraft:gravel":22,"minecraft:sugar_cane":20,"mowziesmobs:umvuthana_mask_rage":2,"alexsmobs:gazelle_horn":3,"minecraft:cobbled_deepslate":2,"minecraft:stripped_jungle_wood":5,"minecraft:wheat":6,"minecraft:obsidian":2,"minecraft:pointed_dripstone":2,"minecraft:rotten_flesh":54,"minecraft:oak_planks":11,"minecraft:mangrove_fence":1,"alexsmobs:kangaroo_hide":3,"minecraft:melon_seeds":4,"minecraft:acacia_slab":3,"minecraft:acacia_sapling":7,"minecraft:chest":4,"minecraft:arrow":20,"minecraft:beef":1,"mowziesmobs:umvuthana_mask_fury":1,"minecraft:egg":2,"minecraft:bread":25,"minecraft:iron_ingot":6,"minecraft:stripped_mangrove_log":3,"minecraft:wheat_seeds":34,"minecraft:mossy_cobblestone":2,"simpletomb:grave_key":4,"minecraft:cobblestone":49,"minecraft:feather":42,"mowziesmobs:umvuthana_mask_fear":7,"minecraft:granite":5,"minecraft:acacia_log":7,"minecraft:stick":40,"minecraft:acacia_sign":1,"epicsamurai:steel_ingot":1,"minecraft:diorite":17,"minecraft:ink_sac":1,"iceandfire:copper_nugget":18,"minecraft:torch":1,"minecraft:melon_slice":25,"minecraft:potion":1,"minecraft:polished_andesite_stairs":2,"minecraft:string":2,"minecraft:acacia_planks":25,"minecraft:dandelion":1,"iceandfire:dragonbone":68,"minecraft:player_head":1,"minecraft:stone_sword":1,"minecraft:raw_copper":4,"minecraft:cocoa_beans":3,"minecraft:tuff":4,"minecraft:clay_ball":5,"iceandfire:silver_ore":1,"iceandfire:copper_axe":1,"minecraft:hay_block":2,"minecraft:stone":2,"mowziesmobs:umvuthana_mask_misery":3,"minecraft:spruce_planks":1,"mowziesmobs:clawed_log":5,"minecraft:andesite":17,"minecraft:light_gray_bed":3,"minecraft:oak_boat":1,"minecraft:spider_eye":1,"minecraft:bamboo":10,"rpgsmw:iron_knife":1,"minecraft:bow":1,"minecraft:stone_pickaxe":2,"minecraft:wooden_pickaxe":2,"minecraft:cyan_bed":7},"minecraft:crafted":{"rpgsmw:blue_fabric":12,"minecraft:smooth_stone":12,"minecraft:oak_planks":80,"epicsamurai:silver_ingot":6,"spartanshields:wooden_tower_shield":3,"minecraft:stone":62,"minecraft:diamond_shovel":1,"securitycraft:keypad_item":6,"rpgsmw:steelnugget":27,"minecraft:heavy_weighted_pressure_plate":6,"minecraft:cooked_mutton":10,"rpgsmw:steel_sword":2,"minecraft:stone_pressure_plate":1,"rpgsmw:steel_ring":1,"minecraft:chest":5,"rpgsmw:miphril_assassin_ring":1,"rpgsmw:gildedmiphril":2,"minecraft:rail":16,"rpgsmw:black_fabric":2,"rpgsmw:woodenfiber":1,"epicsamurai:steel_boots":1,"rpgsmw:steelrainforcedstick":1,"minecraft:smoker":2,"rpgsmw:steel_assassin_armour_leggings":1,"minecraft:emerald":1,"rpgsmw:miphril_sickle":1,"minecraft:crafting_table":13,"minecraft:spruce_planks":4,"minecraft:acacia_slab":6,"minecraft:wooden_pickaxe":5,"minecraft:iron_helmet":1,"rpgsmw:miphrilignot":11,"minecraft:copper_ingot":12,"minecraft:birch_planks":28,"rpgsmw:stone_knife":1,"epicsamurai:steel_nugget":9,"minecraft:iron_chestplate":1,"minecraft:diamond_pickaxe":1,"minecraft:stick":116,"minecraft:iron_ingot":223,"minecraft:iron_pickaxe":7,"minecraft:iron_block":3,"minecraft:stone_sword":2,"minecraft:gold_ingot":35,"spartanshields:wooden_basic_shield":1,"rpgsmw:miphril_ring":1,"rpgsmw:steel_assassin_armour_chestplate":1,"minecraft:wooden_sword":2,"minecraft:iron_nugget":9,"minecraft:blast_furnace":4,"minecraft:furnace":8,"minecraft:stone_button":48,"epicsamurai:steel_helmet":1,"minecraft:piston":8,"rpgsmw:steel_assassin_ring":1,"rpgsmw:iron_knife":2,"spartanshields:diamond_basic_shield":1,"spartanshields:stone_tower_shield":1,"rpgsmw:steel_assassin_armour_helmet":1,"minecraft:flint_and_steel":1,"minecraft:iron_axe":1,"minecraft:stone_pickaxe":6,"spartanshields:steel_tower_shield":2,"minecraft:minecart":1,"minecraft:wheat":72,"rpgsmw:fabric":12,"minecraft:cooked_beef":13,"epicsamurai:steel_chestplate":2,"epicsamurai:steel_leggings":1,"iceandfire:silver_ingot":6,"rpgsmw:steel":14,"minecraft:iron_sword":1,"alexsmobs:boiled_emu_egg":1,"rpgsmw:steel_pickaxe":1,"minecraft:bucket":3,"minecraft:bread":54,"rpgsmw:rainforcedstick":3,"minecraft:air":0,"minecraft:jungle_planks":4,"minecraft:blue_dye":12,"rpgsmw:iron_ring":1,"rpgsmw:gold_assassin_ring":1,"minecraft:gold_nugget":9,"minecraft:acacia_sign":3,"rpgsmw:gold_ring":1,"rpgsmw:iron_assassin_ring":1,"minecraft:iron_shovel":2,"rpgsmw:steel_assassin_armour_boots":1,"minecraft:anvil":1,"minecraft:white_bed":1,"rpgsmw:miphril_nugget":8,"epicsamurai:steel_ingot":60,"minecraft:acacia_planks":252,"minecraft:torch":52}},"DataVersion":3120}