{"stats":{"minecraft:picked_up":{"minecraft:oak_log":2},"minecraft:mined":{"minecraft:grass":1,"minecraft:oak_log":1},"minecraft:used":{"minecraft:oak_planks":8},"minecraft:crafted":{"minecraft:oak_planks":8},"minecraft:custom":{"minecraft:jump":94,"minecraft:time_since_rest":5926,"minecraft:damage_dealt":41,"minecraft:interact_with_blast_furnace":1,"minecraft:crouch_one_cm":56,"minecraft:damage_taken":340,"minecraft:sprint_one_cm":8620,"minecraft:play_time":5926,"minecraft:time_since_death":5926,"minecraft:walk_one_cm":18392,"minecraft:sneak_time":26,"minecraft:total_world_time":5926,"minecraft:mob_kills":1,"minecraft:tune_noteblock":9,"minecraft:fall_one_cm":3710,"minecraft:fly_one_cm":12852}},"DataVersion":3120}