{"stats":{"minecraft:picked_up":{"epicsamurai:steel_ingot":1,"minecraft:lead":4,"minecraft:wither_rose":2,"minecraft:amethyst_block":8,"minecraft:string":31,"diamethysts:diamethyst_shard":1,"minecraft:beetroot":3,"minecraft:cobbled_deepslate":194,"minecraft:gold_nugget":183,"alexsmobs:emu_feather":2,"rpgsmw:rawmiphrilignot":11,"minecraft:spruce_planks":3,"minecraft:acacia_sign":4,"minecraft:melon_slice":193,"minecraft:acacia_log":104,"iceandfire:silver_ore":66,"alexsmobs:centipede_leg":1,"minecraft:orange_bed":12,"minecraft:light_gray_bed":7,"alexsmobs:boiled_emu_egg":1,"minecraft:iron_bars":1,"minecraft:birch_log":8,"minecraft:feather":90,"minecraft:cooked_beef":1,"minecraft:iron_door":1,"minecraft:jungle_log":4,"minecraft:smoker":2,"minecraft:flint":17,"alexsmobs:mosquito_larva":2,"epicsamurai:raw_silver":46,"iceandfire:dragon_skull_fire":1,"minecraft:ink_sac":1,"minecraft:acacia_stairs":10,"alexsmobs:animal_dictionary":2,"alexsmobs:kangaroo_hide":3,"minecraft:lever":6,"minecraft:granite":41,"minecraft:bread":96,"alexsmobs:maggot":5,"epicsamurai:ruby":37,"minecraft:dark_oak_fence":2,"minecraft:crafting_table":40,"iceandfire:dragon_skull_lightning":4,"minecraft:coarse_dirt":1,"iceandfire:witherbone":3,"minecraft:clay_ball":21,"minecraft:stripped_mangrove_log":5,"minecraft:red_bed":7,"minecraft:acacia_door":1,"epicsamurai:jade":62,"minecraft:cracked_stone_bricks":1,"iceandfire:bestiary":2,"minecraft:beef":36,"minecraft:poppy":2,"minecraft:minecart":1,"minecraft:chest":8,"minecraft:birch_sapling":2,"minecraft:egg":12,"minecraft:stone":2,"minecraft:oak_door":1,"minecraft:redstone":127,"mowziesmobs:umvuthana_mask_faith":11,"minecraft:beetroot_seeds":1,"minecraft:peony":7,"minecraft:hay_block":10,"mowziesmobs:umvuthana_mask_bliss":7,"minecraft:mutton":25,"minecraft:bone_block":14,"alexsmobs:kangaroo_meat":1,"minecraft:white_wool":12,"minecraft:oxeye_daisy":1,"rpgsmw:stone_knife":1,"minecraft:acacia_wood":2,"minecraft:oak_log":34,"minecraft:paper":6,"minecraft:stone_bricks":1,"mowziesmobs:umvuthana_mask_rage":3,"minecraft:kelp":64,"alexsmobs:cockroach_wing_fragment":2,"minecraft:stone_pickaxe":2,"minecraft:glass_bottle":1,"minecraft:mangrove_planks":3,"epicsamurai:aquamarine":14,"minecraft:dark_oak_stairs":1,"minecraft:polished_andesite_stairs":2,"iceandfire:copper_nugget":18,"minecraft:smooth_basalt":3,"minecraft:dark_oak_slab":1,"mowziesmobs:clawed_log":5,"minecraft:gravel":174,"minecraft:spruce_log":1,"minecraft:leather_helmet":1,"minecraft:stone_axe":1,"mowziesmobs:umvuthana_mask_fear":8,"minecraft:melon_seeds":36,"minecraft:hopper":2,"minecraft:wheat":125,"alexsmobs:gazelle_horn":6,"minecraft:waxed_cut_copper_slab":20,"minecraft:raw_copper":205,"minecraft:rose_bush":3,"minecraft:calcite":5,"minecraft:smooth_quartz":1,"minecraft:furnace":13,"minecraft:stick":29,"iceandfire:ghost_chest":1,"minecraft:torch":7,"minecraft:porkchop":44,"minecraft:pointed_dripstone":11,"minecraft:diorite":52,"minecraft:rotten_flesh":119,"alexsmobs:emu_egg":13,"rpgsmw:edmantium":5,"minecraft:stripped_birch_wood":2,"minecraft:obsidian":7,"minecraft:cobblestone":1466,"minecraft:leather_chestplate":1,"minecraft:repeater":1,"minecraft:andesite":65,"minecraft:potato":15,"minecraft:tuff":11,"minecraft:lapis_lazuli":180,"minecraft:dirt":863,"minecraft:mangrove_fence":1,"minecraft:leather_boots":2,"minecraft:bone":70,"minecraft:acacia_planks":29,"minecraft:bow":5,"better_mcdonalds_mod:salt":3,"minecraft:wheat_seeds":421,"minecraft:raw_gold":58,"minecraft:bamboo":10,"minecraft:oak_planks":12,"minecraft:cooked_porkchop":1,"minecraft:sand":87,"minecraft:cyan_bed":10,"minecraft:lily_of_the_valley":1,"minecraft:mossy_cobblestone":5,"minecraft:light_gray_concrete":2,"minecraft:diamond":7,"iceandfire:fire_dragon_blood":1,"waystones:waystone":2,"minecraft:golden_apple":7,"minecraft:oak_sapling":12,"minecraft:netherrack":59,"minecraft:oak_leaves":3,"minecraft:cocoa_beans":3,"minecraft:charcoal":2,"minecraft:splash_potion":1,"minecraft:chicken":15,"minecraft:ladder":1,"iceandfire:fire_lily":1,"minecraft:wooden_sword":1,"minecraft:item_frame":2,"spartanshields:stone_tower_shield":1,"minecraft:cyan_carpet":1,"minecraft:oak_boat":1,"minecraft:player_head":1,"minecraft:sugar_cane":23,"iceandfire:podium_acacia":3,"minecraft:raw_iron":271,"iceandfire:dragonbone":128,"minecraft:stripped_mangrove_wood":2,"minecraft:note_block":9,"minecraft:iron_horse_armor":1,"minecraft:dark_oak_planks":6,"iceandfire:silver_ingot":4,"minecraft:arrow":48,"minecraft:pumpkin_pie":3,"iceandfire:chared_dirt":2,"iceandfire:deepslate_silver_ore":11,"minecraft:glistering_melon_slice":5,"mowziesmobs:umvuthana_mask_fury":3,"minecraft:glow_ink_sac":4,"minecraft:salmon":1,"minecraft:leather":34,"rpgsmw:iron_knife":2,"minecraft:yellow_bed":6,"simpletomb:grave_key":3,"minecraft:cooked_mutton":2,"minecraft:iron_ingot":55,"mowziesmobs:umvuthana_mask_misery":4,"minecraft:acacia_sapling":12,"minecraft:soul_sand":2,"minecraft:book":18,"epicsamurai:onyx":2,"minecraft:chiseled_stone_bricks":5,"iceandfire:ash":3,"minecraft:quartz":8,"minecraft:dandelion":1,"minecraft:dripstone_block":5,"minecraft:amethyst_shard":10,"minecraft:blast_furnace":8,"minecraft:white_bed":9,"minecraft:spider_eye":8,"minecraft:stripped_jungle_wood":6,"minecraft:acacia_slab":3,"minecraft:black_wool":2,"minecraft:coal":268},"minecraft:broken":{"mowziesmobs:umvuthana_mask_fury":1,"minecraft:leather_helmet":1,"minecraft:stone_sword":1,"minecraft:wooden_pickaxe":2,"minecraft:iron_pickaxe":6,"minecraft:iron_shovel":1,"minecraft:stone_pickaxe":6,"minecraft:stone_axe":1,"rpgsmw:steel_assassin_armour_helmet":1,"minecraft:leather_boots":1},"minecraft:killed_by":{"epicsamurai:onibi":3,"mowziesmobs:umvuthana_follower_raptor":1,"mowziesmobs:umvuthana":19,"alexsmobs:rhinoceros":2,"minecraft:zombie":6,"minecraft:husk":1,"alexsmobs:kangaroo":2,"iceandfire:ghost":5,"epicsamurai:kitsune":5,"minecraft:wither_skeleton":7,"minecraft:creeper":6,"alexsmobs:emu":1,"mowziesmobs:umvuthi":11,"alexsmobs:crocodile":1,"iceandfire:fire_dragon":1,"minecraft:player":6,"minecraft:spider":3,"minecraft:skeleton":20,"minecraft:phantom":1,"iceandfire:lightning_dragon":3},"minecraft:used":{"alexsmobs:emu_egg":9,"minecraft:beetroot":3,"minecraft:peony":1,"iceandfire:deepslate_silver_ore":2,"minecraft:poppy":1,"minecraft:chest":14,"minecraft:rotten_flesh":49,"securitycraft:keypad_item":6,"minecraft:acacia_sapling":3,"minecraft:birch_sapling":2,"iceandfire:ghost_chest":1,"rpgsmw:steel_sword":506,"minecraft:dark_oak_slab":1,"minecraft:stripped_mangrove_log":2,"minecraft:bow":59,"minecraft:furnace":13,"minecraft:oak_sapling":12,"minecraft:egg":1,"minecraft:diorite":18,"minecraft:wooden_pickaxe":141,"minecraft:composter":2,"minecraft:stripped_mangrove_wood":1,"minecraft:oak_leaves":2,"minecraft:golden_apple":7,"minecraft:sand":10,"spartanshields:diamond_basic_shield":1,"minecraft:blast_furnace":10,"minecraft:wooden_sword":12,"minecraft:birch_log":1,"iceandfire:fire_lily":1,"minecraft:stone_sword":223,"minecraft:acacia_log":4,"minecraft:netherrack":43,"minecraft:orange_bed":11,"minecraft:torch":17,"minecraft:anvil":1,"minecraft:iron_axe":37,"minecraft:smooth_basalt":3,"minecraft:beef":18,"minecraft:acacia_planks":83,"minecraft:cobbled_deepslate":186,"minecraft:pointed_dripstone":1,"minecraft:calcite":5,"minecraft:wheat_seeds":1,"minecraft:water_bucket":86,"minecraft:birch_planks":6,"minecraft:cracked_stone_bricks":1,"iceandfire:chared_dirt":2,"minecraft:salmon":1,"minecraft:rail":1,"minecraft:crafting_table":47,"minecraft:red_bed":7,"minecraft:white_bed":8,"minecraft:cake":3,"minecraft:oak_log":1,"minecraft:diamond_pickaxe":411,"minecraft:oxeye_daisy":1,"minecraft:diamond_shovel":249,"minecraft:acacia_sign":4,"iceandfire:dragonbone_sword_fire":31,"minecraft:iron_pickaxe":1513,"minecraft:chiseled_stone_bricks":3,"minecraft:cobblestone":913,"minecraft:potion":3,"minecraft:porkchop":32,"minecraft:cooked_porkchop":2,"spartanshields:steel_tower_shield":139,"minecraft:iron_shovel":475,"minecraft:iron_sword":174,"minecraft:stripped_jungle_wood":1,"minecraft:mutton":11,"minecraft:carrot":3,"minecraft:milk_bucket":1,"minecraft:obsidian":14,"mowziesmobs:umvuthana_mask_faith":1,"minecraft:stone_bricks":1,"rpgsmw:steel_pickaxe":232,"minecraft:stone_pickaxe":867,"minecraft:oak_planks":20,"rpgsmw:miphril_sickle":62,"rpgsmw:steel_assassin_armour_helmet":1,"spartanshields:stone_tower_shield":23,"minecraft:dripstone_block":5,"minecraft:note_block":3,"minecraft:acacia_door":1,"minecraft:cyan_bed":3,"minecraft:bread":115,"minecraft:melon_slice":135,"minecraft:gravel":119,"minecraft:andesite":42,"minecraft:experience_bottle":5,"minecraft:flint_and_steel":1,"minecraft:spruce_planks":4,"simpletomb:grave_key":132,"minecraft:dirt":701,"minecraft:hopper":4,"minecraft:granite":24,"minecraft:acacia_slab":1,"minecraft:golden_carrot":24,"minecraft:waxed_cut_copper_slab":7,"minecraft:minecart":2,"minecraft:cooked_beef":3,"minecraft:light_gray_bed":3,"alexsmobs:boiled_emu_egg":2,"minecraft:cooked_mutton":11,"minecraft:amethyst_block":8,"minecraft:glass_bottle":2,"rpgsmw:stone_knife":34,"minecraft:smoker":4,"minecraft:acacia_stairs":8,"minecraft:black_wool":1,"minecraft:apple":6,"minecraft:chicken":8,"iceandfire:ash":3,"rpgsmw:iron_knife":116,"minecraft:stone_axe":42,"minecraft:bucket":89,"minecraft:yellow_bed":6,"minecraft:pumpkin_pie":30,"minecraft:wither_rose":1,"alexsmobs:animal_dictionary":1,"minecraft:splash_potion":1},"minecraft:custom":{"minecraft:interact_with_crafting_table":198,"minecraft:open_barrel":36,"minecraft:bell_ring":2,"minecraft:eat_cake_slice":19,"minecraft:leave_game":23,"minecraft:time_since_death":17352,"minecraft:damage_blocked_by_shield":6423,"minecraft:play_time":1236117,"minecraft:deaths":132,"minecraft:jump":25773,"minecraft:interact_with_furnace":144,"minecraft:traded_with_villager":1,"minecraft:sleep_in_bed":75,"minecraft:waystone_activated":1,"minecraft:damage_dealt":44230,"minecraft:interact_with_smoker":29,"minecraft:interact_with_smithing_table":2,"minecraft:interact_with_anvil":9,"minecraft:inspect_hopper":5,"minecraft:sneak_time":9313,"minecraft:interact_with_blast_furnace":112,"minecraft:total_world_time":1236117,"minecraft:tune_noteblock":37,"minecraft:time_since_rest":17408,"minecraft:swim_one_cm":314231,"minecraft:fly_one_cm":4415339,"minecraft:open_chest":517,"minecraft:fall_one_cm":994300,"minecraft:damage_resisted":3170,"minecraft:sprint_one_cm":2864508,"minecraft:drop":488,"minecraft:play_noteblock":6,"minecraft:talked_to_villager":21,"minecraft:walk_on_water_one_cm":326569,"minecraft:interact_with_loom":1,"minecraft:player_kills":5,"minecraft:crouch_one_cm":21573,"minecraft:mob_kills":276,"minecraft:damage_dealt_resisted":90,"minecraft:climb_one_cm":45167,"minecraft:walk_one_cm":2450778,"minecraft:walk_under_water_one_cm":268010,"minecraft:boat_one_cm":3835,"spartanshields:shield_bash_hits":4,"minecraft:damage_taken":53775,"minecraft:damage_absorbed":183,"minecraft:trigger_trapped_chest":1,"minecraft:minecart_one_cm":2146},"minecraft:mined":{"minecraft:dark_oak_planks":4,"minecraft:white_bed":9,"iceandfire:copper_pile":1,"minecraft:jungle_leaves":7,"minecraft:red_nether_bricks":1,"mowziesmobs:clawed_log":2,"minecraft:obsidian":9,"minecraft:granite":40,"minecraft:acacia_log":100,"minecraft:jungle_log":4,"minecraft:light_gray_bed":8,"minecraft:hopper":2,"minecraft:chiseled_stone_bricks":6,"minecraft:spawner":9,"minecraft:tall_seagrass":15,"epicsamurai:deepslate_jade_ore":43,"minecraft:cobbled_deepslate":2,"minecraft:sticky_piston":1,"minecraft:fire":1,"minecraft:deepslate_lapis_ore":18,"iceandfire:gold_pile":12,"minecraft:dirt_path":49,"minecraft:quartz_slab":2,"minecraft:light_gray_concrete":4,"minecraft:stripped_mangrove_wood":2,"minecraft:player_head":1,"minecraft:orange_bed":12,"minecraft:red_bed":7,"minecraft:kelp_plant":17,"minecraft:smoker":2,"minecraft:amethyst_cluster":2,"iceandfire:podium_acacia":1,"minecraft:torch":3,"minecraft:note_block":5,"minecraft:blast_furnace":10,"minecraft:melon":38,"minecraft:polished_andesite_stairs":2,"minecraft:cyan_bed":5,"minecraft:sugar_cane":7,"minecraft:amethyst_block":8,"minecraft:repeater":1,"minecraft:light_gray_stained_glass":2,"minecraft:wheat":186,"minecraft:wither_rose":1,"minecraft:grass":296,"minecraft:smooth_quartz":3,"minecraft:smooth_basalt":4,"minecraft:acacia_sign":1,"minecraft:deepslate":197,"iceandfire:silver_ore":68,"minecraft:mossy_cobblestone":8,"better_mcdonalds_mod:salt_block":1,"epicsamurai:deepslate_onyx_ore":2,"minecraft:dark_oak_fence":1,"minecraft:stripped_jungle_wood":6,"iceandfire:deepslate_silver_ore":12,"minecraft:kelp":6,"minecraft:black_stained_glass_pane":2,"minecraft:acacia_wood":2,"minecraft:andesite":66,"minecraft:potatoes":1,"minecraft:vine":5,"minecraft:bamboo":1,"minecraft:bone_block":15,"epicsamurai:jade_ore":2,"minecraft:glass_pane":4,"minecraft:soul_sand":2,"minecraft:lily_of_the_valley":1,"minecraft:dandelion":1,"minecraft:campfire":1,"minecraft:tall_grass":19,"minecraft:copper_ore":49,"minecraft:deepslate_gold_ore":40,"minecraft:diorite":58,"minecraft:coarse_dirt":1,"minecraft:spruce_log":1,"minecraft:birch_leaves":7,"minecraft:gravel":143,"minecraft:dripstone_block":5,"minecraft:cobweb":1,"minecraft:acacia_planks":9,"minecraft:stone_bricks":1,"minecraft:gold_ore":14,"minecraft:fern":13,"minecraft:waxed_cut_copper_slab":9,"minecraft:large_amethyst_bud":1,"minecraft:spruce_planks":3,"minecraft:attached_melon_stem":6,"minecraft:oak_sapling":1,"minecraft:budding_amethyst":1,"minecraft:grass_block":289,"minecraft:mangrove_fence":1,"minecraft:iron_ore":169,"minecraft:pointed_dripstone":7,"minecraft:iron_bars":1,"epicsamurai:deepslate_silver_ore":47,"minecraft:deepslate_redstone_ore":24,"minecraft:melon_stem":8,"minecraft:clay":5,"minecraft:calcite":6,"minecraft:poppy":1,"iceandfire:ghost_chest":1,"minecraft:chest":5,"iceandfire:fire_lily":1,"minecraft:nether_quartz_ore":10,"minecraft:cobblestone":113,"minecraft:oak_planks":2,"minecraft:deepslate_copper_ore":5,"minecraft:seagrass":4,"minecraft:dark_oak_slab":1,"minecraft:birch_log":7,"minecraft:oak_log":31,"minecraft:sand":88,"minecraft:dirt":508,"minecraft:dispenser":1,"minecraft:netherrack":71,"minecraft:oak_leaves":221,"minecraft:tuff":11,"minecraft:stripped_mangrove_log":4,"minecraft:deepslate_diamond_ore":7,"minecraft:glow_lichen":1,"minecraft:lever":1,"epicsamurai:deepslate_ruby_ore":31,"iceandfire:chared_dirt":3,"minecraft:acacia_slab":2,"minecraft:hay_block":9,"minecraft:furnace":13,"minecraft:acacia_stairs":10,"minecraft:peony":7,"minecraft:polished_deepslate":3,"minecraft:bookshelf":2,"minecraft:deepslate_iron_ore":101,"minecraft:stone":1390,"minecraft:acacia_leaves":6,"epicsamurai:deepslate_aquamarine_ore":14,"minecraft:crafting_table":39,"minecraft:rose_bush":7,"minecraft:lapis_ore":8,"rpgsmw:mineral_ore":5,"iceandfire:ash":5,"minecraft:yellow_bed":6,"minecraft:coal_ore":190,"minecraft:cocoa":1,"minecraft:cracked_stone_bricks":1,"minecraft:acacia_wall_sign":1,"epicsamurai:ruby_ore":6},"minecraft:killed":{"minecraft:skeleton":34,"minecraft:chicken":15,"mowziesmobs:umvuthana_crane":3,"minecraft:salmon":2,"minecraft:iron_golem":1,"alexsmobs:seal":3,"minecraft:zombie":61,"minecraft:cow":18,"alexsmobs:raccoon":2,"minecraft:horse":7,"minecraft:husk":5,"alexsmobs:elephant":2,"iceandfire:ghost":1,"minecraft:spider":24,"alexsmobs:kangaroo":1,"minecraft:pig":15,"epicsamurai:kitsune":1,"minecraft:sheep":12,"minecraft:trader_llama":4,"alexsmobs:terrapin":3,"alexsmobs:fly":2,"mowziesmobs:umvuthana_raptor":1,"epicsamurai:onibi":5,"alexsmobs:blue_jay":1,"minecraft:drowned":1,"mowziesmobs:umvuthana":9,"alexsmobs:skunk":1,"mowziesmobs:umvuthana_follower_raptor":14,"minecraft:hoglin":2,"alexsmobs:emu":1,"alexsmobs:gazelle":8,"minecraft:wither_skeleton":1,"minecraft:villager":2},"minecraft:dropped":{"minecraft:stripped_mangrove_wood":1,"minecraft:glass_bottle":1,"minecraft:crafting_table":3,"alexsmobs:kangaroo_meat":1,"minecraft:cooked_porkchop":1,"minecraft:item_frame":2,"minecraft:emerald":1,"minecraft:dirt":78,"minecraft:dark_oak_fence":2,"mowziesmobs:umvuthana_mask_bliss":4,"minecraft:wooden_sword":2,"minecraft:gold_nugget":6,"minecraft:dark_oak_planks":2,"minecraft:white_wool":4,"minecraft:bone":11,"minecraft:oak_door":1,"minecraft:sugar_cane":20,"mowziesmobs:umvuthana_mask_rage":2,"alexsmobs:gazelle_horn":3,"minecraft:cobbled_deepslate":2,"minecraft:wheat":6,"minecraft:obsidian":2,"minecraft:rotten_flesh":54,"minecraft:oak_planks":15,"minecraft:mangrove_fence":1,"minecraft:acacia_sapling":7,"minecraft:ladder":1,"minecraft:beef":1,"minecraft:egg":2,"minecraft:iron_ingot":6,"minecraft:stripped_mangrove_log":3,"minecraft:wheat_seeds":34,"simpletomb:grave_key":4,"minecraft:cobblestone":49,"minecraft:feather":42,"mowziesmobs:umvuthana_mask_fear":7,"minecraft:granite":5,"minecraft:golden_apple":5,"minecraft:acacia_sign":1,"minecraft:ink_sac":1,"iceandfire:copper_nugget":18,"minecraft:potion":1,"minecraft:string":4,"minecraft:acacia_planks":25,"minecraft:player_head":1,"minecraft:stone_sword":1,"minecraft:cocoa_beans":3,"minecraft:clay_ball":5,"minecraft:light_gray_concrete":2,"iceandfire:copper_axe":1,"minecraft:hay_block":2,"minecraft:stone":2,"minecraft:spruce_planks":1,"mowziesmobs:clawed_log":5,"minecraft:spider_eye":1,"minecraft:bamboo":10,"minecraft:bow":1,"rpgsmw:iron_knife":1,"minecraft:cyan_bed":7,"minecraft:dark_oak_stairs":1,"minecraft:oak_log":1,"mowziesmobs:umvuthana_mask_faith":8,"iceandfire:podium_acacia":3,"minecraft:leather":2,"minecraft:mangrove_planks":3,"spartanshields:stone_tower_shield":1,"minecraft:pumpkin_pie":8,"minecraft:gravel":22,"minecraft:stripped_jungle_wood":5,"minecraft:pointed_dripstone":2,"alexsmobs:kangaroo_hide":3,"minecraft:melon_seeds":4,"minecraft:acacia_slab":3,"minecraft:chest":4,"minecraft:arrow":20,"minecraft:oak_leaves":1,"mowziesmobs:umvuthana_mask_fury":1,"minecraft:bread":25,"minecraft:mossy_cobblestone":2,"minecraft:acacia_log":7,"minecraft:stick":40,"epicsamurai:steel_ingot":1,"minecraft:diorite":17,"minecraft:torch":1,"minecraft:melon_slice":25,"minecraft:smooth_quartz":1,"minecraft:polished_andesite_stairs":2,"minecraft:dandelion":1,"iceandfire:dragonbone":72,"alexsmobs:maggot":2,"minecraft:coarse_dirt":1,"minecraft:raw_copper":4,"minecraft:tuff":4,"iceandfire:witherbone":1,"iceandfire:silver_ore":1,"mowziesmobs:umvuthana_mask_misery":3,"minecraft:andesite":17,"minecraft:light_gray_bed":3,"minecraft:oak_boat":1,"minecraft:stone_pickaxe":2,"minecraft:wooden_pickaxe":2},"minecraft:crafted":{"rpgsmw:blue_fabric":12,"minecraft:smooth_stone":12,"epicsamurai:silver_ingot":6,"spartanshields:wooden_tower_shield":3,"securitycraft:keypad_item":6,"minecraft:diamond_shovel":1,"minecraft:cooked_mutton":10,"minecraft:glass":64,"minecraft:stone_pressure_plate":1,"rpgsmw:miphril_assassin_ring":1,"rpgsmw:gildedmiphril":2,"rpgsmw:black_fabric":2,"rpgsmw:steelrainforcedstick":1,"minecraft:emerald":1,"rpgsmw:miphril_sickle":1,"minecraft:acacia_slab":6,"rpgsmw:miphrilignot":11,"minecraft:copper_ingot":12,"epicsamurai:steel_nugget":9,"minecraft:iron_pickaxe":7,"minecraft:iron_block":3,"minecraft:gold_ingot":56,"spartanshields:wooden_basic_shield":1,"minecraft:composter":2,"rpgsmw:steel_assassin_armour_chestplate":1,"minecraft:iron_nugget":9,"iceandfire:dragonbone_sword_fire":1,"epicsamurai:steel_helmet":1,"rpgsmw:steel_assassin_ring":1,"rpgsmw:steel_assassin_armour_helmet":1,"minecraft:stone_pickaxe":7,"minecraft:wheat":72,"rpgsmw:fabric":12,"epicsamurai:steel_leggings":1,"iceandfire:dragonbone_sword":1,"rpgsmw:steel":14,"rpgsmw:steel_pickaxe":1,"minecraft:jungle_slab":6,"rpgsmw:rainforcedstick":3,"rpgsmw:iron_ring":1,"minecraft:acacia_sign":3,"rpgsmw:gold_ring":1,"rpgsmw:iron_assassin_ring":1,"minecraft:iron_shovel":2,"minecraft:white_bed":1,"epicsamurai:steel_ingot":60,"minecraft:oak_planks":104,"minecraft:stone":62,"rpgsmw:steelnugget":27,"minecraft:heavy_weighted_pressure_plate":6,"rpgsmw:steel_sword":2,"minecraft:hopper":6,"minecraft:bow":1,"rpgsmw:steel_ring":1,"minecraft:chest":16,"minecraft:rail":16,"rpgsmw:woodenfiber":1,"epicsamurai:steel_boots":1,"minecraft:smoker":2,"minecraft:oak_slab":18,"rpgsmw:steel_assassin_armour_leggings":1,"minecraft:arrow":36,"minecraft:crafting_table":14,"minecraft:spruce_planks":4,"minecraft:wooden_pickaxe":5,"minecraft:iron_helmet":1,"minecraft:birch_planks":28,"rpgsmw:stone_knife":1,"minecraft:iron_chestplate":1,"minecraft:diamond_pickaxe":1,"minecraft:stick":144,"minecraft:iron_ingot":244,"minecraft:stone_sword":2,"rpgsmw:miphril_ring":1,"minecraft:wooden_sword":2,"minecraft:furnace":8,"minecraft:stone_button":48,"minecraft:blast_furnace":4,"minecraft:piston":8,"rpgsmw:iron_knife":2,"spartanshields:diamond_basic_shield":1,"spartanshields:stone_tower_shield":1,"minecraft:flint_and_steel":1,"minecraft:iron_axe":1,"spartanshields:steel_tower_shield":2,"minecraft:observer":8,"minecraft:minecart":1,"minecraft:cooked_beef":13,"epicsamurai:steel_chestplate":2,"iceandfire:silver_ingot":6,"minecraft:iron_sword":1,"alexsmobs:boiled_emu_egg":1,"minecraft:bucket":3,"minecraft:air":0,"minecraft:bread":54,"minecraft:jungle_planks":16,"minecraft:blue_dye":12,"rpgsmw:gold_assassin_ring":1,"minecraft:gold_nugget":9,"rpgsmw:steel_assassin_armour_boots":1,"minecraft:anvil":1,"rpgsmw:miphril_nugget":8,"minecraft:acacia_planks":336,"minecraft:torch":52}},"DataVersion":3120}