{"stats":{"minecraft:broken":{"minecraft:stone_sword":1,"minecraft:stone_pickaxe":1,"minecraft:leather_helmet":1},"minecraft:killed":{"minecraft:spider":2,"minecraft:skeleton":5,"minecraft:drowned":1,"minecraft:husk":5,"minecraft:zombie":2},"minecraft:crafted":{"minecraft:oak_planks":36,"spartanshields:wooden_tower_shield":1,"spartanshields:stone_tower_shield":1,"minecraft:stone_pickaxe":2,"rpgsmw:woodenfiber":1,"minecraft:crafting_table":3,"minecraft:wooden_pickaxe":1,"minecraft:copper_ingot":12,"minecraft:air":0,"rpgsmw:stone_knife":1,"minecraft:stick":28,"minecraft:iron_ingot":11,"minecraft:iron_pickaxe":1,"minecraft:stone_sword":1,"minecraft:acacia_planks":8},"minecraft:used":{"minecraft:beetroot":3,"minecraft:stone_sword":128,"minecraft:rotten_flesh":26,"simpletomb:grave_key":11,"minecraft:dirt":4,"minecraft:carrot":3,"minecraft:bow":5,"minecraft:waxed_cut_copper_slab":7,"minecraft:oak_sapling":1,"minecraft:cobbled_deepslate":7,"minecraft:acacia_planks":2,"minecraft:cooked_mutton":1,"minecraft:stone_pickaxe":179,"minecraft:oak_planks":20,"minecraft:wooden_pickaxe":46,"rpgsmw:stone_knife":31,"minecraft:golden_apple":1,"minecraft:stripped_mangrove_wood":1,"minecraft:crafting_table":12,"minecraft:blast_furnace":2,"spartanshields:stone_tower_shield":16,"minecraft:note_block":2,"minecraft:cake":3,"minecraft:oak_log":1,"minecraft:apple":3,"minecraft:oxeye_daisy":1,"minecraft:cyan_bed":1,"minecraft:bread":34,"minecraft:iron_pickaxe":142,"minecraft:cobblestone":81,"minecraft:andesite":17,"minecraft:pumpkin_pie":7,"alexsmobs:animal_dictionary":1,"iceandfire:deepslate_silver_ore":1},"minecraft:killed_by":{"minecraft:player":2,"minecraft:creeper":1,"minecraft:spider":1,"minecraft:skeleton":4,"alexsmobs:rhinoceros":1},"minecraft:custom":{"minecraft:mob_kills":14,"minecraft:interact_with_crafting_table":18,"minecraft:open_barrel":9,"minecraft:eat_cake_slice":18,"minecraft:time_since_death":22646,"minecraft:climb_one_cm":1077,"minecraft:damage_resisted":846,"minecraft:sprint_one_cm":295433,"minecraft:walk_one_cm":265964,"minecraft:damage_blocked_by_shield":665,"minecraft:drop":50,"minecraft:play_noteblock":5,"minecraft:talked_to_villager":1,"minecraft:play_time":112778,"minecraft:deaths":9,"minecraft:sneak_time":201,"minecraft:walk_under_water_one_cm":3033,"minecraft:jump":2005,"minecraft:interact_with_blast_furnace":16,"minecraft:walk_on_water_one_cm":16193,"minecraft:total_world_time":112778,"minecraft:interact_with_furnace":2,"spartanshields:shield_bash_hits":1,"minecraft:tune_noteblock":31,"minecraft:sleep_in_bed":5,"minecraft:time_since_rest":22683,"minecraft:damage_taken":5654,"minecraft:damage_absorbed":40,"minecraft:damage_dealt":3626,"minecraft:swim_one_cm":30702,"minecraft:fly_one_cm":357264,"minecraft:open_chest":8,"minecraft:crouch_one_cm":316,"minecraft:fall_one_cm":79991},"minecraft:dropped":{"minecraft:iron_ingot":2,"minecraft:bread":8,"minecraft:stripped_mangrove_wood":1,"minecraft:dark_oak_stairs":1,"minecraft:wheat_seeds":2,"minecraft:oak_log":1,"minecraft:item_frame":2,"minecraft:stick":3,"minecraft:dirt":4,"minecraft:diorite":2,"minecraft:dark_oak_fence":2,"minecraft:potion":1,"minecraft:pumpkin_pie":3,"minecraft:polished_andesite_stairs":2,"minecraft:dark_oak_planks":2,"iceandfire:dragonbone":68,"minecraft:bone":1,"minecraft:sugar_cane":4,"minecraft:raw_copper":4,"minecraft:obsidian":2,"iceandfire:silver_ore":1,"minecraft:hay_block":1,"minecraft:andesite":8,"minecraft:arrow":6,"minecraft:bow":1},"minecraft:picked_up":{"iceandfire:dragon_skull_lightning":2,"minecraft:charcoal":2,"minecraft:crafting_table":10,"minecraft:raw_copper":41,"minecraft:waxed_cut_copper_slab":14,"minecraft:item_frame":2,"epicsamurai:jade":5,"minecraft:cyan_carpet":1,"minecraft:beetroot":3,"minecraft:cobbled_deepslate":7,"minecraft:spruce_planks":3,"minecraft:player_head":1,"minecraft:sugar_cane":8,"minecraft:stick":1,"minecraft:raw_iron":11,"minecraft:stripped_mangrove_wood":2,"iceandfire:dragonbone":92,"minecraft:acacia_log":2,"iceandfire:silver_ore":1,"minecraft:note_block":5,"minecraft:diorite":2,"minecraft:redstone":22,"minecraft:dark_oak_planks":6,"minecraft:arrow":11,"minecraft:rotten_flesh":27,"minecraft:hay_block":2,"iceandfire:deepslate_silver_ore":1,"minecraft:glistering_melon_slice":5,"minecraft:cobblestone":159,"minecraft:oxeye_daisy":1,"minecraft:andesite":25,"minecraft:potato":12,"minecraft:oak_log":11,"minecraft:dirt":8,"minecraft:cooked_mutton":1,"minecraft:leather_boots":1,"minecraft:bone":7,"minecraft:bow":1,"minecraft:wheat_seeds":3,"minecraft:iron_ingot":5,"minecraft:mangrove_planks":1,"minecraft:oak_planks":7,"minecraft:dark_oak_stairs":1,"minecraft:book":6,"minecraft:polished_andesite_stairs":2,"minecraft:blast_furnace":3,"minecraft:cyan_bed":1,"alexsmobs:animal_dictionary":1,"minecraft:leather_helmet":1,"minecraft:granite":2,"minecraft:golden_apple":1,"minecraft:bread":65,"minecraft:oak_sapling":1,"epicsamurai:ruby":1,"minecraft:dark_oak_fence":2,"minecraft:coal":10},"minecraft:mined":{"minecraft:dark_oak_planks":4,"minecraft:waxed_cut_copper_slab":6,"minecraft:spruce_planks":3,"iceandfire:silver_ore":1,"minecraft:red_nether_bricks":1,"minecraft:granite":2,"minecraft:dark_oak_fence":1,"minecraft:acacia_log":2,"minecraft:grass_block":6,"iceandfire:deepslate_silver_ore":1,"minecraft:light_gray_bed":3,"minecraft:hay_block":1,"epicsamurai:deepslate_jade_ore":5,"minecraft:iron_ore":12,"minecraft:andesite":18,"minecraft:deepslate_lapis_ore":1,"minecraft:polished_deepslate":3,"minecraft:bookshelf":2,"minecraft:stone":215,"minecraft:stripped_mangrove_wood":2,"minecraft:player_head":1,"minecraft:deepslate_redstone_ore":5,"minecraft:crafting_table":10,"minecraft:note_block":4,"minecraft:blast_furnace":3,"minecraft:calcite":1,"minecraft:polished_andesite_stairs":2,"minecraft:campfire":1,"minecraft:tall_grass":2,"minecraft:copper_ore":9,"minecraft:cobblestone":11,"minecraft:cyan_bed":1,"minecraft:sugar_cane":3,"minecraft:diorite":5,"minecraft:grass":6,"minecraft:coal_ore":10,"minecraft:oak_log":8,"minecraft:gravel":8,"minecraft:dirt":14,"minecraft:deepslate":6,"minecraft:oak_leaves":2,"minecraft:fern":1,"epicsamurai:ruby_ore":1}},"DataVersion":3120}