{"stats":{"minecraft:picked_up":{"minecraft:wheat":12,"epicsamurai:steel_ingot":1,"alexsmobs:gazelle_horn":3,"minecraft:waxed_cut_copper_slab":20,"minecraft:string":14,"minecraft:raw_copper":142,"minecraft:beetroot":3,"alexsmobs:emu_feather":2,"minecraft:cobbled_deepslate":122,"minecraft:spruce_planks":3,"minecraft:melon_slice":118,"minecraft:furnace":9,"minecraft:stick":24,"minecraft:torch":1,"minecraft:acacia_log":53,"iceandfire:silver_ore":55,"minecraft:porkchop":29,"minecraft:pointed_dripstone":11,"minecraft:diorite":52,"minecraft:orange_bed":11,"minecraft:light_gray_bed":7,"minecraft:rotten_flesh":87,"alexsmobs:boiled_emu_egg":1,"alexsmobs:emu_egg":13,"rpgsmw:edmantium":3,"minecraft:cobblestone":1005,"minecraft:birch_log":7,"minecraft:leather_chestplate":1,"minecraft:feather":69,"minecraft:andesite":51,"minecraft:jungle_log":1,"minecraft:potato":14,"minecraft:flint":5,"minecraft:dirt":216,"minecraft:leather_boots":2,"minecraft:mangrove_fence":1,"minecraft:bone":34,"minecraft:acacia_planks":22,"minecraft:bow":2,"minecraft:wheat_seeds":98,"better_mcdonalds_mod:salt":3,"minecraft:raw_gold":6,"minecraft:bamboo":10,"epicsamurai:raw_silver":10,"minecraft:oak_planks":12,"minecraft:cooked_porkchop":1,"minecraft:cyan_bed":10,"alexsmobs:animal_dictionary":1,"minecraft:mossy_cobblestone":5,"alexsmobs:kangaroo_hide":3,"minecraft:diamond":5,"minecraft:lever":6,"waystones:waystone":2,"minecraft:granite":22,"minecraft:golden_apple":3,"minecraft:bread":96,"epicsamurai:ruby":5,"minecraft:oak_sapling":8,"minecraft:netherrack":7,"minecraft:dark_oak_fence":2,"iceandfire:dragon_skull_lightning":4,"minecraft:cocoa_beans":3,"minecraft:charcoal":2,"minecraft:crafting_table":31,"minecraft:chicken":11,"minecraft:clay_ball":21,"iceandfire:fire_lily":1,"minecraft:stripped_mangrove_log":5,"minecraft:red_bed":2,"minecraft:wooden_sword":1,"minecraft:item_frame":2,"epicsamurai:jade":34,"spartanshields:stone_tower_shield":1,"minecraft:cyan_carpet":1,"iceandfire:bestiary":2,"minecraft:beef":28,"minecraft:oak_boat":1,"minecraft:player_head":1,"minecraft:poppy":1,"minecraft:chest":4,"minecraft:sugar_cane":23,"iceandfire:podium_acacia":3,"minecraft:egg":8,"minecraft:raw_iron":169,"iceandfire:dragonbone":121,"minecraft:stripped_mangrove_wood":2,"minecraft:oak_door":1,"minecraft:note_block":9,"minecraft:redstone":44,"minecraft:dark_oak_planks":6,"mowziesmobs:umvuthana_mask_faith":11,"iceandfire:silver_ingot":4,"minecraft:arrow":23,"minecraft:beetroot_seeds":1,"minecraft:peony":1,"minecraft:hay_block":10,"mowziesmobs:umvuthana_mask_bliss":5,"iceandfire:deepslate_silver_ore":3,"minecraft:glistering_melon_slice":5,"minecraft:mutton":12,"alexsmobs:kangaroo_meat":1,"minecraft:white_wool":7,"minecraft:oxeye_daisy":1,"mowziesmobs:umvuthana_mask_fury":2,"rpgsmw:stone_knife":1,"minecraft:glow_ink_sac":3,"minecraft:salmon":1,"minecraft:leather":26,"rpgsmw:iron_knife":1,"minecraft:acacia_wood":2,"minecraft:oak_log":22,"minecraft:yellow_bed":6,"simpletomb:grave_key":3,"minecraft:paper":6,"minecraft:cooked_mutton":2,"mowziesmobs:umvuthana_mask_rage":2,"minecraft:iron_ingot":18,"minecraft:stone_pickaxe":2,"minecraft:mangrove_planks":3,"epicsamurai:aquamarine":5,"mowziesmobs:umvuthana_mask_misery":3,"minecraft:acacia_sapling":7,"minecraft:dark_oak_stairs":1,"minecraft:book":18,"minecraft:polished_andesite_stairs":2,"iceandfire:copper_nugget":18,"minecraft:dark_oak_slab":1,"mowziesmobs:clawed_log":5,"minecraft:chiseled_stone_bricks":5,"minecraft:dandelion":1,"minecraft:dripstone_block":5,"minecraft:gravel":23,"minecraft:blast_furnace":8,"minecraft:white_bed":5,"minecraft:spruce_log":1,"minecraft:spider_eye":1,"minecraft:leather_helmet":1,"minecraft:stone_axe":1,"minecraft:stripped_jungle_wood":6,"mowziesmobs:umvuthana_mask_fear":6,"minecraft:melon_seeds":15,"minecraft:acacia_slab":3,"minecraft:black_wool":1,"minecraft:coal":167},"minecraft:broken":{"minecraft:stone_pickaxe":6,"mowziesmobs:umvuthana_mask_fury":1,"minecraft:leather_helmet":1,"minecraft:stone_sword":1,"minecraft:wooden_pickaxe":2,"minecraft:leather_boots":1,"minecraft:iron_pickaxe":3},"minecraft:killed_by":{"minecraft:creeper":6,"epicsamurai:onibi":2,"alexsmobs:emu":1,"mowziesmobs:umvuthana_follower_raptor":1,"mowziesmobs:umvuthi":11,"mowziesmobs:umvuthana":19,"alexsmobs:rhinoceros":2,"minecraft:zombie":6,"minecraft:husk":1,"minecraft:player":5,"minecraft:spider":2,"minecraft:skeleton":19,"iceandfire:lightning_dragon":1,"alexsmobs:kangaroo":2,"iceandfire:ghost":4,"epicsamurai:kitsune":2},"minecraft:used":{"alexsmobs:emu_egg":9,"minecraft:peony":1,"minecraft:beetroot":3,"iceandfire:deepslate_silver_ore":1,"minecraft:poppy":1,"minecraft:chest":1,"minecraft:iron_sword":174,"minecraft:stripped_jungle_wood":1,"minecraft:rotten_flesh":31,"minecraft:mutton":9,"minecraft:carrot":3,"minecraft:obsidian":2,"mowziesmobs:umvuthana_mask_faith":1,"rpgsmw:steel_sword":103,"minecraft:dark_oak_slab":1,"minecraft:stripped_mangrove_log":2,"minecraft:bow":5,"minecraft:oak_sapling":8,"minecraft:furnace":10,"rpgsmw:steel_pickaxe":232,"minecraft:diorite":18,"minecraft:stone_pickaxe":788,"minecraft:oak_planks":20,"minecraft:wooden_pickaxe":141,"minecraft:stripped_mangrove_wood":1,"minecraft:golden_apple":1,"spartanshields:diamond_basic_shield":1,"minecraft:blast_furnace":10,"spartanshields:stone_tower_shield":23,"minecraft:note_block":3,"minecraft:dripstone_block":5,"minecraft:melon_slice":80,"minecraft:bread":84,"minecraft:cyan_bed":3,"minecraft:gravel":1,"minecraft:wooden_sword":12,"minecraft:andesite":34,"iceandfire:fire_lily":1,"minecraft:stone_sword":223,"minecraft:spruce_planks":4,"simpletomb:grave_key":97,"minecraft:orange_bed":10,"minecraft:torch":8,"minecraft:dirt":111,"minecraft:granite":15,"minecraft:waxed_cut_copper_slab":7,"minecraft:beef":17,"minecraft:cooked_beef":1,"minecraft:light_gray_bed":3,"minecraft:cobbled_deepslate":123,"minecraft:acacia_planks":73,"alexsmobs:boiled_emu_egg":2,"minecraft:pointed_dripstone":1,"minecraft:cooked_mutton":1,"minecraft:wheat_seeds":1,"minecraft:water_bucket":24,"minecraft:birch_planks":6,"rpgsmw:stone_knife":34,"minecraft:salmon":1,"minecraft:crafting_table":38,"minecraft:red_bed":2,"minecraft:white_bed":5,"minecraft:cake":3,"minecraft:oak_log":1,"minecraft:black_wool":1,"minecraft:apple":6,"minecraft:oxeye_daisy":1,"minecraft:chicken":8,"minecraft:iron_pickaxe":781,"rpgsmw:iron_knife":97,"minecraft:stone_axe":24,"minecraft:chiseled_stone_bricks":3,"minecraft:cobblestone":677,"minecraft:porkchop":29,"spartanshields:steel_tower_shield":15,"minecraft:cooked_porkchop":2,"minecraft:bucket":25,"minecraft:pumpkin_pie":7,"minecraft:yellow_bed":6,"alexsmobs:animal_dictionary":1},"minecraft:custom":{"minecraft:interact_with_crafting_table":100,"minecraft:open_barrel":11,"minecraft:eat_cake_slice":19,"minecraft:leave_game":5,"minecraft:time_since_death":79776,"minecraft:damage_resisted":2550,"minecraft:sprint_one_cm":1746724,"minecraft:damage_blocked_by_shield":1473,"minecraft:drop":425,"minecraft:play_noteblock":6,"minecraft:talked_to_villager":16,"minecraft:play_time":708967,"minecraft:deaths":101,"minecraft:jump":16589,"minecraft:walk_on_water_one_cm":128871,"minecraft:interact_with_furnace":99,"minecraft:traded_with_villager":1,"minecraft:sleep_in_bed":44,"minecraft:waystone_activated":1,"minecraft:damage_dealt":20714,"minecraft:player_kills":5,"minecraft:crouch_one_cm":13849,"minecraft:mob_kills":141,"minecraft:damage_dealt_resisted":34,"minecraft:climb_one_cm":15907,"minecraft:walk_one_cm":1540313,"minecraft:sneak_time":4569,"minecraft:walk_under_water_one_cm":94178,"minecraft:boat_one_cm":3835,"minecraft:interact_with_blast_furnace":67,"minecraft:total_world_time":708967,"spartanshields:shield_bash_hits":3,"minecraft:tune_noteblock":37,"minecraft:time_since_rest":2376,"minecraft:damage_taken":35574,"minecraft:damage_absorbed":40,"minecraft:swim_one_cm":160895,"minecraft:fly_one_cm":2958364,"minecraft:open_chest":80,"minecraft:fall_one_cm":662233},"minecraft:mined":{"minecraft:dark_oak_planks":4,"minecraft:waxed_cut_copper_slab":9,"minecraft:spruce_planks":3,"minecraft:white_bed":5,"minecraft:oak_sapling":1,"iceandfire:copper_pile":1,"minecraft:jungle_leaves":7,"minecraft:red_nether_bricks":1,"mowziesmobs:clawed_log":2,"minecraft:granite":21,"minecraft:acacia_log":48,"minecraft:grass_block":82,"minecraft:mangrove_fence":1,"minecraft:jungle_log":1,"minecraft:light_gray_bed":8,"minecraft:chiseled_stone_bricks":6,"minecraft:tall_seagrass":1,"epicsamurai:deepslate_jade_ore":17,"minecraft:iron_ore":149,"minecraft:sticky_piston":1,"minecraft:cobbled_deepslate":1,"minecraft:deepslate_lapis_ore":1,"minecraft:pointed_dripstone":7,"epicsamurai:deepslate_silver_ore":11,"minecraft:stripped_mangrove_wood":2,"minecraft:player_head":1,"minecraft:orange_bed":11,"minecraft:deepslate_redstone_ore":5,"minecraft:red_bed":2,"minecraft:melon_stem":4,"iceandfire:podium_acacia":1,"minecraft:clay":5,"minecraft:note_block":5,"minecraft:blast_furnace":10,"minecraft:polished_andesite_stairs":2,"minecraft:calcite":1,"minecraft:melon":21,"minecraft:chest":1,"iceandfire:fire_lily":1,"minecraft:cobblestone":65,"minecraft:cyan_bed":5,"minecraft:oak_planks":2,"minecraft:sugar_cane":7,"minecraft:repeater":1,"minecraft:dark_oak_slab":1,"minecraft:birch_log":7,"minecraft:wheat":59,"minecraft:grass":137,"minecraft:oak_log":19,"minecraft:dirt":118,"minecraft:netherrack":9,"minecraft:oak_leaves":125,"minecraft:deepslate":129,"iceandfire:silver_ore":56,"minecraft:mossy_cobblestone":8,"better_mcdonalds_mod:salt_block":1,"minecraft:stripped_mangrove_log":4,"minecraft:deepslate_diamond_ore":5,"minecraft:glow_lichen":1,"minecraft:lever":1,"minecraft:dark_oak_fence":1,"epicsamurai:deepslate_ruby_ore":4,"minecraft:stripped_jungle_wood":6,"iceandfire:deepslate_silver_ore":4,"minecraft:acacia_slab":2,"minecraft:hay_block":9,"minecraft:furnace":9,"minecraft:acacia_wood":2,"minecraft:andesite":50,"minecraft:peony":1,"minecraft:polished_deepslate":3,"minecraft:bookshelf":2,"minecraft:potatoes":1,"minecraft:deepslate_iron_ore":17,"minecraft:vine":1,"minecraft:bamboo":1,"minecraft:stone":977,"minecraft:glass_pane":4,"minecraft:dandelion":1,"epicsamurai:deepslate_aquamarine_ore":5,"minecraft:crafting_table":30,"minecraft:campfire":1,"minecraft:copper_ore":32,"minecraft:tall_grass":14,"minecraft:deepslate_gold_ore":1,"minecraft:diorite":58,"rpgsmw:mineral_ore":3,"minecraft:birch_leaves":4,"minecraft:spruce_log":1,"minecraft:yellow_bed":6,"minecraft:coal_ore":115,"minecraft:cocoa":1,"minecraft:gravel":23,"minecraft:dripstone_block":5,"minecraft:acacia_planks":2,"minecraft:gold_ore":2,"epicsamurai:ruby_ore":1,"minecraft:fern":10},"minecraft:killed":{"minecraft:spider":7,"minecraft:skeleton":15,"minecraft:chicken":11,"mowziesmobs:umvuthana_crane":3,"alexsmobs:kangaroo":1,"minecraft:pig":14,"minecraft:salmon":2,"minecraft:iron_golem":1,"alexsmobs:seal":3,"minecraft:sheep":6,"minecraft:zombie":29,"alexsmobs:terrapin":1,"minecraft:cow":14,"alexsmobs:raccoon":2,"minecraft:horse":7,"minecraft:drowned":1,"mowziesmobs:umvuthana":9,"minecraft:husk":5,"alexsmobs:skunk":1,"alexsmobs:emu":1,"alexsmobs:gazelle":2,"minecraft:villager":1},"minecraft:dropped":{"minecraft:dark_oak_stairs":1,"minecraft:stripped_mangrove_wood":1,"minecraft:oak_log":1,"minecraft:crafting_table":3,"alexsmobs:kangaroo_meat":1,"minecraft:cooked_porkchop":1,"mowziesmobs:umvuthana_mask_faith":8,"iceandfire:podium_acacia":3,"minecraft:mangrove_planks":3,"minecraft:item_frame":2,"minecraft:emerald":1,"spartanshields:stone_tower_shield":1,"minecraft:dirt":78,"minecraft:dark_oak_fence":2,"mowziesmobs:umvuthana_mask_bliss":4,"minecraft:wooden_sword":2,"minecraft:pumpkin_pie":3,"minecraft:dark_oak_planks":2,"minecraft:white_wool":3,"minecraft:bone":11,"minecraft:oak_door":1,"minecraft:gravel":22,"minecraft:sugar_cane":20,"mowziesmobs:umvuthana_mask_rage":2,"alexsmobs:gazelle_horn":3,"minecraft:cobbled_deepslate":2,"minecraft:stripped_jungle_wood":5,"minecraft:wheat":5,"minecraft:obsidian":2,"minecraft:pointed_dripstone":2,"minecraft:rotten_flesh":54,"minecraft:oak_planks":11,"minecraft:mangrove_fence":1,"alexsmobs:kangaroo_hide":3,"minecraft:melon_seeds":4,"minecraft:acacia_slab":3,"minecraft:acacia_sapling":7,"minecraft:chest":4,"minecraft:arrow":18,"mowziesmobs:umvuthana_mask_fury":1,"minecraft:egg":2,"minecraft:iron_ingot":4,"minecraft:bread":25,"minecraft:stripped_mangrove_log":3,"minecraft:wheat_seeds":23,"minecraft:mossy_cobblestone":2,"simpletomb:grave_key":4,"minecraft:feather":42,"minecraft:cobblestone":48,"mowziesmobs:umvuthana_mask_fear":7,"minecraft:granite":5,"minecraft:acacia_log":7,"minecraft:stick":38,"epicsamurai:steel_ingot":1,"minecraft:diorite":17,"iceandfire:copper_nugget":18,"minecraft:melon_slice":25,"minecraft:potion":1,"minecraft:polished_andesite_stairs":2,"minecraft:string":2,"minecraft:acacia_planks":25,"minecraft:dandelion":1,"iceandfire:dragonbone":68,"minecraft:player_head":1,"minecraft:stone_sword":1,"minecraft:raw_copper":4,"minecraft:cocoa_beans":3,"minecraft:clay_ball":5,"iceandfire:silver_ore":1,"iceandfire:copper_axe":1,"minecraft:hay_block":2,"mowziesmobs:umvuthana_mask_misery":3,"minecraft:spruce_planks":1,"mowziesmobs:clawed_log":5,"minecraft:andesite":17,"minecraft:light_gray_bed":3,"minecraft:oak_boat":1,"minecraft:spider_eye":1,"minecraft:bamboo":10,"minecraft:bow":1,"rpgsmw:iron_knife":1,"minecraft:stone_pickaxe":2,"minecraft:wooden_pickaxe":2,"minecraft:cyan_bed":7},"minecraft:crafted":{"minecraft:oak_planks":80,"minecraft:smooth_stone":12,"epicsamurai:silver_ingot":6,"spartanshields:wooden_tower_shield":3,"minecraft:stone":12,"rpgsmw:steelnugget":27,"rpgsmw:steel_sword":2,"rpgsmw:steel_ring":1,"minecraft:chest":1,"rpgsmw:woodenfiber":1,"epicsamurai:steel_boots":1,"minecraft:emerald":1,"minecraft:crafting_table":12,"minecraft:spruce_planks":4,"minecraft:wooden_pickaxe":5,"minecraft:iron_helmet":1,"minecraft:copper_ingot":12,"minecraft:birch_planks":28,"rpgsmw:stone_knife":1,"epicsamurai:steel_nugget":9,"minecraft:iron_chestplate":1,"minecraft:stick":88,"minecraft:iron_ingot":142,"minecraft:iron_pickaxe":5,"minecraft:stone_sword":2,"spartanshields:wooden_basic_shield":1,"minecraft:wooden_sword":2,"minecraft:furnace":5,"epicsamurai:steel_helmet":1,"minecraft:blast_furnace":4,"rpgsmw:steel_assassin_ring":1,"rpgsmw:iron_knife":2,"spartanshields:diamond_basic_shield":1,"spartanshields:stone_tower_shield":1,"minecraft:stone_pickaxe":6,"spartanshields:steel_tower_shield":2,"minecraft:wheat":72,"minecraft:cooked_beef":1,"epicsamurai:steel_chestplate":2,"epicsamurai:steel_leggings":1,"iceandfire:silver_ingot":6,"rpgsmw:steel":14,"minecraft:iron_sword":1,"alexsmobs:boiled_emu_egg":1,"rpgsmw:steel_pickaxe":1,"minecraft:bucket":2,"minecraft:jungle_planks":4,"minecraft:bread":26,"rpgsmw:rainforcedstick":2,"minecraft:air":0,"minecraft:white_bed":1,"minecraft:acacia_planks":188,"epicsamurai:steel_ingot":60,"minecraft:torch":20}},"DataVersion":3120}