{"stats":{"minecraft:killed":{"undead_revamp2:thewolf":1,"born_in_chaos_v1:zombie_clown":1,"minecraft:spider":4,"undead_revamp2:thesmoker":2,"undead_revamp2:theswarmer":2,"minecraft:skeleton":1,"luminousworld:ringlet":1,"ecologics:coconut_crab":1,"undead_revamp2:therod":1,"aether:blue_swet":1,"minecraft:pig":1,"minecraft:creeper":1,"luminousworld:crab":2,"minecraft:trader_llama":1,"luminousworld:savannah_skeleton":4,"minecraft:zombie":4,"born_in_chaos_v1:dread_hound":1,"alexsmobs:terrapin":2,"born_in_chaos_v1:corpse_fly":12,"born_in_chaos_v1:door_knight":1,"minecraft:cow":5,"undead_revamp2:theimmortal":4,"aether:golden_swet":1,"born_in_chaos_v1:thornshell_crab":1,"minecraft:slime":1,"enemyexpansion:direwolf":1,"born_in_chaos_v1:maggot":7,"luminousworld:swamp_skeleton":2,"takesapillage:clay_golem":1,"undead_revamp2:sucker":1,"luminousworld:savannah_zombie":6,"friendsandfoes:copper_golem":5,"undead_revamp2:the_moonflower":10,"mowziesmobs:umvuthana_follower_raptor":2,"born_in_chaos_v1:decrepit_skeleton":1,"born_in_chaos_v1:bloody_gadfly":1,"undead_revamp2:thesomnolence":4,"luminousworld:swamp_zombie":1,"alexsmobs:gazelle":2,"enemyexpansion:huntsman":1},"minecraft:killed_by":{"mutantmonsters:mutant_zombie":3,"undead_revamp2:the_moonflower":3,"minecraft:wither_skeleton":8,"minecraft:creeper":3,"mowziesmobs:umvuthana_follower_raptor":1,"born_in_chaos_v1:corpse_fly":4,"enemyexpansion:sprinter":1,"undead_revamp2:thesmoker":1,"undead_revamp2:thepregnant":1,"undead_revamp2:theimmortal":1,"minecraft:player":1,"born_in_chaos_v1:restless_spirit":1,"born_in_chaos_v1:zombie_clown":1,"undead_revamp2:theswarmer":1,"undead_revamp2:thespitter":1,"undead_revamp2:thehunter":2,"minecraft:skeleton":17,"luminousworld:savannah_zombie":1,"ecologics:coconut_crab":1,"born_in_chaos_v1:missioner":1,"born_in_chaos_v1:dread_hound":1,"luminousworld:savannah_skeleton":1},"minecraft:mined":{"minecraft:dark_oak_planks":4,"minecraft:spruce_planks":7,"aether:cold_aercloud":15,"luminousworld:yellowpetunias":2,"minecraft:black_terracotta":3,"iceandfire:copper_pile":24,"sophisticatedbackpacks:gold_backpack":2,"minecraft:granite":181,"minecraft:acacia_log":14,"minecraft:grass_block":1,"luminousworld:bao_bob_wood":2,"iceandfire:lectern":1,"luminousworld:baobab_plank":2,"minecraft:mud_bricks":53,"minecraft:spawner":17,"luminousworld:savanna_grass_2":19,"minecraft:tall_seagrass":5,"minecraft:glowstone":1,"minecraft:iron_ore":85,"minecraft:cobbled_deepslate":1,"minecraft:fire":5,"minecraft:stripped_dark_oak_wood":7,"supplementaries:stick":2,"minecraft:player_head":4,"luminousworld:tall_deadbush":9,"minecraft:melon_stem":5,"minecraft:player_wall_head":1,"minecraft:orange_terracotta":20,"minecraft:blue_stained_glass":1,"iceandfire:podium_acacia":1,"iceandfire:myrmex_desert_resin_glass":1,"minecraft:torch":2,"minecraft:dark_oak_wood":6,"minecraft:oxidized_copper":1,"minecraft:poppy":2,"minecraft:glass":11,"minecraft:cobblestone":44,"minecraft:sugar_cane":3,"minecraft:wall_torch":4,"minecraft:seagrass":3,"minecraft:dark_oak_slab":1,"ecologics:seashell":1,"minecraft:mud":20,"sophisticatedbackpacks:diamond_backpack":1,"minecraft:wheat":397,"minecraft:birch_trapdoor":1,"aether:aether_grass_block":4,"luminousworld:bao_bob_log":14,"minecraft:smooth_stone_slab":7,"minecraft:grass":42,"minecraft:dirt":15,"minecraft:acacia_fence":5,"minecraft:sand":11,"placeablesmod:emerald_block_1":2,"luminousworld:grassvariant_3":1,"minecraft:mangrove_log":1,"minecraft:yellow_terracotta":10,"luminousworld:savannah_grass_4":12,"minecraft:deepslate":162,"minecraft:oak_leaves":10,"minecraft:emerald_block":1,"luminousworld:savannah_ground":11,"luminousworld:groundpebbles_1":3,"minecraft:red_carpet":1,"iceandfire:silver_ore":4,"ecologics:coconut_planks":2,"minecraft:mossy_cobblestone":3,"luminousworld:grassvariant_4":1,"minecraft:mangrove_roots":17,"luminousworld:grassvariant_2":1,"minecraft:acacia_slab":1,"ecologics:coconut_log":4,"quark:acacia_chest":2,"minecraft:birch_slab":1,"minecraft:moss_block":3,"minecraft:sandstone":7,"minecraft:mangrove_propagule":1,"quark:jasper":4,"minecraft:hay_block":23,"aether:aether_dirt":5,"minecraft:packed_mud":8,"luminousworld:yellow_grassflowers":1,"minecraft:acacia_wood":2,"minecraft:acacia_stairs":2,"minecraft:andesite":140,"minecraft:bookshelf":2,"minecraft:deepslate_iron_ore":1,"minecraft:vine":3,"minecraft:bamboo":55,"minecraft:stone":1197,"sophisticatedbackpacks:backpack":1,"luminousworld:savannah_soil":27,"minecraft:scaffolding":2,"minecraft:acacia_leaves":7,"minecraft:glass_pane":18,"minecraft:dandelion":46,"minecraft:crafting_table":6,"luminousworld:savannah_grass_1":25,"minecraft:lime_carpet":8,"minecraft:copper_ore":12,"minecraft:tall_grass":8,"minecraft:lapis_ore":1,"minecraft:diorite":197,"minecraft:orange_carpet":3,"aether:skyroot_leaves":2,"supplementaries:urn":4,"minecraft:black_stained_glass":2,"minecraft:acacia_fence_gate":1,"minecraft:beehive":1,"minecraft:purple_stained_glass":2,"minecraft:white_carpet":16,"minecraft:mangrove_leaves":12,"minecraft:yellow_bed":1,"minecraft:red_wall_banner":1,"minecraft:coal_ore":116,"luminousworld:ishstone":36,"minecraft:zombie_head":1,"minecraft:gravel":6,"minecraft:cobweb":15,"minecraft:acacia_planks":4,"luminousworld:elephant_grass":5,"minecraft:fern":3},"minecraft:used":{"minecraft:moss_carpet":1,"minecraft:shield":1,"minecraft:iron_sword":56,"luminousworld:savannah_ground":9,"ecologics:coconut_planks":2,"minecraft:player_head":2,"minecraft:rotten_flesh":3,"minecraft:iron_chestplate":3,"minecraft:honey_bottle":16,"sophisticatedbackpacks:diamond_backpack":1,"born_in_chaos_v1:corpse_maggot":7,"minecraft:stripped_dark_oak_wood":3,"minecraft:packed_mud":8,"minecraft:iron_helmet":1,"minecraft:dark_oak_slab":1,"luminousworld:elephant_grass":4,"minecraft:item_frame":7,"minecraft:birch_trapdoor":1,"minecraft:mangrove_roots":14,"supplementaries:ash":2,"minecraft:furnace":3,"minecraft:acacia_fence":3,"minecraft:diorite":60,"minecraft:stone_pickaxe":54,"minecraft:wooden_pickaxe":54,"minecraft:chainmail_helmet":2,"minecraft:cookie":2,"luminousworld:baobab_plank":31,"minecraft:golden_apple":17,"minecraft:sand":3,"minecraft:yellow_terracotta":7,"minecraft:black_terracotta":7,"sophisticatedbackpacks:backpack":1,"iceandfire:armor_copper_metal_chestplate":1,"minecraft:lime_carpet":8,"minecraft:bread":22,"tombstone:grave_key":2,"ad_astra:fuel_bucket":1,"minecraft:diamond_sword":369,"born_in_chaos_v1:rotten_fish":2,"minecraft:andesite":92,"minecraft:golden_pickaxe":64,"ad_astra:fuel_refinery":1,"minecraft:cobweb":13,"iceandfire:silver_sword":203,"undead_revamp2:blacpetalblock":1,"aether:cold_aercloud":2,"aether:aether_dirt":6,"luminousworld:tall_deadbush":10,"minecraft:spruce_planks":4,"vanillaplustools:stone_hammer":252,"minecraft:stick":2,"minecraft:torch":60,"minecraft:dirt":25,"minecraft:white_carpet":17,"minecraft:golden_chestplate":1,"minecraft:granite":2,"minecraft:dark_oak_planks":65,"minecraft:acacia_slab":1,"minecraft:mud_bricks":53,"minecraft:barrel":4,"minecraft:bamboo":460,"minecraft:diamond_chestplate":1,"luminousworld:savannah_soil":20,"minecraft:oxidized_copper":1,"tombstone:gift":5,"minecraft:cooked_beef":12,"minecraft:cobbled_deepslate":155,"minecraft:acacia_planks":23,"aether:cold_parachute":1,"minecraft:orange_terracotta":19,"sophisticatedbackpacks:gold_backpack":2,"minecraft:wheat_seeds":32,"minecraft:water_bucket":27,"luminousworld:ishstone":35,"minecraft:green_bed":1,"minecraft:mossy_cobblestone":1,"minecraft:orange_carpet":2,"minecraft:crafting_table":10,"tombstone:bag_of_seeds":5,"minecraft:mud":12,"minecraft:diamond_pickaxe":205,"minecraft:acacia_stairs":2,"minecraft:iron_pickaxe":165,"minecraft:suspicious_stew":1,"minecraft:acacia_fence_gate":1,"minecraft:cobblestone":583,"aether:golden_parachute":10,"ecologics:coconut_log":1,"minecraft:cooked_porkchop":2,"minecraft:bucket":29,"alexsmobs:animal_dictionary":2},"minecraft:crafted":{"minecraft:barrel":4,"hangglider:hang_glider":1,"minecraft:lightning_rod":1,"sophisticatedbackpacks:crafting_upgrade":1,"minecraft:glass":6,"minecraft:honey_bottle":8,"sophisticatedbackpacks:copper_backpack":2,"tombstone:grave_key":3,"minecraft:chest":2,"minecraft:glass_bottle":6,"sophisticatedbackpacks:backpack":2,"minecraft:emerald":19,"minecraft:crafting_table":6,"minecraft:wooden_pickaxe":1,"minecraft:green_bed":1,"minecraft:golden_pickaxe":2,"minecraft:copper_ingot":11,"sophisticatedbackpacks:upgrade_base":1,"minecraft:iron_chestplate":1,"minecraft:diamond_pickaxe":1,"minecraft:charcoal":5,"minecraft:shield":1,"sophisticatedbackpacks:diamond_backpack":1,"minecraft:stick":120,"minecraft:iron_ingot":77,"minecraft:iron_pickaxe":2,"hangglider:glider_framework":2,"vanillaplustools:stone_hammer":2,"ecologics:coconut_planks":16,"ad_astra:gas_tank":2,"minecraft:furnace":3,"hangglider:glider_wing":2,"quark:acacia_chest":2,"minecraft:leather":5,"ad_astra:steel_tank":2,"ad_astra:steel_block":1,"ad_astra:steel_rod":4,"ecologics:coconut_slab":6,"minecraft:stone_pickaxe":18,"luminousworld:baobab_slab":6,"minecraft:dark_oak_planks":64,"minecraft:wheat":233,"sophisticatedbackpacks:iron_backpack":2,"ad_astra:rocket_nose_cone":1,"minecraft:iron_sword":1,"sophisticatedbackpacks:gold_backpack":2,"minecraft:mangrove_planks":4,"minecraft:bucket":1,"minecraft:bread":12,"minecraft:air":0,"minecraft:acacia_planks":64,"minecraft:torch":148,"luminousworld:baobab_plank":104},"minecraft:broken":{"minecraft:stone_pickaxe":1,"aether:golden_parachute":1,"minecraft:chainmail_helmet":1,"vanillaplustools:stone_hammer":1,"aether:cold_parachute":1,"minecraft:golden_pickaxe":2},"minecraft:custom":{"minecraft:animals_bred":3,"minecraft:interact_with_crafting_table":134,"minecraft:open_barrel":221,"minecraft:bell_ring":5,"minecraft:leave_game":7,"minecraft:time_since_death":11144,"minecraft:sprint_one_cm":1268195,"minecraft:damage_blocked_by_shield":30,"minecraft:drop":196,"minecraft:talked_to_villager":19,"minecraft:play_time":586886,"minecraft:deaths":65,"minecraft:jump":10223,"minecraft:walk_on_water_one_cm":293972,"minecraft:interact_with_furnace":99,"minecraft:traded_with_villager":18,"minecraft:sleep_in_bed":6,"minecraft:damage_dealt":23995,"minecraft:crouch_one_cm":11308,"tombstone:undead_killed":43,"minecraft:inspect_dispenser":1,"minecraft:interact_with_smoker":3,"minecraft:mob_kills":130,"minecraft:inspect_hopper":1,"minecraft:damage_dealt_resisted":148,"minecraft:climb_one_cm":56072,"minecraft:walk_one_cm":1208571,"minecraft:sneak_time":5687,"minecraft:walk_under_water_one_cm":353356,"minecraft:interact_with_blast_furnace":2,"minecraft:total_world_time":586886,"minecraft:interact_with_grindstone":1,"minecraft:time_since_rest":10953,"minecraft:damage_taken":24547,"minecraft:damage_absorbed":334,"minecraft:swim_one_cm":208609,"minecraft:fly_one_cm":2309554,"minecraft:open_chest":91,"minecraft:fall_one_cm":223906},"minecraft:picked_up":{"minecraft:iron_chestplate":1,"minecraft:wheat":348,"minecraft:black_carpet":3,"minecraft:suspicious_stew":1,"minecraft:lead":3,"minecraft:diamond_sword":1,"iceandfire:armor_copper_metal_chestplate":1,"minecraft:enchanted_book":1,"tombstone:grave_key":3,"minecraft:string":27,"minecraft:dark_oak_trapdoor":1,"minecraft:raw_copper":30,"minecraft:smooth_stone_slab":6,"minecraft:experience_bottle":1,"minecraft:zombie_head":1,"minecraft:cobbled_deepslate":155,"minecraft:spruce_planks":4,"minecraft:acacia_fence_gate":1,"ad_astra:fuel_bucket":1,"quark:black_shard":3,"minecraft:iron_pickaxe":1,"minecraft:azalea_leaves":2,"hangglider:hang_glider":1,"minecraft:mangrove_log":1,"ecologics:crab_claw":1,"minecraft:stick":25,"minecraft:acacia_fence":8,"minecraft:birch_trapdoor":1,"minecraft:torch":14,"minecraft:acacia_log":14,"hangglider:glider_framework":1,"luminousworld:savannah_soil":34,"tombstone:grave_dust":9,"minecraft:diorite":124,"minecraft:lime_carpet":8,"minecraft:honey_bottle":1,"quark:clear_shard":31,"minecraft:rotten_flesh":62,"luminousworld:yellow_grassflowers":2,"minecraft:tropical_fish":1,"artifacts:villager_hat":1,"ecologics:coconut_log":5,"minecraft:glowstone":1,"minecraft:green_wool":5,"minecraft:mangrove_roots":17,"luminousworld:tall_deadbush":10,"supplementaries:ash":26,"ad_astra:iron_rod":3,"minecraft:cobblestone":1011,"luminousworld:savannah_ground":12,"minecraft:cooked_beef":21,"minecraft:feather":3,"minecraft:oxidized_copper":1,"minecraft:birch_slab":1,"minecraft:andesite":150,"ecologics:coconut_planks":2,"minecraft:orange_carpet":2,"supplementaries:flax_seeds":3,"minecraft:lapis_lazuli":4,"minecraft:dirt":24,"minecraft:lantern":2,"born_in_chaos_v1:monster_skin":2,"minecraft:bone":16,"minecraft:acacia_planks":3,"undead_revamp2:blacpetalblock":1,"minecraft:bow":1,"ad_astra:fuel_refinery":1,"minecraft:wheat_seeds":817,"quark:purple_shard":4,"luminousworld:elephant_grass":5,"aether:cold_aercloud":15,"minecraft:glowstone_dust":9,"minecraft:bamboo":610,"minecraft:moss_block":7,"minecraft:pitcher_pod":10,"minecraft:glow_lichen":2,"minecraft:black_terracotta":8,"minecraft:cooked_porkchop":3,"minecraft:sand":7,"minecraft:acacia_stairs":2,"minecraft:barrel":1,"minecraft:mossy_cobblestone":1,"quark:jasper":4,"minecraft:diamond":4,"minecraft:soul_lantern":1,"iceandfire:lectern":1,"luminousworld:yellowpetunias":1,"ad_astra:oil_bucket":1,"minecraft:granite":79,"aether:swet_ball":1,"aether:blue_aercloud":1,"minecraft:golden_apple":6,"minecraft:chainmail_helmet":1,"minecraft:emerald":13,"minecraft:bread":2,"minecraft:oak_sapling":1,"born_in_chaos_v1:rotten_fish":6,"luminousworld:bao_bob_log":21,"sophisticatedbackpacks:gold_backpack":2,"minecraft:cocoa_beans":4,"iceandfire:raw_silver":10,"minecraft:diamond_pickaxe":1,"luminousworld:groundpebbles_1":4,"iceandfire:dragon_skull_lightning":1,"minecraft:mud":13,"minecraft:crafting_table":6,"aether:aether_dirt":9,"ecologics:seashell":1,"luminousworld:bao_bob_wood":5,"minecraft:chain":1,"aether:leather_gloves":2,"minecraft:moss_carpet":5,"minecraft:iron_axe":1,"born_in_chaos_v1:intoxicating_decoction":1,"minecraft:item_frame":4,"minecraft:white_carpet":17,"iceandfire:bestiary":1,"minecraft:beef":3,"minecraft:player_head":5,"minecraft:poppy":3,"iceandfire:podium_acacia":1,"minecraft:sugar_cane":8,"minecraft:raw_iron":86,"minecraft:sandstone":2,"iceandfire:dragonbone":4,"ecologics:coconut_slice":6,"minecraft:copper_ingot":11,"minecraft:bowl":1,"sophisticatedbackpacks:backpack":1,"minecraft:stone_button":1,"minecraft:cookie":5,"minecraft:carrot":13,"minecraft:dark_oak_planks":4,"ad_astra:steel_plate":4,"luminousworld:baobab_plank":2,"minecraft:arrow":4,"minecraft:diamond_chestplate":2,"minecraft:beetroot_seeds":2,"quark:acacia_chest":2,"minecraft:hay_block":26,"minecraft:stripped_dark_oak_wood":6,"minecraft:yellow_terracotta":7,"born_in_chaos_v1:spiny_shell":8,"minecraft:gold_ingot":17,"minecraft:mutton":1,"minecraft:white_wool":1,"born_in_chaos_v1:corpse_maggot":19,"mowziesmobs:umvuthana_mask_fury":1,"minecraft:mud_bricks":54,"born_in_chaos_v1:monster_flesh":1,"luminousworld:ishstone":35,"minecraft:leather":18,"iceandfire:myrmex_desert_resin_glass":1,"minecraft:acacia_wood":2,"aether:cold_parachute":1,"minecraft:packed_mud":8,"quark:blue_shard":4,"minecraft:yellow_bed":1,"minecraft:gunpowder":2,"iceandfire:armor_copper_metal_helmet":2,"minecraft:orange_terracotta":20,"minecraft:iron_ingot":5,"minecraft:stone_pickaxe":4,"tombstone:bag_of_seeds":1,"minecraft:glass_bottle":4,"minecraft:iron_sword":1,"minecraft:acacia_sapling":5,"sophisticatedbackpacks:diamond_backpack":1,"minecraft:book":6,"minecraft:scaffolding":2,"iceandfire:copper_nugget":168,"minecraft:dark_oak_slab":1,"minecraft:emerald_block":1,"minecraft:dandelion":44,"minecraft:gravel":1,"minecraft:red_banner":1,"minecraft:spider_eye":1,"minecraft:pumpkin_seeds":6,"minecraft:slime_ball":1,"iceandfire:silver_sword":1,"minecraft:iron_helmet":1,"minecraft:painting":2,"mowziesmobs:umvuthana_mask_fear":1,"minecraft:brown_banner":7,"minecraft:acacia_slab":2,"minecraft:melon_seeds":13,"minecraft:dark_oak_wood":6,"minecraft:mangrove_propagule":1,"minecraft:coal":115},"minecraft:dropped":{"minecraft:moss_block":6,"minecraft:glass_bottle":3,"minecraft:diamond":5,"minecraft:cooked_porkchop":1,"minecraft:pitcher_pod":3,"minecraft:leather":3,"minecraft:item_frame":1,"minecraft:emerald":1,"ad_astra:steel_tank":1,"minecraft:dirt":10,"minecraft:sand":1,"ad_astra:steel_plate":8,"minecraft:green_wool":2,"minecraft:bone":1,"minecraft:gravel":1,"hangglider:glider_framework":1,"minecraft:wheat":68,"minecraft:soul_lantern":1,"minecraft:rotten_flesh":2,"aether:leather_gloves":1,"ad_astra:iron_rod":1,"minecraft:glowstone_dust":6,"luminousworld:savannah_soil":7,"minecraft:honey_bottle":1,"minecraft:carrot":13,"luminousworld:baobab_plank":13,"minecraft:beetroot_seeds":2,"minecraft:melon_seeds":3,"born_in_chaos_v1:corpse_maggot":1,"minecraft:acacia_slab":1,"minecraft:painting":1,"minecraft:beef":3,"minecraft:iron_ingot":7,"minecraft:enchanted_book":1,"minecraft:bread":1,"minecraft:wheat_seeds":597,"aether:cold_aercloud":2,"minecraft:cobblestone":162,"minecraft:lead":3,"minecraft:granite":77,"ad_astra:steel_block":1,"minecraft:golden_apple":10,"minecraft:stick":2,"ad_astra:fuel_bucket":1,"minecraft:diorite":64,"tombstone:grave_key":3,"tombstone:grave_dust":3,"minecraft:mud":1,"minecraft:string":5,"minecraft:moss_carpet":2,"minecraft:cocoa_beans":4,"minecraft:bowl":2,"iceandfire:armor_copper_metal_helmet":1,"minecraft:pumpkin_seeds":3,"luminousworld:yellow_grassflowers":2,"ecologics:coconut_slab":2,"aether:diamond_gloves":1,"minecraft:iron_chestplate":2,"minecraft:diamond_pickaxe":1,"minecraft:andesite":58,"minecraft:barrel":1,"minecraft:slime_ball":2,"minecraft:bow":1,"minecraft:stone_pickaxe":3}},"DataVersion":3465}