{"stats":{"minecraft:picked_up":{"minecraft:crafting_table":4,"minecraft:stripped_mangrove_wood":1,"minecraft:acacia_log":2,"minecraft:note_block":4,"minecraft:oak_log":6,"minecraft:blast_furnace":1,"minecraft:dirt":1,"minecraft:waxed_cut_copper_slab":5,"minecraft:wheat_seeds":1,"minecraft:spruce_planks":3,"minecraft:oak_sapling":1,"minecraft:coal":10,"minecraft:cobblestone":23},"minecraft:mined":{"minecraft:waxed_cut_copper_slab":4,"minecraft:spruce_planks":3,"minecraft:note_block":4,"minecraft:crafting_table":4,"minecraft:acacia_log":2,"minecraft:grass":4,"minecraft:blast_furnace":1,"minecraft:coal_ore":10,"minecraft:grass_block":1,"minecraft:oak_log":5,"minecraft:tall_grass":2,"minecraft:cobblestone":7,"minecraft:stripped_mangrove_wood":1,"minecraft:stone":20,"minecraft:oak_leaves":2},"minecraft:killed_by":{"alexsmobs:rhinoceros":1},"minecraft:used":{"minecraft:stone_sword":1,"minecraft:stone_pickaxe":46,"minecraft:oak_planks":13,"minecraft:wooden_pickaxe":8,"simpletomb:grave_key":2,"minecraft:dirt":1,"minecraft:cobblestone":5,"minecraft:crafting_table":4,"minecraft:oak_sapling":1,"minecraft:pumpkin_pie":2,"alexsmobs:animal_dictionary":1,"minecraft:acacia_planks":2},"minecraft:crafted":{"minecraft:oak_planks":24,"minecraft:crafting_table":1,"minecraft:stick":8,"spartanshields:wooden_tower_shield":1,"minecraft:wooden_pickaxe":1,"minecraft:stone_pickaxe":1,"minecraft:stone_sword":1,"minecraft:acacia_planks":8,"spartanshields:stone_tower_shield":1},"minecraft:custom":{"minecraft:time_since_rest":11940,"minecraft:sprint_one_cm":31893,"minecraft:damage_taken":565,"minecraft:walk_one_cm":36608,"minecraft:mob_kills":1,"minecraft:damage_dealt":51,"minecraft:play_noteblock":5,"minecraft:tune_noteblock":9,"minecraft:interact_with_crafting_table":8,"minecraft:fly_one_cm":50201,"minecraft:open_barrel":3,"minecraft:crouch_one_cm":56,"minecraft:play_time":17926,"minecraft:deaths":1,"minecraft:sneak_time":26,"minecraft:jump":282,"minecraft:interact_with_blast_furnace":1,"minecraft:walk_on_water_one_cm":570,"minecraft:time_since_death":11890,"minecraft:total_world_time":17926,"minecraft:fall_one_cm":8368}},"DataVersion":3120}