{"stats":{"minecraft:picked_up":{"minecraft:iron_chestplate":1,"epicsamurai:steel_ingot":19,"minecraft:smithing_table":1,"minecraft:oak_stairs":5,"minecraft:wither_rose":4,"minecraft:golden_sword":2,"minecraft:string":71,"minecraft:soul_soil":60,"minecraft:beetroot":6,"minecraft:cobbled_deepslate":436,"rpgsmw:stone_greatsword":2,"minecraft:gold_nugget":458,"minecraft:spruce_planks":7,"minecraft:melon_slice":3,"minecraft:spruce_pressure_plate":1,"minecraft:acacia_log":95,"iceandfire:silver_ore":56,"minecraft:waxed_cut_copper_stairs":3,"rpgsmw:stone_spear":1,"minecraft:light_gray_bed":2,"rpgsmw:steel_greatsword":2,"iceandfire:fire_dragon_heart":1,"minecraft:blue_dye":3,"alexsmobs:lobster_tail":11,"minecraft:magma_block":5,"minecraft:feather":32,"minecraft:cooked_beef":6,"minecraft:iron_door":2,"minecraft:jungle_log":101,"alexsmobs:cooked_kangaroo_meat":11,"minecraft:glowstone_dust":68,"epicsamurai:raw_silver":29,"iceandfire:lightning_dragon_heart":1,"alexsmobs:animal_dictionary":1,"minecraft:polished_andesite":2,"alexsmobs:kangaroo_hide":11,"rpgsmw:rangal":1,"minecraft:granite":48,"minecraft:golden_horse_armor":1,"minecraft:bread":27,"epicsamurai:ruby":20,"minecraft:dark_oak_fence":2,"minecraft:crimson_roots":2,"rpgsmw:steelnugget":1,"iceandfire:dragon_skull_lightning":1,"minecraft:crafting_table":16,"iceandfire:witherbone":8,"minecraft:clay_ball":24,"minecraft:acacia_button":1,"minecraft:cornflower":12,"minecraft:red_bed":5,"epicsamurai:jade":48,"iceandfire:graveyard_soil":47,"minecraft:beef":21,"minecraft:poppy":11,"minecraft:spruce_slab":6,"minecraft:chest":4,"iceandfire:dragonscales_electric":43,"rpgsmw:biril":4,"minecraft:egg":5,"minecraft:spruce_fence":1,"minecraft:fire_charge":1,"rpgsmw:iron_greatsword":2,"minecraft:carrot":3,"minecraft:redstone":340,"minecraft:mangrove_trapdoor":1,"minecraft:diamond_chestplate":1,"minecraft:hay_block":38,"mowziesmobs:umvuthana_mask_bliss":1,"minecraft:gold_ingot":3,"minecraft:mutton":22,"minecraft:bone_block":34,"minecraft:white_wool":12,"alexsmobs:kangaroo_meat":22,"minecraft:rail":5,"minecraft:stripped_oak_log":6,"rpgsmw:copper_paladin_armour_helmet":1,"minecraft:yellow_dye":1,"alexsmobs:acacia_blossom":1,"minecraft:oak_log":163,"minecraft:ancient_debris":1,"minecraft:golden_boots":1,"minecraft:apple":3,"mowziesmobs:umvuthana_mask_rage":2,"alexsmobs:cockroach_wing_fragment":1,"minecraft:stone_pickaxe":1,"minecraft:cobweb":6,"epicsamurai:aquamarine":5,"minecraft:polished_andesite_stairs":1,"minecraft:spruce_log":1,"minecraft:crying_obsidian":2,"iceandfire:armor_electric_leggings":1,"minecraft:diamond_shovel":1,"mowziesmobs:umvuthana_mask_fear":2,"minecraft:brown_banner":1,"minecraft:melon_seeds":4,"minecraft:ender_pearl":1,"minecraft:wheat":137,"minecraft:potion":1,"minecraft:nether_brick":4,"minecraft:raw_copper":290,"alexsmobs:blood_sac":18,"minecraft:red_dye":1,"minecraft:redstone_torch":1,"minecraft:calcite":3,"minecraft:smooth_quartz":15,"minecraft:iron_boots":2,"minecraft:furnace":3,"minecraft:stick":6,"iceandfire:ghost_chest":1,"minecraft:acacia_fence":2,"iceandfire:crackled_dirt":3,"minecraft:torch":68,"minecraft:spruce_stairs":1,"minecraft:porkchop":64,"minecraft:diorite":65,"minecraft:pointed_dripstone":9,"epicsamurai:shuriken":4,"minecraft:rotten_flesh":113,"alexsmobs:emu_egg":3,"minecraft:stripped_birch_wood":1,"minecraft:cobblestone":839,"rpgsmw:steel_spear":2,"minecraft:magma_cream":16,"minecraft:andesite":61,"minecraft:chiseled_quartz_block":4,"minecraft:potato":17,"alexsmobs:bear_fur":2,"minecraft:tuff":44,"minecraft:acacia_boat":10,"minecraft:lapis_lazuli":179,"minecraft:dirt":548,"minecraft:acacia_planks":24,"minecraft:bone":84,"minecraft:bow":8,"minecraft:wheat_seeds":411,"minecraft:raw_gold":58,"minecraft:oak_planks":17,"minecraft:cooked_porkchop":30,"minecraft:sand":32,"minecraft:jungle_planks":4,"minecraft:grass_block":1,"minecraft:cyan_bed":1,"minecraft:mossy_cobblestone":2,"minecraft:light_gray_concrete":12,"minecraft:diamond":25,"waystones:waystone":1,"iceandfire:armor_electric_chestplate":1,"minecraft:cracked_polished_blackstone_bricks":2,"minecraft:bone_meal":2,"minecraft:golden_apple":2,"minecraft:oak_sapling":11,"minecraft:piglin_banner_pattern":1,"minecraft:netherrack":801,"minecraft:charcoal":8,"spartanshields:silver_tower_shield":1,"minecraft:splash_potion":1,"minecraft:chicken":6,"minecraft:wooden_pickaxe":1,"minecraft:gold_block":23,"minecraft:item_frame":2,"minecraft:blackstone":15,"minecraft:oak_boat":3,"minecraft:sugar_cane":33,"minecraft:spruce_trapdoor":2,"minecraft:raw_iron":281,"iceandfire:dragonbone":61,"minecraft:copper_ingot":2,"minecraft:note_block":1,"minecraft:polished_blackstone_bricks":86,"minecraft:iron_horse_armor":1,"minecraft:dark_oak_planks":7,"minecraft:weeping_vines":4,"minecraft:arrow":83,"minecraft:pumpkin_pie":7,"iceandfire:deepslate_silver_ore":2,"minecraft:saddle":1,"iceandfire:armor_electric_helmet":1,"iceandfire:silver_axe":1,"minecraft:basalt":35,"minecraft:golden_carrot":20,"minecraft:salmon":11,"minecraft:leather":26,"minecraft:crimson_fungus":1,"iceandfire:ectoplasm":4,"minecraft:yellow_bed":2,"minecraft:nether_wart_block":2,"minecraft:gunpowder":14,"minecraft:cobblestone_stairs":3,"minecraft:iron_ingot":10,"iceandfire:fire_dragon_flesh":3,"mowziesmobs:umvuthana_mask_misery":2,"minecraft:acacia_sapling":10,"minecraft:soul_sand":82,"minecraft:book":12,"epicsamurai:onyx":12,"iceandfire:ash":9,"minecraft:quartz":60,"minecraft:dandelion":6,"minecraft:dripstone_block":1,"minecraft:blast_furnace":8,"minecraft:white_bed":3,"minecraft:spider_eye":14,"alexsmobs:raw_catfish":2,"iceandfire:silver_pickaxe":1,"minecraft:stripped_jungle_wood":18,"minecraft:coal":263},"minecraft:mined":{"minecraft:dark_oak_planks":3,"minecraft:white_bed":2,"minecraft:jungle_leaves":29,"minecraft:granite":47,"minecraft:chiseled_polished_blackstone":1,"minecraft:acacia_log":97,"minecraft:jungle_log":100,"minecraft:light_gray_bed":1,"minecraft:crimson_fungus":1,"minecraft:spawner":5,"minecraft:polished_blackstone_bricks":89,"minecraft:weeping_vines_plant":1,"minecraft:tall_seagrass":2,"epicsamurai:deepslate_jade_ore":20,"minecraft:magma_block":5,"minecraft:cobbled_deepslate":2,"minecraft:fire":17,"minecraft:deepslate_lapis_ore":16,"iceandfire:gold_pile":37,"minecraft:dirt_path":1,"minecraft:quartz_slab":1,"minecraft:oak_stairs":2,"minecraft:spruce_pressure_plate":1,"minecraft:light_gray_concrete":6,"minecraft:red_bed":5,"minecraft:crimson_nylium":16,"minecraft:soul_fire":1,"minecraft:torch":18,"minecraft:note_block":1,"minecraft:blast_furnace":8,"minecraft:melon":1,"minecraft:polished_andesite_stairs":1,"minecraft:cyan_bed":1,"minecraft:sugar_cane":10,"minecraft:repeater":1,"minecraft:wheat":129,"minecraft:wither_rose":5,"minecraft:grass":155,"minecraft:smooth_quartz":15,"minecraft:stripped_birch_wood":6,"minecraft:deepslate":465,"iceandfire:silver_ore":48,"minecraft:mossy_cobblestone":3,"epicsamurai:deepslate_onyx_ore":5,"minecraft:dark_oak_fence":1,"minecraft:spruce_fence":1,"minecraft:stripped_jungle_wood":18,"minecraft:crimson_roots":3,"minecraft:redstone_wire":3,"iceandfire:deepslate_silver_ore":2,"minecraft:redstone_ore":20,"minecraft:andesite":58,"minecraft:potatoes":2,"minecraft:vine":28,"minecraft:rail":1,"minecraft:bone_block":33,"minecraft:smithing_table":1,"epicsamurai:jade_ore":4,"minecraft:gray_concrete":1,"minecraft:glass_pane":1,"minecraft:soul_sand":113,"minecraft:dandelion":7,"minecraft:cornflower":12,"minecraft:campfire":4,"minecraft:tall_grass":18,"minecraft:copper_ore":53,"minecraft:deepslate_gold_ore":38,"minecraft:diorite":64,"minecraft:spruce_log":1,"minecraft:birch_leaves":10,"minecraft:sunflower":1,"minecraft:gravel":2,"minecraft:cobweb":46,"minecraft:gold_ore":22,"minecraft:fern":4,"minecraft:spruce_planks":8,"iceandfire:graveyard_soil":48,"minecraft:farmland":3,"minecraft:cobblestone_stairs":3,"minecraft:spruce_trapdoor":1,"minecraft:grass_block":348,"minecraft:cracked_polished_blackstone_bricks":14,"minecraft:soul_soil":62,"minecraft:gilded_blackstone":1,"minecraft:glowstone":25,"minecraft:iron_ore":184,"iceandfire:crackled_dirt":2,"epicsamurai:deepslate_silver_ore":32,"minecraft:spruce_slab":6,"minecraft:waxed_cut_copper_stairs":1,"minecraft:deepslate_redstone_ore":57,"minecraft:blackstone":22,"minecraft:melon_stem":1,"minecraft:chiseled_quartz_block":4,"minecraft:clay":6,"minecraft:poppy":10,"iceandfire:ghost_chest":1,"minecraft:chest":4,"minecraft:nether_quartz_ore":60,"minecraft:cobblestone":15,"minecraft:oak_planks":25,"minecraft:iron_door":3,"minecraft:wall_torch":23,"minecraft:nether_wart_block":4,"minecraft:brown_wall_banner":1,"minecraft:oak_log":142,"minecraft:acacia_fence":2,"minecraft:sand":32,"minecraft:dirt":137,"minecraft:netherrack":991,"minecraft:oak_leaves":192,"minecraft:nether_gold_ore":35,"minecraft:tuff":60,"minecraft:deepslate_diamond_ore":1,"epicsamurai:deepslate_ruby_ore":13,"minecraft:weeping_vines":1,"minecraft:mangrove_trapdoor":1,"minecraft:hay_block":38,"minecraft:furnace":3,"minecraft:carrots":3,"minecraft:gold_block":11,"minecraft:bookshelf":4,"minecraft:deepslate_iron_ore":78,"minecraft:shroomlight":1,"minecraft:stripped_oak_log":6,"minecraft:stone":821,"minecraft:white_tulip":1,"minecraft:acacia_leaves":49,"minecraft:basalt":46,"epicsamurai:deepslate_aquamarine_ore":4,"minecraft:crafting_table":15,"minecraft:lapis_ore":10,"minecraft:polished_blackstone_brick_stairs":1,"minecraft:spruce_stairs":1,"rpgsmw:mineral_ore":4,"iceandfire:ash":1,"minecraft:yellow_bed":1,"minecraft:coal_ore":263,"minecraft:polished_andesite":1,"epicsamurai:ruby_ore":4},"minecraft:broken":{"minecraft:golden_boots":1,"spartanshields:stone_tower_shield":1,"minecraft:iron_pickaxe":1,"minecraft:golden_helmet":1,"iceandfire:silver_pickaxe":2,"rpgsmw:steel_paladin_armour_helmet":1,"minecraft:stone_pickaxe":4,"mowziesmobs:umvuthana_mask_bliss":1,"rpgsmw:steel_paladin_armour_chestplate":1},"minecraft:dropped":{"minecraft:porkchop":9,"minecraft:cooked_beef":5,"minecraft:glass_bottle":1,"minecraft:cooked_porkchop":1,"minecraft:weeping_vines":4,"iceandfire:ectoplasm":1,"minecraft:rail":5,"minecraft:dirt":75,"minecraft:dark_oak_fence":1,"minecraft:yellow_dye":5,"minecraft:gold_nugget":33,"minecraft:bone_meal":2,"iceandfire:fire_dragon_blood":1,"minecraft:dark_oak_planks":4,"minecraft:white_wool":1,"minecraft:bone":11,"minecraft:note_block":1,"minecraft:waxed_cut_copper_stairs":3,"mowziesmobs:umvuthana_mask_rage":1,"minecraft:cobbled_deepslate":10,"minecraft:wheat":2,"minecraft:rotten_flesh":15,"minecraft:glowstone_dust":4,"minecraft:acacia_button":1,"minecraft:jungle_log":4,"minecraft:acacia_sapling":8,"minecraft:spruce_slab":5,"minecraft:beef":2,"minecraft:egg":2,"minecraft:golden_boots":1,"minecraft:wheat_seeds":16,"simpletomb:grave_key":1,"minecraft:feather":2,"minecraft:cobblestone":16,"minecraft:granite":7,"minecraft:polished_andesite":2,"rpgsmw:steel_paladin_armour_helmet":1,"minecraft:red_dye":2,"minecraft:acacia_planks":27,"minecraft:soul_soil":8,"alexsmobs:acacia_blossom":1,"minecraft:chicken":1,"minecraft:light_gray_concrete":12,"minecraft:blast_furnace":1,"minecraft:stone":1,"minecraft:spruce_trapdoor":2,"minecraft:spruce_planks":7,"minecraft:yellow_bed":1,"minecraft:spider_eye":7,"rpgsmw:steel_greatsword":1,"rpgsmw:iron_knife":1,"minecraft:acacia_boat":1,"minecraft:soul_sand":13,"iceandfire:silver_axe":1,"rpgsmw:stone_spear":2,"minecraft:stripped_birch_wood":1,"rpgsmw:copper_paladin_armour_helmet":1,"minecraft:leather":2,"minecraft:cracked_polished_blackstone_bricks":2,"minecraft:mutton":2,"epicsamurai:jade":11,"minecraft:pumpkin_pie":2,"minecraft:polished_blackstone_bricks":33,"minecraft:gold_ingot":4,"minecraft:blackstone":15,"minecraft:pointed_dripstone":9,"minecraft:beetroot":6,"minecraft:diamond_shovel":1,"minecraft:cooked_mutton":1,"minecraft:poppy":1,"rpgsmw:iron_greatsword":3,"minecraft:basalt":32,"minecraft:netherrack":382,"iceandfire:silver_pickaxe":2,"minecraft:bread":2,"rpgsmw:stone_greatsword":3,"minecraft:copper_ingot":2,"rpgsmw:rangal":1,"minecraft:grass_block":1,"minecraft:stick":14,"spartanshields:golden_tower_shield":1,"minecraft:blue_dye":3,"rpgsmw:steel_spear":1,"minecraft:diorite":2,"iceandfire:crackled_dirt":2,"minecraft:torch":5,"minecraft:nether_wart_block":1,"minecraft:fire_charge":1,"minecraft:polished_andesite_stairs":1,"minecraft:redstone":2,"minecraft:chiseled_quartz_block":4,"minecraft:raw_copper":11,"iceandfire:silver_ore":1,"mowziesmobs:umvuthana_mask_misery":1,"minecraft:andesite":21,"minecraft:oak_sapling":11,"minecraft:golden_sword":2,"minecraft:stone_pickaxe":1,"minecraft:wooden_pickaxe":2,"minecraft:calcite":3},"minecraft:custom":{"minecraft:interact_with_crafting_table":188,"minecraft:open_barrel":87,"minecraft:leave_game":19,"minecraft:time_since_death":55156,"minecraft:damage_blocked_by_shield":6413,"minecraft:play_time":1173251,"minecraft:deaths":62,"minecraft:jump":18857,"minecraft:interact_with_furnace":126,"minecraft:sleep_in_bed":41,"minecraft:waystone_activated":3,"minecraft:damage_dealt":106047,"minecraft:interact_with_smoker":19,"minecraft:inspect_dispenser":2,"minecraft:interact_with_smithing_table":4,"minecraft:interact_with_anvil":1,"minecraft:sneak_time":17216,"minecraft:interact_with_blast_furnace":153,"minecraft:total_world_time":1173251,"minecraft:tune_noteblock":31,"minecraft:interact_with_stonecutter":2,"minecraft:time_since_rest":36987,"minecraft:swim_one_cm":267514,"minecraft:fly_one_cm":3245726,"minecraft:open_chest":337,"minecraft:fall_one_cm":604592,"minecraft:damage_resisted":5547,"minecraft:sprint_one_cm":2524440,"minecraft:drop":255,"minecraft:play_noteblock":3,"minecraft:talked_to_villager":14,"minecraft:walk_on_water_one_cm":347480,"minecraft:interact_with_loom":6,"minecraft:player_kills":8,"minecraft:crouch_one_cm":33797,"minecraft:mob_kills":621,"minecraft:damage_dealt_resisted":125,"minecraft:climb_one_cm":24455,"minecraft:walk_one_cm":3332194,"minecraft:walk_under_water_one_cm":216529,"minecraft:boat_one_cm":75977,"spartanshields:shield_bash_hits":17,"minecraft:damage_taken":38604,"minecraft:damage_absorbed":524,"minecraft:trigger_trapped_chest":31},"minecraft:crafted":{"rpgsmw:blue_fabric":15,"rpgsmw:steel_paladin_armour_chestplate":3,"minecraft:smooth_stone":3,"epicsamurai:silver_ingot":28,"spartanshields:wooden_tower_shield":6,"iceandfire:silver_shovel":2,"rpgsmw:red_fabric":6,"minecraft:loom":1,"minecraft:cooked_mutton":13,"minecraft:glass":3,"rpgsmw:copper_paladin_armour_helmet":1,"rpgsmw:steelrainforcedstick":6,"rpgsmw:steel_spear":4,"iceandfire:silver_axe":2,"minecraft:glass_bottle":3,"minecraft:cooked_porkchop":38,"minecraft:smithing_table":1,"minecraft:copper_ingot":24,"epicsamurai:steel_nugget":36,"minecraft:iron_pickaxe":2,"minecraft:iron_block":4,"minecraft:gold_ingot":163,"rpgsmw:paladin_diamond_armor_helmet":1,"iceandfire:silver_sword":1,"iceandfire:dragonbone_sword_fire":1,"rpgsmw:steel_paladin_armour_boots":3,"minecraft:bone_meal":9,"rpgsmw:steel_paladin_armour_helmet":3,"spartanshields:copper_tower_shield":1,"minecraft:stone_pickaxe":7,"minecraft:golden_helmet":1,"minecraft:wheat":342,"rpgsmw:fabric":29,"iceandfire:dragonbone_sword":1,"rpgsmw:steel_paladin_ring":3,"rpgsmw:stone_spear":1,"rpgsmw:steel":9,"minecraft:glowstone":16,"minecraft:golden_apple":3,"rpgsmw:gold_ring":1,"minecraft:wooden_axe":1,"epicsamurai:steel_ingot":101,"iceandfire:silver_pickaxe":6,"iceandfire:armor_electric_chestplate":1,"minecraft:oak_planks":516,"rpgsmw:paladin_diamond_armor_chestplate":1,"minecraft:barrel":2,"minecraft:cooked_chicken":1,"minecraft:stone":5,"iceandfire:armor_electric_leggings":1,"rpgsmw:steelnugget":9,"rpgsmw:steel_sword":2,"epicsamurai:red_samurai_leggings":1,"rpgsmw:steel_paladin_armour_leggings":3,"rpgsmw:steel_ring":3,"minecraft:chest":2,"rpgsmw:steel_greatsword":2,"rpgsmw:woodenfiber":16,"minecraft:golden_boots":2,"minecraft:smoker":2,"minecraft:oak_slab":6,"minecraft:crafting_table":16,"minecraft:spruce_planks":4,"minecraft:wooden_pickaxe":6,"epicsamurai:green_samurai_boots":1,"rpgsmw:stone_greatsword":1,"minecraft:gold_block":10,"spartanshields:silver_tower_shield":4,"minecraft:acacia_button":1,"iceandfire:dragonbone_bow":1,"minecraft:paper":3,"minecraft:yellow_dye":5,"minecraft:stick":400,"minecraft:iron_ingot":179,"minecraft:stone_sword":2,"minecraft:redstone_torch":4,"spartanshields:golden_tower_shield":1,"minecraft:furnace":13,"iceandfire:armor_electric_boots":1,"minecraft:blast_furnace":1,"rpgsmw:iron_knife":1,"rpgsmw:paladin_diamond_armor_leggings":1,"spartanshields:stone_tower_shield":1,"rpgsmw:iron_greatsword":1,"minecraft:leather":5,"iceandfire:armor_electric_helmet":1,"minecraft:cooked_beef":3,"minecraft:red_dye":7,"rpgsmw:gold_paladin_ring":1,"iceandfire:silver_ingot":25,"alexsmobs:cooked_lobster_tail":11,"alexsmobs:cooked_kangaroo_meat":13,"rpgsmw:iron_spear":1,"minecraft:cooked_salmon":11,"minecraft:bucket":2,"alexsmobs:banner_pattern_new_mexico":1,"minecraft:stone_axe":1,"minecraft:bread":158,"iceandfire:dragonbone_pickaxe":1,"minecraft:acacia_boat":7,"minecraft:jungle_planks":200,"minecraft:blue_dye":17,"minecraft:oak_boat":3,"rpgsmw:paladin_diamond_armor_boots":1,"minecraft:gold_nugget":9,"rpgsmw:copper_paladin_armour_boots":1,"minecraft:acacia_planks":216,"minecraft:torch":892,"iceandfire:silver_hoe":1},"minecraft:used":{"alexsmobs:emu_egg":3,"minecraft:beetroot":6,"minecraft:spruce_slab":1,"minecraft:chest":6,"minecraft:rotten_flesh":59,"minecraft:soul_sand":3,"rpgsmw:steel_paladin_armour_chestplate":2,"minecraft:lava_bucket":2,"iceandfire:ghost_chest":1,"rpgsmw:steel_sword":76,"minecraft:bow":121,"minecraft:furnace":13,"minecraft:egg":3,"minecraft:potato":5,"minecraft:diorite":11,"epicsamurai:green_samurai_boots":1,"rpgsmw:stone_spear":70,"minecraft:wooden_pickaxe":23,"minecraft:golden_apple":14,"minecraft:blast_furnace":8,"iceandfire:silver_pickaxe":2235,"rpgsmw:steel_greatsword":306,"rpgsmw:steel_paladin_armour_leggings":2,"minecraft:smithing_table":2,"minecraft:oak_boat":4,"rpgsmw:stone_greatsword":50,"minecraft:stone_sword":40,"minecraft:acacia_log":10,"iceandfire:silver_sword":2,"minecraft:cooked_salmon":11,"minecraft:netherrack":427,"minecraft:torch":806,"minecraft:barrel":2,"minecraft:basalt":3,"rpgsmw:steel_paladin_armour_helmet":2,"minecraft:beef":8,"spartanshields:silver_tower_shield":79,"minecraft:acacia_planks":10,"minecraft:cobbled_deepslate":208,"minecraft:wheat_seeds":181,"minecraft:water_bucket":160,"rpgsmw:paladin_diamond_armor_chestplate":1,"minecraft:polished_blackstone_bricks":53,"minecraft:mossy_cobblestone":2,"minecraft:crafting_table":31,"minecraft:red_bed":5,"minecraft:white_bed":3,"minecraft:diamond_shovel":60,"iceandfire:dragonbone_sword_fire":485,"alexsmobs:kangaroo_meat":9,"minecraft:iron_pickaxe":249,"minecraft:cobblestone":468,"minecraft:potion":2,"minecraft:porkchop":7,"minecraft:cooked_porkchop":34,"minecraft:iron_sword":2,"minecraft:stripped_jungle_wood":15,"minecraft:iron_chestplate":1,"minecraft:mutton":8,"minecraft:carrot":25,"minecraft:tuff":15,"rpgsmw:steel_paladin_armour_boots":1,"alexsmobs:cooked_lobster_tail":11,"minecraft:magma_block":1,"rpgsmw:steel_spear":775,"alexsmobs:raw_catfish":1,"minecraft:stone_pickaxe":752,"minecraft:oak_planks":5,"minecraft:sugar_cane":22,"minecraft:loom":1,"spartanshields:stone_tower_shield":59,"iceandfire:silver_axe":281,"epicsamurai:shuriken":4,"minecraft:redstone_torch":5,"minecraft:cyan_bed":1,"minecraft:bread":154,"minecraft:melon_slice":7,"minecraft:andesite":40,"minecraft:bone_meal":7,"minecraft:cobweb":9,"simpletomb:grave_key":63,"minecraft:dirt":424,"minecraft:spruce_stairs":1,"alexsmobs:cooked_kangaroo_meat":19,"minecraft:granite":4,"minecraft:wooden_axe":9,"iceandfire:crackled_dirt":1,"rpgsmw:iron_greatsword":87,"minecraft:golden_carrot":3,"rpgsmw:iron_spear":56,"minecraft:soul_soil":25,"minecraft:cooked_beef":4,"iceandfire:dragonbone_pickaxe":655,"minecraft:light_gray_bed":2,"minecraft:cooked_mutton":12,"minecraft:acacia_boat":13,"minecraft:glass_bottle":2,"minecraft:smoker":2,"minecraft:piston":5,"minecraft:chicken":4,"iceandfire:graveyard_soil":2,"spartanshields:copper_tower_shield":50,"iceandfire:ash":1,"minecraft:stone_axe":115,"iceandfire:silver_hoe":146,"minecraft:bucket":163,"minecraft:yellow_bed":1,"minecraft:pumpkin_pie":7,"iceandfire:silver_shovel":552,"minecraft:splash_potion":1},"minecraft:killed_by":{"minecraft:zombie_villager":1,"alexsmobs:straddler":2,"mowziesmobs:umvuthana":1,"minecraft:zombie":6,"minecraft:husk":1,"iceandfire:cockatrice":2,"epicsamurai:kitsune":1,"mowziesmobs:umvuthi":6,"minecraft:cave_spider":1,"alexsmobs:bone_serpent":1,"minecraft:player":6,"minecraft:spider":2,"minecraft:iron_golem":1,"minecraft:skeleton":16},"minecraft:killed":{"alexsmobs:lobster":18,"minecraft:cave_spider":2,"minecraft:skeleton":80,"minecraft:chicken":6,"mowziesmobs:umvuthana_crane":9,"minecraft:salmon":14,"minecraft:zombie":129,"iceandfire:lightning_dragon":1,"minecraft:cow":11,"alexsmobs:raccoon":2,"minecraft:horse":7,"epicsamurai:oni":4,"minecraft:husk":1,"epicsamurai:akaname":18,"minecraft:frog":1,"minecraft:wandering_trader":1,"alexsmobs:rhinoceros":3,"alexsmobs:catfish":2,"iceandfire:ghost":36,"minecraft:enderman":2,"minecraft:witch":1,"minecraft:zombified_piglin":2,"minecraft:spider":28,"minecraft:piglin_brute":4,"alexsmobs:kangaroo":23,"epicsamurai:enenra":3,"minecraft:piglin":6,"minecraft:pig":17,"alexsmobs:grizzly_bear":2,"alexsmobs:stradpole":1,"epicsamurai:kitsune":9,"minecraft:creeper":12,"alexsmobs:crimson_mosquito":28,"minecraft:sheep":14,"minecraft:ghast":2,"alexsmobs:fly":1,"mowziesmobs:umvuthana_raptor":1,"epicsamurai:onibi":14,"minecraft:phantom":1,"iceandfire:fire_dragon":1,"alexsmobs:bison":1,"alexsmobs:soul_vulture":1,"minecraft:drowned":2,"mowziesmobs:umvuthana":23,"minecraft:bat":1,"mowziesmobs:umvuthana_follower_raptor":4,"minecraft:hoglin":13,"alexsmobs:gazelle":2,"minecraft:wither_skeleton":5}},"DataVersion":3120}