{"stats":{"minecraft:picked_up":{"minecraft:charcoal":8,"minecraft:crafting_table":7,"minecraft:wheat":1,"minecraft:chicken":1,"epicsamurai:steel_ingot":19,"minecraft:wooden_pickaxe":1,"minecraft:cornflower":7,"minecraft:string":32,"minecraft:raw_copper":168,"minecraft:item_frame":2,"minecraft:beetroot":6,"minecraft:cobbled_deepslate":36,"rpgsmw:stone_greatsword":2,"minecraft:red_dye":1,"minecraft:calcite":3,"minecraft:poppy":2,"minecraft:egg":2,"minecraft:spruce_trapdoor":2,"minecraft:furnace":1,"minecraft:stick":2,"minecraft:raw_iron":85,"iceandfire:dragonbone":44,"minecraft:porkchop":9,"minecraft:torch":22,"minecraft:acacia_log":11,"iceandfire:silver_ore":14,"minecraft:spruce_fence":1,"minecraft:note_block":1,"minecraft:fire_charge":1,"minecraft:diorite":7,"minecraft:carrot":3,"minecraft:mangrove_trapdoor":1,"minecraft:dark_oak_planks":3,"minecraft:waxed_cut_copper_stairs":3,"minecraft:rotten_flesh":43,"minecraft:arrow":17,"minecraft:light_gray_bed":2,"rpgsmw:stone_spear":1,"minecraft:pumpkin_pie":3,"minecraft:blue_dye":1,"mowziesmobs:umvuthana_mask_bliss":1,"minecraft:mutton":6,"alexsmobs:kangaroo_meat":6,"minecraft:white_wool":4,"minecraft:rail":5,"minecraft:cobblestone":111,"minecraft:magma_block":5,"rpgsmw:copper_paladin_armour_helmet":1,"minecraft:feather":5,"minecraft:jungle_log":30,"minecraft:andesite":22,"minecraft:leather":5,"minecraft:yellow_dye":1,"minecraft:potato":16,"minecraft:tuff":11,"minecraft:oak_log":42,"minecraft:gunpowder":5,"minecraft:dirt":67,"minecraft:bone":25,"minecraft:acacia_planks":10,"minecraft:bow":3,"minecraft:wheat_seeds":12,"minecraft:raw_gold":14,"minecraft:iron_ingot":7,"epicsamurai:aquamarine":4,"epicsamurai:raw_silver":1,"minecraft:acacia_sapling":1,"minecraft:oak_planks":12,"minecraft:book":12,"epicsamurai:onyx":2,"minecraft:polished_andesite_stairs":1,"minecraft:dandelion":1,"minecraft:blast_furnace":6,"minecraft:white_bed":3,"minecraft:spruce_log":1,"alexsmobs:animal_dictionary":1,"minecraft:spider_eye":3,"minecraft:polished_andesite":2,"alexsmobs:kangaroo_hide":3,"minecraft:granite":7,"minecraft:bread":22,"epicsamurai:ruby":3,"minecraft:netherrack":4,"minecraft:dark_oak_fence":2,"minecraft:coal":23},"minecraft:broken":{"spartanshields:stone_tower_shield":1,"mowziesmobs:umvuthana_mask_bliss":1},"minecraft:killed_by":{"minecraft:husk":1,"minecraft:zombie_villager":1,"minecraft:player":3,"minecraft:spider":1,"minecraft:iron_golem":1,"minecraft:skeleton":12,"minecraft:zombie":2},"minecraft:used":{"rpgsmw:stone_greatsword":50,"minecraft:beetroot":6,"minecraft:stone_sword":9,"minecraft:acacia_log":1,"minecraft:chest":1,"minecraft:rotten_flesh":34,"simpletomb:grave_key":27,"minecraft:torch":113,"rpgsmw:steel_paladin_armour_chestplate":1,"minecraft:dirt":57,"alexsmobs:cooked_kangaroo_meat":1,"minecraft:carrot":25,"minecraft:tuff":10,"rpgsmw:iron_greatsword":84,"minecraft:magma_block":1,"rpgsmw:iron_spear":44,"minecraft:bow":14,"minecraft:furnace":3,"spartanshields:silver_tower_shield":3,"rpgsmw:steel_spear":59,"minecraft:cobbled_deepslate":35,"minecraft:potato":4,"minecraft:acacia_planks":10,"minecraft:light_gray_bed":2,"minecraft:cooked_mutton":6,"minecraft:water_bucket":3,"minecraft:diorite":4,"minecraft:stone_pickaxe":137,"minecraft:oak_planks":5,"rpgsmw:stone_spear":70,"minecraft:wooden_pickaxe":7,"minecraft:crafting_table":9,"minecraft:blast_furnace":5,"minecraft:white_bed":3,"spartanshields:stone_tower_shield":59,"rpgsmw:steel_greatsword":20,"minecraft:iron_pickaxe":208,"minecraft:bread":3,"minecraft:stone_axe":115,"minecraft:cobblestone":69,"rpgsmw:steel_paladin_armour_leggings":1,"minecraft:bucket":4,"minecraft:andesite":11,"minecraft:pumpkin_pie":5},"minecraft:custom":{"minecraft:mob_kills":116,"minecraft:interact_with_crafting_table":50,"minecraft:open_barrel":4,"minecraft:damage_dealt_resisted":42,"minecraft:time_since_death":51467,"minecraft:climb_one_cm":4986,"minecraft:damage_resisted":2425,"minecraft:sprint_one_cm":394367,"minecraft:walk_one_cm":691981,"minecraft:damage_blocked_by_shield":2380,"minecraft:drop":55,"minecraft:play_noteblock":3,"minecraft:talked_to_villager":7,"minecraft:play_time":207958,"minecraft:sneak_time":2260,"minecraft:deaths":24,"minecraft:walk_under_water_one_cm":20549,"minecraft:jump":2700,"minecraft:interact_with_blast_furnace":57,"minecraft:walk_on_water_one_cm":30544,"minecraft:total_world_time":207958,"minecraft:interact_with_furnace":16,"spartanshields:shield_bash_hits":2,"minecraft:tune_noteblock":27,"minecraft:interact_with_stonecutter":1,"minecraft:sleep_in_bed":8,"minecraft:time_since_rest":8126,"minecraft:damage_taken":8507,"minecraft:damage_dealt":16459,"minecraft:player_kills":4,"minecraft:swim_one_cm":10870,"minecraft:fly_one_cm":397683,"minecraft:open_chest":15,"minecraft:crouch_one_cm":3385,"minecraft:fall_one_cm":88013},"minecraft:mined":{"minecraft:dark_oak_planks":3,"minecraft:tuff":11,"minecraft:white_bed":2,"iceandfire:silver_ore":8,"minecraft:spruce_trapdoor":1,"minecraft:granite":6,"minecraft:dark_oak_fence":1,"minecraft:acacia_log":11,"minecraft:grass_block":16,"minecraft:spruce_fence":1,"minecraft:jungle_log":26,"minecraft:light_gray_bed":1,"minecraft:mangrove_trapdoor":1,"minecraft:spawner":1,"minecraft:magma_block":5,"minecraft:furnace":1,"minecraft:carrots":3,"minecraft:iron_ore":38,"minecraft:andesite":19,"minecraft:potatoes":1,"minecraft:vine":8,"minecraft:bookshelf":4,"minecraft:deepslate_iron_ore":24,"minecraft:rail":1,"epicsamurai:deepslate_silver_ore":1,"minecraft:stone":109,"minecraft:waxed_cut_copper_stairs":1,"minecraft:acacia_leaves":1,"minecraft:dandelion":2,"epicsamurai:deepslate_aquamarine_ore":4,"minecraft:crafting_table":7,"minecraft:cornflower":7,"minecraft:torch":13,"minecraft:note_block":1,"minecraft:blast_furnace":6,"minecraft:poppy":1,"minecraft:polished_andesite_stairs":1,"minecraft:campfire":4,"minecraft:tall_grass":3,"minecraft:copper_ore":21,"minecraft:deepslate_gold_ore":7,"minecraft:oak_planks":22,"minecraft:diorite":6,"minecraft:wall_torch":7,"minecraft:wheat":1,"minecraft:spruce_log":1,"minecraft:grass":15,"minecraft:oak_log":36,"minecraft:coal_ore":23,"minecraft:dirt":17,"minecraft:cobweb":27,"minecraft:polished_andesite":1,"minecraft:netherrack":4,"minecraft:gold_ore":7,"epicsamurai:ruby_ore":3,"minecraft:deepslate":38,"minecraft:fern":1},"minecraft:killed":{"minecraft:spider":5,"minecraft:horse":5,"minecraft:skeleton":17,"minecraft:chicken":1,"alexsmobs:kangaroo":5,"minecraft:husk":1,"minecraft:pig":5,"minecraft:frog":1,"mowziesmobs:umvuthana_follower_raptor":4,"minecraft:creeper":4,"minecraft:sheep":4,"minecraft:zombie":51,"mowziesmobs:umvuthana_raptor":1},"minecraft:dropped":{"minecraft:wheat_seeds":11,"rpgsmw:stone_spear":2,"rpgsmw:copper_paladin_armour_helmet":1,"minecraft:cobblestone":1,"rpgsmw:stone_greatsword":3,"minecraft:granite":7,"minecraft:rail":5,"minecraft:stick":3,"minecraft:polished_andesite":2,"minecraft:dirt":3,"minecraft:blue_dye":1,"minecraft:diorite":2,"minecraft:dark_oak_fence":1,"minecraft:yellow_dye":2,"minecraft:fire_charge":1,"minecraft:polished_andesite_stairs":1,"minecraft:red_dye":2,"minecraft:acacia_planks":8,"minecraft:note_block":1,"minecraft:waxed_cut_copper_stairs":3,"minecraft:raw_copper":10,"minecraft:wheat":1,"minecraft:beetroot":6,"minecraft:rotten_flesh":5,"minecraft:blast_furnace":1,"minecraft:poppy":1,"minecraft:spruce_trapdoor":2,"minecraft:andesite":11,"minecraft:jungle_log":4,"minecraft:acacia_sapling":1,"minecraft:spider_eye":1,"minecraft:wooden_pickaxe":2,"minecraft:calcite":3,"minecraft:egg":2},"minecraft:crafted":{"rpgsmw:blue_fabric":6,"rpgsmw:steel_paladin_armour_chestplate":1,"minecraft:oak_planks":156,"minecraft:cooked_chicken":1,"rpgsmw:steel_paladin_armour_boots":1,"spartanshields:wooden_tower_shield":2,"minecraft:furnace":2,"spartanshields:stone_tower_shield":1,"minecraft:cooked_mutton":6,"rpgsmw:steel_sword":1,"rpgsmw:iron_greatsword":1,"rpgsmw:copper_paladin_armour_helmet":1,"rpgsmw:steel_paladin_armour_helmet":1,"rpgsmw:steel_paladin_armour_leggings":1,"minecraft:stone_pickaxe":2,"minecraft:chest":1,"rpgsmw:steel_greatsword":1,"rpgsmw:woodenfiber":8,"rpgsmw:steelrainforcedstick":2,"rpgsmw:steel_spear":1,"rpgsmw:fabric":9,"minecraft:red_dye":1,"minecraft:cooked_porkchop":9,"iceandfire:silver_ingot":6,"minecraft:crafting_table":3,"rpgsmw:stone_spear":1,"minecraft:spruce_planks":4,"minecraft:wooden_pickaxe":2,"alexsmobs:cooked_kangaroo_meat":6,"rpgsmw:iron_spear":1,"minecraft:copper_ingot":18,"rpgsmw:stone_greatsword":1,"minecraft:bucket":1,"spartanshields:silver_tower_shield":1,"minecraft:stone_axe":1,"minecraft:jungle_planks":104,"epicsamurai:steel_nugget":9,"minecraft:blue_dye":7,"minecraft:yellow_dye":1,"minecraft:stick":88,"minecraft:iron_ingot":98,"minecraft:iron_pickaxe":2,"minecraft:iron_block":4,"minecraft:stone_sword":1,"rpgsmw:copper_paladin_armour_boots":1,"epicsamurai:steel_ingot":49,"minecraft:acacia_planks":40,"minecraft:torch":96}},"DataVersion":3120}