{"stats":{"minecraft:mined":{"iceandfire:silver_ore":10,"born_in_chaos_v1:infected_diamond_ore":2,"minecraft:granite":29,"minecraft:acacia_log":48,"luminousworld:bao_bob_wood":3,"iceandfire:deepslate_silver_ore":1,"luminousworld:savanna_grass_2":9,"minecraft:iron_ore":14,"minecraft:fire":3,"minecraft:andesite":86,"minecraft:deepslate_iron_ore":5,"luminousworld:groundpebbles_2":1,"minecraft:stone":172,"minecraft:deepslate_redstone_ore":4,"luminousworld:savannah_soil":29,"minecraft:acacia_leaves":5,"luminousworld:tall_deadbush":8,"luminousworld:savannah_grass_1":20,"minecraft:poppy":1,"minecraft:copper_ore":12,"minecraft:cobblestone":7,"minecraft:diorite":39,"supplementaries:urn":2,"minecraft:mud":7,"luminousworld:bao_bob_log":35,"minecraft:mangrove_leaves":1,"minecraft:grass":3,"minecraft:coal_ore":5,"luminousworld:ishstone":18,"minecraft:sand":2,"minecraft:dirt":8,"luminousworld:savannah_grass_4":25,"luminousworld:elephant_grass":7,"minecraft:deepslate":44,"luminousworld:savannah_ground":1},"minecraft:crafted":{"naturalist:cooked_catfish":1,"minecraft:smooth_stone":1,"minecraft:stone_shovel":1,"vanillaplustools:stone_hammer":1,"minecraft:furnace":4,"iceandfire:armor_copper_metal_leggings":1,"minecraft:stone":1,"iceandfire:armor_copper_metal_helmet":1,"minecraft:cooked_mutton":1,"iceandfire:armor_copper_metal_boots":2,"minecraft:glass":3,"quark:acacia_chest":3,"born_in_chaos_v1:fried_maggot":19,"minecraft:stone_pickaxe":12,"iceandfire:armor_copper_metal_chestplate":2,"stalwart_dungeons:iron_hammer":1,"minecraft:wooden_shovel":1,"iceandfire:silver_ingot":7,"minecraft:crafting_table":4,"minecraft:wooden_pickaxe":2,"minecraft:iron_sword":1,"luminousworld:cooked_trout":1,"minecraft:copper_ingot":36,"iceandfire:earplugs":1,"minecraft:bucket":1,"minecraft:stone_axe":1,"minecraft:iron_chestplate":1,"minecraft:charcoal":8,"minecraft:shield":3,"minecraft:stick":72,"minecraft:iron_ingot":23,"minecraft:wooden_axe":1,"minecraft:stone_sword":2,"minecraft:acacia_door":3,"iceandfire:silver_pickaxe":1,"minecraft:acacia_planks":112,"minecraft:torch":52,"iceandfire:silver_sword":2,"luminousworld:baobab_plank":56},"minecraft:picked_up":{"luminousworld:groundpebbles_1":1,"minecraft:fishing_rod":1,"minecraft:mud":5,"born_in_chaos_v1:diamond_termite_shard":4,"minecraft:wheat":2,"minecraft:suspicious_stew":1,"born_in_chaos_v1:seedof_chaos":2,"ecologics:seashell":2,"luminousworld:trout":1,"alexsmobs:gazelle_horn":1,"minecraft:string":10,"minecraft:raw_copper":44,"minecraft:cobbled_deepslate":49,"minecraft:poppy":1,"naturalist:catfish":1,"ecologics:crab_claw":2,"minecraft:stick":1,"minecraft:raw_iron":18,"ecologics:coconut_slice":10,"minecraft:torch":3,"minecraft:acacia_log":49,"luminousworld:savannah_soil":28,"tombstone:grave_dust":4,"minecraft:diorite":31,"minecraft:redstone":17,"minecraft:honey_bottle":2,"minecraft:arrow":2,"minecraft:rotten_flesh":27,"minecraft:tropical_fish":1,"supplementaries:ash":5,"luminousworld:tall_deadbush":11,"minecraft:mutton":1,"minecraft:cobblestone":258,"born_in_chaos_v1:corpse_maggot":37,"luminousworld:savannah_ground":1,"minecraft:feather":2,"born_in_chaos_v1:monster_flesh":1,"minecraft:andesite":86,"luminousworld:ishstone":18,"minecraft:gunpowder":13,"minecraft:dirt":10,"minecraft:glass":3,"minecraft:bone":19,"minecraft:acacia_planks":1,"luminousworld:elephant_grass":5,"minecraft:iron_ingot":2,"minecraft:stone_pickaxe":4,"minecraft:acacia_sapling":8,"born_in_chaos_v1:ethereal_spirit":4,"minecraft:sand":2,"born_in_chaos_v1:dark_rod":1,"alexsmobs:animal_dictionary":1,"minecraft:iron_hoe":1,"minecraft:granite":33,"minecraft:emerald":2,"tombstone:magic_scroll":1,"luminousworld:bao_bob_log":28,"minecraft:coal":5,"iceandfire:raw_silver":11},"minecraft:killed":{"alexsmobs:lobster":6,"undead_revamp2:theimmortal":3,"born_in_chaos_v1:zombie_lumberjack":1,"born_in_chaos_v1:restless_spirit":2,"minecraft:spider":3,"undead_revamp2:thesmoker":2,"born_in_chaos_v1:zombie_bruiser":1,"born_in_chaos_v1:baby_skeleton_minion":2,"born_in_chaos_v1:maggot":5,"luminousworld:swamp_skeleton":1,"ecologics:coconut_crab":1,"luminousworld:charaxes":1,"luminousworld:savannah_zombie":5,"born_in_chaos_v1:bonescaller":1,"born_in_chaos_v1:diamond_termite":5,"mowziesmobs:umvuthana_follower_raptor":2,"born_in_chaos_v1:decrepit_skeleton":3,"born_in_chaos_v1:zombie_fisherman":1,"luminousworld:savannah_skeleton":7,"undead_revamp2:thesomnolence":21,"luminousworld:swamp_zombie":1,"minecraft:zombie":6,"naturalist:catfish":1,"born_in_chaos_v1:dread_hound":1,"born_in_chaos_v1:corpse_fly":34,"alexsmobs:gazelle":3,"enemyexpansion:botfly":1,"born_in_chaos_v1:dark_vortex":1,"born_in_chaos_v1:nightmare_stalker":1,"born_in_chaos_v1:door_knight":1,"creeperoverhaul:savannah_creeper":2,"born_in_chaos_v1:siamese_skeletonsleft":1},"minecraft:broken":{"minecraft:stone_pickaxe":1,"iceandfire:earplugs":1,"iceandfire:armor_copper_metal_boots":1},"minecraft:dropped":{"minecraft:glass_bottle":1,"iceandfire:armor_copper_metal_chestplate":1,"minecraft:cobblestone":97,"iceandfire:silver_sword":1,"luminousworld:savannah_ground":1,"born_in_chaos_v1:fused_bone":1,"minecraft:sand":1,"minecraft:acacia_planks":1,"minecraft:bone":5,"minecraft:cobbled_deepslate":1,"minecraft:bowl":1,"luminousworld:tall_deadbush":3,"minecraft:honey_bottle":1,"minecraft:acacia_sapling":5,"minecraft:glass":3,"minecraft:stone_pickaxe":4},"minecraft:used":{"stalwart_dungeons:iron_hammer":94,"minecraft:stone_sword":138,"iceandfire:silver_sword":183,"iceandfire:armor_copper_metal_leggings":1,"minecraft:tropical_fish":1,"minecraft:stone_shovel":2,"naturalist:cooked_catfish":1,"minecraft:shield":71,"minecraft:iron_sword":119,"luminousworld:bao_bob_log":3,"vanillaplustools:stone_hammer":20,"minecraft:wooden_shovel":15,"born_in_chaos_v1:fried_maggot":19,"minecraft:rotten_flesh":29,"minecraft:iron_chestplate":1,"minecraft:torch":53,"iceandfire:armor_copper_metal_boots":1,"minecraft:dirt":6,"minecraft:granite":8,"minecraft:honey_bottle":2,"minecraft:iron_hoe":1,"born_in_chaos_v1:corpse_maggot":1,"minecraft:wooden_axe":25,"iceandfire:earplugs":1,"luminousworld:savannah_soil":20,"minecraft:furnace":4,"iceandfire:armor_copper_metal_helmet":1,"tombstone:gift":6,"minecraft:cobbled_deepslate":19,"minecraft:cooked_mutton":1,"minecraft:water_bucket":2,"minecraft:diorite":31,"minecraft:stone_pickaxe":301,"minecraft:wooden_pickaxe":15,"luminousworld:groundpebbles_1":1,"luminousworld:ishstone":4,"quark:acacia_chest":3,"minecraft:crafting_table":4,"iceandfire:silver_pickaxe":23,"minecraft:mud":5,"iceandfire:armor_copper_metal_chestplate":2,"minecraft:acacia_door":1,"minecraft:suspicious_stew":1,"born_in_chaos_v1:monster_flesh":1,"minecraft:stone_axe":76,"ecologics:coconut_slice":10,"minecraft:fishing_rod":4,"minecraft:cobblestone":43,"luminousworld:cooked_trout":1,"minecraft:andesite":28,"minecraft:bucket":2,"alexsmobs:animal_dictionary":1},"minecraft:killed_by":{"undead_revamp2:theimmortal":2,"born_in_chaos_v1:siamese_skeletonsright":2,"mutantmonsters:mutant_zombie":4,"born_in_chaos_v1:nightmare_stalker":3,"enemyexpansion:slugger":1,"quark:forgotten":1,"born_in_chaos_v1:corpse_fly":3,"enemyexpansion:faller":1,"born_in_chaos_v1:diamond_termite":1,"born_in_chaos_v1:siamese_skeletons":1,"minecraft:zombie":1,"luminousworld:savannah_zombie":1,"born_in_chaos_v1:dread_hound":1,"luminousworld:savannah_skeleton":2},"minecraft:custom":{"minecraft:mob_kills":138,"minecraft:interact_with_crafting_table":65,"minecraft:open_barrel":3,"minecraft:damage_dealt_resisted":1037,"minecraft:leave_game":4,"minecraft:time_since_death":16919,"minecraft:climb_one_cm":686,"minecraft:sprint_one_cm":304871,"minecraft:walk_one_cm":544386,"minecraft:damage_blocked_by_shield":2035,"minecraft:drop":30,"minecraft:play_time":184926,"minecraft:deaths":24,"minecraft:sneak_time":2958,"minecraft:walk_under_water_one_cm":78846,"minecraft:jump":2205,"minecraft:walk_on_water_one_cm":39893,"minecraft:total_world_time":184926,"minecraft:interact_with_furnace":78,"minecraft:time_since_rest":15984,"minecraft:damage_taken":7730,"minecraft:damage_dealt":23606,"minecraft:swim_one_cm":27279,"minecraft:fly_one_cm":406025,"minecraft:open_chest":33,"minecraft:crouch_one_cm":1860,"tombstone:undead_killed":36,"minecraft:fall_one_cm":35629}},"DataVersion":3465}