{"stats":{"minecraft:crafted":{"rpgsmw:blue_fabric":11,"rpgsmw:steel_paladin_armour_chestplate":2,"minecraft:oak_planks":276,"minecraft:cooked_chicken":1,"spartanshields:wooden_tower_shield":3,"rpgsmw:steel_paladin_armour_boots":2,"minecraft:furnace":3,"minecraft:bone_meal":9,"spartanshields:stone_tower_shield":1,"minecraft:cooked_mutton":6,"rpgsmw:steel_sword":2,"rpgsmw:iron_greatsword":1,"rpgsmw:copper_paladin_armour_helmet":1,"rpgsmw:steel_paladin_armour_helmet":1,"minecraft:leather":1,"spartanshields:copper_tower_shield":1,"rpgsmw:steel_paladin_armour_leggings":2,"minecraft:stone_pickaxe":7,"minecraft:chest":1,"rpgsmw:steel_greatsword":1,"rpgsmw:woodenfiber":9,"rpgsmw:steelrainforcedstick":3,"rpgsmw:steel_spear":2,"rpgsmw:fabric":15,"minecraft:red_dye":1,"iceandfire:silver_ingot":6,"minecraft:cooked_porkchop":21,"minecraft:crafting_table":6,"rpgsmw:stone_spear":1,"minecraft:spruce_planks":4,"minecraft:wooden_pickaxe":6,"alexsmobs:cooked_kangaroo_meat":6,"rpgsmw:iron_spear":1,"minecraft:copper_ingot":24,"rpgsmw:stone_greatsword":1,"minecraft:bucket":1,"spartanshields:silver_tower_shield":1,"minecraft:stone_axe":1,"minecraft:jungle_planks":104,"epicsamurai:steel_nugget":9,"minecraft:blue_dye":12,"minecraft:oak_boat":3,"minecraft:yellow_dye":1,"minecraft:stick":148,"minecraft:iron_ingot":117,"minecraft:iron_pickaxe":2,"minecraft:iron_block":4,"minecraft:stone_sword":2,"rpgsmw:copper_paladin_armour_boots":1,"minecraft:acacia_planks":60,"minecraft:torch":204,"epicsamurai:steel_ingot":51},"minecraft:custom":{"minecraft:mob_kills":158,"minecraft:interact_with_crafting_table":78,"minecraft:open_barrel":4,"minecraft:damage_dealt_resisted":42,"minecraft:leave_game":3,"minecraft:time_since_death":9371,"minecraft:climb_one_cm":7346,"minecraft:damage_resisted":2513,"minecraft:sprint_one_cm":652931,"minecraft:walk_one_cm":1023005,"minecraft:damage_blocked_by_shield":2815,"minecraft:drop":84,"minecraft:play_noteblock":3,"minecraft:talked_to_villager":11,"minecraft:play_time":350530,"minecraft:sneak_time":3733,"minecraft:deaths":40,"minecraft:walk_under_water_one_cm":47642,"minecraft:boat_one_cm":17419,"minecraft:jump":5348,"minecraft:interact_with_blast_furnace":62,"minecraft:walk_on_water_one_cm":79657,"minecraft:total_world_time":350530,"minecraft:interact_with_furnace":28,"spartanshields:shield_bash_hits":3,"minecraft:tune_noteblock":27,"minecraft:interact_with_stonecutter":1,"minecraft:sleep_in_bed":11,"minecraft:waystone_activated":1,"minecraft:time_since_rest":9408,"minecraft:damage_taken":14851,"minecraft:damage_dealt":23131,"minecraft:player_kills":6,"minecraft:swim_one_cm":20883,"minecraft:fly_one_cm":848490,"minecraft:open_chest":42,"minecraft:crouch_one_cm":5649,"minecraft:fall_one_cm":192436},"minecraft:killed_by":{"minecraft:husk":1,"minecraft:zombie_villager":1,"minecraft:player":6,"minecraft:spider":2,"minecraft:iron_golem":1,"minecraft:cave_spider":1,"minecraft:skeleton":14,"minecraft:zombie":4},"minecraft:broken":{"spartanshields:stone_tower_shield":1,"minecraft:stone_pickaxe":4,"minecraft:iron_pickaxe":1,"mowziesmobs:umvuthana_mask_bliss":1},"minecraft:used":{"rpgsmw:stone_greatsword":50,"minecraft:beetroot":6,"minecraft:stone_sword":40,"minecraft:acacia_log":1,"minecraft:chest":1,"simpletomb:grave_key":43,"minecraft:torch":208,"minecraft:rotten_flesh":46,"minecraft:netherrack":4,"minecraft:mutton":7,"minecraft:dirt":64,"rpgsmw:steel_paladin_armour_chestplate":2,"alexsmobs:cooked_kangaroo_meat":1,"minecraft:carrot":25,"minecraft:tuff":11,"rpgsmw:steel_paladin_armour_boots":1,"rpgsmw:iron_greatsword":87,"rpgsmw:steel_sword":76,"rpgsmw:iron_spear":56,"minecraft:magma_block":1,"minecraft:beef":8,"minecraft:bow":15,"minecraft:furnace":4,"spartanshields:silver_tower_shield":9,"minecraft:potato":4,"minecraft:cobbled_deepslate":124,"rpgsmw:steel_spear":100,"minecraft:acacia_planks":10,"minecraft:light_gray_bed":2,"minecraft:cooked_mutton":6,"minecraft:water_bucket":15,"minecraft:diorite":4,"minecraft:oak_planks":5,"minecraft:stone_pickaxe":676,"rpgsmw:stone_spear":70,"minecraft:wooden_pickaxe":23,"minecraft:blast_furnace":5,"minecraft:crafting_table":15,"minecraft:white_bed":3,"spartanshields:stone_tower_shield":59,"rpgsmw:steel_greatsword":20,"minecraft:melon_slice":4,"minecraft:iron_pickaxe":249,"minecraft:bread":13,"alexsmobs:kangaroo_meat":3,"spartanshields:copper_tower_shield":1,"minecraft:stone_axe":115,"minecraft:cobblestone":233,"rpgsmw:steel_paladin_armour_leggings":2,"minecraft:porkchop":7,"minecraft:cooked_porkchop":4,"minecraft:andesite":32,"minecraft:bucket":15,"minecraft:pumpkin_pie":5,"minecraft:oak_boat":4,"minecraft:bone_meal":7},"minecraft:mined":{"minecraft:dark_oak_planks":3,"minecraft:tuff":37,"minecraft:white_bed":2,"iceandfire:silver_ore":9,"minecraft:spruce_trapdoor":1,"epicsamurai:deepslate_ruby_ore":9,"minecraft:granite":6,"minecraft:dark_oak_fence":1,"minecraft:acacia_log":15,"minecraft:spruce_fence":1,"minecraft:grass_block":25,"minecraft:jungle_log":26,"minecraft:light_gray_bed":1,"iceandfire:deepslate_silver_ore":2,"minecraft:mangrove_trapdoor":1,"minecraft:spawner":2,"epicsamurai:deepslate_jade_ore":3,"minecraft:magma_block":5,"minecraft:furnace":1,"minecraft:carrots":3,"minecraft:iron_ore":51,"minecraft:cobbled_deepslate":2,"minecraft:andesite":40,"minecraft:bookshelf":4,"minecraft:potatoes":1,"minecraft:vine":8,"minecraft:deepslate_iron_ore":35,"minecraft:rail":1,"epicsamurai:deepslate_silver_ore":1,"minecraft:stripped_oak_log":6,"minecraft:stone":272,"minecraft:waxed_cut_copper_stairs":1,"minecraft:acacia_leaves":1,"minecraft:glass_pane":1,"minecraft:dandelion":3,"epicsamurai:deepslate_aquamarine_ore":4,"minecraft:crafting_table":9,"minecraft:cornflower":12,"minecraft:torch":16,"minecraft:note_block":1,"minecraft:blast_furnace":6,"minecraft:poppy":1,"minecraft:polished_andesite_stairs":1,"minecraft:chest":1,"minecraft:campfire":4,"minecraft:copper_ore":25,"minecraft:tall_grass":9,"minecraft:cobblestone":12,"minecraft:lapis_ore":3,"minecraft:deepslate_gold_ore":9,"minecraft:oak_planks":23,"minecraft:diorite":15,"minecraft:wall_torch":15,"minecraft:wheat":1,"minecraft:spruce_log":1,"minecraft:grass":48,"minecraft:coal_ore":95,"minecraft:oak_log":64,"minecraft:dirt":25,"minecraft:cobweb":35,"minecraft:polished_andesite":1,"minecraft:netherrack":4,"minecraft:gold_ore":7,"minecraft:deepslate":264,"minecraft:oak_leaves":1,"minecraft:fern":1,"epicsamurai:ruby_ore":3},"minecraft:dropped":{"minecraft:bread":2,"minecraft:wheat_seeds":11,"rpgsmw:stone_spear":2,"minecraft:cobblestone":1,"rpgsmw:copper_paladin_armour_helmet":1,"rpgsmw:stone_greatsword":3,"minecraft:granite":7,"minecraft:rail":5,"minecraft:stick":3,"minecraft:polished_andesite":2,"minecraft:dirt":3,"minecraft:blue_dye":1,"minecraft:diorite":2,"minecraft:dark_oak_fence":1,"minecraft:yellow_dye":2,"minecraft:mutton":2,"minecraft:fire_charge":1,"minecraft:polished_andesite_stairs":1,"minecraft:red_dye":2,"minecraft:acacia_planks":8,"minecraft:note_block":1,"minecraft:waxed_cut_copper_stairs":3,"minecraft:cobbled_deepslate":10,"minecraft:raw_copper":11,"minecraft:wheat":1,"minecraft:pointed_dripstone":9,"minecraft:beetroot":6,"minecraft:rotten_flesh":5,"minecraft:blast_furnace":1,"minecraft:poppy":1,"minecraft:spruce_trapdoor":2,"minecraft:andesite":11,"rpgsmw:iron_greatsword":3,"minecraft:jungle_log":4,"minecraft:yellow_bed":1,"minecraft:acacia_sapling":1,"minecraft:spider_eye":1,"minecraft:beef":2,"minecraft:wooden_pickaxe":2,"minecraft:calcite":3,"minecraft:egg":2},"minecraft:killed":{"minecraft:cave_spider":2,"minecraft:spider":5,"minecraft:horse":5,"minecraft:skeleton":24,"minecraft:chicken":1,"alexsmobs:kangaroo":7,"epicsamurai:enenra":2,"minecraft:husk":1,"minecraft:pig":13,"minecraft:frog":1,"mowziesmobs:umvuthana_follower_raptor":4,"minecraft:creeper":6,"minecraft:sheep":6,"minecraft:zombie":63,"mowziesmobs:umvuthana_raptor":1,"minecraft:cow":4},"minecraft:picked_up":{"minecraft:charcoal":8,"minecraft:crafting_table":10,"minecraft:wheat":1,"minecraft:chicken":1,"epicsamurai:steel_ingot":19,"minecraft:wooden_pickaxe":1,"minecraft:cornflower":12,"minecraft:string":43,"minecraft:raw_copper":186,"minecraft:item_frame":2,"epicsamurai:jade":3,"minecraft:beetroot":6,"rpgsmw:stone_greatsword":2,"minecraft:cobbled_deepslate":266,"minecraft:beef":11,"minecraft:red_dye":1,"minecraft:oak_boat":3,"minecraft:calcite":3,"minecraft:poppy":2,"minecraft:sugar_cane":8,"minecraft:chest":1,"minecraft:spruce_trapdoor":2,"minecraft:furnace":1,"minecraft:egg":2,"minecraft:raw_iron":109,"minecraft:stick":2,"iceandfire:dragonbone":44,"minecraft:torch":34,"minecraft:acacia_log":16,"iceandfire:silver_ore":17,"minecraft:note_block":1,"minecraft:spruce_fence":1,"minecraft:fire_charge":1,"minecraft:porkchop":28,"minecraft:pointed_dripstone":9,"minecraft:diorite":16,"rpgsmw:iron_greatsword":2,"minecraft:carrot":3,"minecraft:mangrove_trapdoor":1,"minecraft:dark_oak_planks":3,"minecraft:waxed_cut_copper_stairs":3,"minecraft:arrow":28,"minecraft:light_gray_bed":2,"minecraft:rotten_flesh":61,"rpgsmw:stone_spear":1,"minecraft:pumpkin_pie":3,"minecraft:blue_dye":1,"mowziesmobs:umvuthana_mask_bliss":1,"iceandfire:deepslate_silver_ore":2,"minecraft:stripped_oak_log":6,"minecraft:mutton":16,"alexsmobs:kangaroo_meat":9,"minecraft:rail":5,"minecraft:white_wool":6,"minecraft:cobblestone":300,"minecraft:magma_block":5,"rpgsmw:copper_paladin_armour_helmet":1,"minecraft:feather":5,"minecraft:andesite":43,"minecraft:jungle_log":30,"minecraft:leather":8,"minecraft:yellow_dye":1,"minecraft:potato":16,"minecraft:tuff":37,"minecraft:oak_log":70,"minecraft:yellow_bed":1,"minecraft:gunpowder":8,"minecraft:lapis_lazuli":15,"minecraft:dirt":85,"minecraft:bone":33,"minecraft:acacia_planks":10,"minecraft:bow":4,"minecraft:wheat_seeds":13,"minecraft:raw_gold":16,"minecraft:iron_ingot":7,"epicsamurai:aquamarine":5,"epicsamurai:raw_silver":1,"minecraft:oak_planks":13,"minecraft:acacia_sapling":1,"minecraft:book":12,"epicsamurai:onyx":5,"minecraft:polished_andesite_stairs":1,"minecraft:dandelion":2,"minecraft:dripstone_block":1,"minecraft:white_bed":3,"minecraft:blast_furnace":6,"minecraft:spruce_log":1,"minecraft:spider_eye":4,"alexsmobs:animal_dictionary":1,"minecraft:polished_andesite":2,"alexsmobs:kangaroo_hide":5,"minecraft:granite":7,"minecraft:bread":27,"epicsamurai:ruby":12,"minecraft:netherrack":4,"minecraft:dark_oak_fence":2,"minecraft:coal":95}},"DataVersion":3120}