{"stats":{"minecraft:used":{"minecraft:shield":46,"ecologics:coconut_planks":72,"minecraft:iron_chestplate":3,"ironchest:iron_chest":1,"minecraft:lantern":1,"minecraft:bow":3,"minecraft:hay_block":3,"minecraft:furnace":7,"iceandfire:armor_green_leggings":1,"minecraft:diamond_boots":1,"minecraft:oak_planks":100,"iceandfire:armor_green_helmet":1,"minecraft:wooden_pickaxe":35,"minecraft:diamond_axe":203,"minecraft:golden_apple":40,"minecraft:glow_berries":8,"undead_revamp2:bostroxset_chestplate":21,"iceandfire:silver_axe":40,"minecraft:black_bed":2,"endrem:corrupted_eye":1,"iceandfire:silver_pickaxe":455,"iceandfire:dragonbone_sword":227,"minecraft:bread":57,"minecraft:diamond_sword":118,"minecraft:dark_oak_fence":2,"minecraft:smithing_table":1,"minecraft:cobweb":6,"minecraft:iron_bars":3,"iceandfire:silver_sword":194,"minecraft:flint_and_steel":8,"minecraft:spruce_planks":47,"minecraft:tinted_glass":9,"minecraft:netherrack":17,"minecraft:oak_door":3,"minecraft:stick":1,"minecraft:torch":132,"minecraft:dirt":237,"minecraft:anvil":1,"minecraft:diamond_helmet":1,"minecraft:dark_oak_planks":101,"minecraft:mud_bricks":21,"minecraft:diamond_chestplate":1,"minecraft:golden_carrot":9,"ironchest:gold_chest":1,"iceandfire:armor_green_boots":1,"tombstone:gift":1,"minecraft:cooked_beef":6,"minecraft:cobbled_deepslate":77,"minecraft:water_bucket":30,"undead_revamp2:wincallerfan":1,"minecraft:deepslate_bricks":8,"minecraft:crafting_table":16,"minecraft:red_bed":9,"minecraft:white_bed":5,"iceandfire:armor_silver_metal_chestplate":19,"minecraft:oak_log":18,"iceandfire:dragonbone_sword_fire":298,"minecraft:iron_pickaxe":149,"minecraft:stone_axe":102,"minecraft:cobblestone":24,"minecraft:bucket":31,"minecraft:cooked_porkchop":3,"minecraft:stripped_oak_log":2,"iceandfire:silver_shovel":439,"minecraft:diamond_leggings":1},"minecraft:picked_up":{"minecraft:redstone_block":2,"minecraft:chainmail_boots":1,"minecraft:anvil":1,"enemyexpansion:wasp_thorax":1,"minecraft:wither_rose":1,"minecraft:potion":1,"iceandfire:armor_silver_metal_chestplate":1,"iceandfire:manuscript":120,"minecraft:string":20,"minecraft:raw_copper":33,"minecraft:cobbled_deepslate":120,"minecraft:tnt_minecart":8,"minecraft:gold_nugget":29,"minecraft:spruce_planks":7,"hangglider:hang_glider":1,"minecraft:stick":5,"ecologics:walnut_log":8,"minecraft:torch":35,"minecraft:porkchop":6,"tombstone:grave_dust":8,"minecraft:diorite":2,"born_in_chaos_v1:nightmare_claw":1,"minecraft:brown_carpet":1,"minecraft:rotten_flesh":26,"ecologics:coconut_log":18,"iceandfire:fire_dragon_heart":1,"minecraft:carved_pumpkin":2,"supplementaries:ash":26,"minecraft:waxed_cut_copper":1,"minecraft:iron_bars":5,"minecraft:cobblestone":236,"minecraft:cooked_beef":3,"ecologics:coconut_planks":4,"minecraft:black_bed":2,"alexsmobs:bear_fur":3,"minecraft:flint":55,"supplementaries:flax_seeds":7,"minecraft:lapis_lazuli":10,"minecraft:dirt":254,"minecraft:lantern":1,"born_in_chaos_v1:monster_skin":3,"minecraft:bone":54,"minecraft:acacia_planks":2,"minecraft:wheat_seeds":4,"minecraft:raw_gold":15,"minecraft:mossy_stone_bricks":2,"minecraft:oak_planks":65,"minecraft:black_terracotta":2,"naturalist:cattail_fluff":1,"earthmobsmod:harder_flesh":4,"iceandfire:dragon_skull_fire":1,"minecraft:sand":83,"minecraft:stripped_spruce_log":18,"iceandfire:stymphalian_bird_feather":41,"alexsmobs:animal_dictionary":1,"undead_revamp2:acidsack":1,"minecraft:dark_prismarine":2,"minecraft:dark_prismarine_slab":1,"minecraft:diamond":9,"minecraft:emerald":3,"minecraft:bread":8,"minecraft:oak_sapling":6,"minecraft:netherrack":17,"minecraft:dark_oak_fence":1,"iceandfire:silver_nugget":168,"minecraft:crafting_table":1,"minecraft:mud":2,"undead_revamp2:bostroxingot":3,"minecraft:charcoal":8,"minecraft:waxed_oxidized_cut_copper":10,"iceandfire:witherbone":1,"minecraft:brown_mushroom":4,"minecraft:red_bed":8,"minecraft:moss_carpet":3,"undead_revamp2:bostroxset_chestplate":1,"minecraft:item_frame":5,"iceandfire:ghost_ingot":1,"iceandfire:graveyard_soil":9,"minecraft:cracked_stone_bricks":8,"iceandfire:bestiary":3,"iceandfire:hydra_fang":3,"minecraft:beef":6,"minecraft:player_head":2,"minecraft:iron_nugget":30,"minecraft:spruce_slab":1,"minecraft:tinted_glass":9,"minecraft:chest":2,"iceandfire:ice_dragon_heart":1,"minecraft:raw_iron":54,"iceandfire:dragonbone":31,"luminousworld:spuds":1,"iceandfire:dragonscales_green":16,"minecraft:oak_door":2,"minecraft:copper_ingot":12,"minecraft:note_block":2,"sophisticatedbackpacks:backpack":2,"minecraft:redstone":51,"minecraft:dark_oak_planks":27,"iceandfire:dragon_skull_ice":8,"minecraft:arrow":62,"iceandfire:cyclops_eye":1,"minecraft:deepslate_bricks":8,"minecraft:hay_block":41,"minecraft:stripped_dark_oak_wood":26,"tombstone:essence_of_undeath":1,"minecraft:gold_ingot":4,"undead_revamp2:wincallerfan":1,"minecraft:glow_berries":37,"minecraft:mutton":9,"minecraft:rail":6,"minecraft:skeleton_skull":1,"minecraft:white_wool":8,"minecraft:stripped_oak_log":8,"born_in_chaos_v1:corpse_maggot":1,"minecraft:mud_bricks":21,"iceandfire:sea_serpent_fang":4,"minecraft:leather":9,"minecraft:packed_mud":7,"minecraft:oak_log":57,"iceandfire:ectoplasm":2,"iceandfire:hydra_heart":1,"minecraft:gunpowder":18,"iceandfire:dragonscales_blue":15,"minecraft:paper":2,"minecraft:cooked_mutton":12,"minecraft:stone_bricks":10,"minecraft:apple":1,"minecraft:gray_carpet":1,"minecraft:iron_ingot":54,"minecraft:cobweb":9,"tombstone:bag_of_seeds":1,"minecraft:glass_bottle":1,"iceandfire:fire_dragon_flesh":1,"minecraft:flowering_azalea":4,"minecraft:dark_oak_stairs":2,"minecraft:book":81,"minecraft:scaffolding":3,"iceandfire:copper_nugget":20,"minecraft:dark_oak_slab":1,"luminousworld:clovers_1":1,"minecraft:red_wool":4,"minecraft:stone_brick_slab":1,"iceandfire:ash":3,"minecraft:gravel":179,"minecraft:spruce_sapling":1,"minecraft:white_bed":3,"minecraft:spruce_log":15,"minecraft:diamond_axe":1,"iceandfire:sea_serpent_scales_red":5,"iceandfire:ice_dragon_flesh":2,"minecraft:waxed_oxidized_cut_copper_slab":4,"tombstone:magic_scroll":2,"minecraft:coal":91},"minecraft:broken":{"minecraft:diamond_helmet":1,"iceandfire:silver_pickaxe":1,"iceandfire:armor_green_leggings":1,"minecraft:golden_leggings":1,"minecraft:diamond_boots":1,"iceandfire:armor_green_helmet":1,"minecraft:diamond_chestplate":1,"iceandfire:armor_green_boots":1,"minecraft:diamond_leggings":1,"minecraft:shield":1},"minecraft:killed":{"minecraft:witch":1,"luminousworld:frost_bitten_skeleton":1,"undead_revamp2:thesmoker":1,"iceandfire:stymphalian_bird":8,"undead_revamp2:theswarmer":2,"minecraft:skeleton":34,"undead_revamp2:thespitter":1,"alexsmobs:grizzly_bear":3,"naturalist:snake":1,"iceandfire:hydra":1,"minecraft:zombie":14,"enemyexpansion:vampire":1,"enemyexpansion:wasp":1,"iceandfire:sea_serpent":1,"minecraft:cow":2,"undead_revamp2:thegliter":2,"enemyexpansion:intruder":1,"takesapillage:legioner":1,"undead_revamp2:bomber":1,"born_in_chaos_v1:maggot":6,"creeperoverhaul:snowy_creeper":1,"luminousworld:swamp_skeleton":3,"born_in_chaos_v1:barrel_zombie":1,"earthmobsmod:bouldering_zombie":1,"iceandfire:cyclops":1,"born_in_chaos_v1:baby_skeleton":1,"takesapillage:skirmisher":1,"enemyexpansion:sprinter":2,"minecraft:ravager":1,"born_in_chaos_v1:decrepit_skeleton":1,"undead_revamp2:thesomnolence":1,"luminousworld:swamp_zombie":4,"iceandfire:ghost":3,"born_in_chaos_v1:nightmare_stalker":1,"iceandfire:ice_dragon":1,"minecraft:wither_skeleton":3,"enemyexpansion:slugger":2},"minecraft:custom":{"minecraft:interact_with_crafting_table":80,"minecraft:open_barrel":19,"minecraft:leave_game":15,"minecraft:time_since_death":27343,"minecraft:sprint_one_cm":462917,"minecraft:damage_blocked_by_shield":2530,"minecraft:drop":145,"minecraft:play_noteblock":2,"minecraft:play_time":297966,"minecraft:deaths":52,"minecraft:interact_with_brewingstand":3,"minecraft:jump":3619,"minecraft:walk_on_water_one_cm":124901,"minecraft:interact_with_furnace":56,"minecraft:sleep_in_bed":14,"minecraft:damage_dealt":43017,"minecraft:crouch_one_cm":10485,"tombstone:undead_killed":78,"minecraft:interact_with_smoker":4,"minecraft:interact_with_smithing_table":1,"minecraft:interact_with_anvil":1,"minecraft:mob_kills":131,"minecraft:interact_with_campfire":4,"minecraft:damage_dealt_resisted":508,"minecraft:climb_one_cm":46994,"minecraft:walk_one_cm":921390,"minecraft:sneak_time":6044,"minecraft:walk_under_water_one_cm":63166,"minecraft:total_world_time":297966,"tombstone:raider_killed":4,"minecraft:time_since_rest":27111,"minecraft:damage_taken":22341,"minecraft:damage_absorbed":1457,"minecraft:swim_one_cm":49445,"minecraft:fly_one_cm":991269,"minecraft:open_chest":81,"minecraft:fall_one_cm":72726},"minecraft:killed_by":{"minecraft:wither_skeleton":1,"minecraft:vindicator":1,"minecraft:zombie":5,"undead_revamp2:thegliter":1,"takesapillage:legioner":3,"iceandfire:hydra":24,"takesapillage:archer":2,"minecraft:skeleton":10,"born_in_chaos_v1:dread_hound":1,"iceandfire:troll":2},"minecraft:dropped":{"minecraft:brown_mushroom":2,"minecraft:diamond_axe":1,"minecraft:dark_oak_slab":1,"minecraft:glow_berries":36,"iceandfire:ice_dragon_flesh":1,"iceandfire:fire_dragon_flesh":1,"iceandfire:ectoplasm":1,"minecraft:red_wool":1,"minecraft:cracked_stone_bricks":6,"minecraft:rail":2,"minecraft:item_frame":5,"minecraft:flint":51,"minecraft:packed_mud":7,"minecraft:tnt_minecart":6,"iceandfire:ash":3,"minecraft:sand":2,"minecraft:dark_oak_planks":2,"luminousworld:clovers_1":1,"minecraft:oak_door":1,"minecraft:gravel":132,"minecraft:note_block":2,"minecraft:stone_axe":1,"hangglider:hang_glider":1,"minecraft:iron_nugget":30,"alexsmobs:animal_dictionary":2,"minecraft:rotten_flesh":4,"minecraft:oak_planks":40,"minecraft:cooked_mutton":9,"minecraft:waxed_oxidized_cut_copper_slab":2,"supplementaries:flax_seeds":6,"minecraft:skeleton_skull":1,"iceandfire:bestiary":3,"minecraft:spruce_slab":1,"minecraft:iron_bars":2,"minecraft:arrow":14,"minecraft:scaffolding":2,"iceandfire:manuscript":120,"minecraft:bread":6,"minecraft:stripped_spruce_log":8,"minecraft:wheat_seeds":1,"minecraft:cobblestone":50,"minecraft:coal":1,"minecraft:stick":5,"minecraft:cobweb":10,"minecraft:diorite":2,"tombstone:grave_dust":1,"iceandfire:armor_silver_metal_chestplate":1,"minecraft:potion":1,"minecraft:flowering_azalea":4,"minecraft:paper":4,"minecraft:string":5,"minecraft:spruce_sapling":1,"iceandfire:dragon_skull_fire":1,"minecraft:redstone":2,"minecraft:stone_brick_slab":1,"iceandfire:silver_nugget":6,"minecraft:moss_carpet":3,"minecraft:player_head":1,"iceandfire:dragon_skull_ice":5,"minecraft:spruce_planks":5,"minecraft:mossy_stone_bricks":1,"minecraft:golden_leggings":1,"minecraft:oak_sapling":1,"minecraft:waxed_oxidized_cut_copper":6,"minecraft:carved_pumpkin":2,"minecraft:stone_bricks":9,"minecraft:wooden_pickaxe":1},"minecraft:mined":{"minecraft:dark_oak_planks":17,"minecraft:spruce_planks":3,"minecraft:white_bed":3,"iceandfire:graveyard_soil":9,"minecraft:black_terracotta":2,"minecraft:carved_pumpkin":1,"minecraft:cave_vines_plant":4,"minecraft:grass_block":156,"minecraft:deepslate_bricks":9,"minecraft:mud_bricks":22,"minecraft:spawner":8,"minecraft:dark_oak_trapdoor":1,"minecraft:iron_ore":5,"minecraft:cobbled_deepslate":2,"minecraft:fire":1,"minecraft:moss_carpet":1,"minecraft:anvil":1,"minecraft:deepslate_lapis_ore":2,"minecraft:stripped_dark_oak_wood":26,"minecraft:dark_oak_stairs":2,"minecraft:iron_bars":4,"ecologics:walnut_log":8,"minecraft:spruce_slab":1,"minecraft:waxed_cut_copper":5,"minecraft:deepslate_redstone_ore":8,"minecraft:red_bed":8,"minecraft:torch":1,"minecraft:note_block":2,"minecraft:chest":1,"minecraft:cobblestone":6,"minecraft:oak_planks":27,"minecraft:deepslate_copper_ore":5,"minecraft:dark_oak_slab":1,"minecraft:mud":4,"minecraft:tinted_glass":10,"minecraft:waxed_copper_block":1,"minecraft:black_bed":2,"minecraft:wither_rose":1,"minecraft:grass":10,"minecraft:oak_log":57,"minecraft:sand":86,"minecraft:dirt":142,"born_in_chaos_v1:infernal_evil_pumpkin_s":1,"minecraft:deepslate":107,"minecraft:netherrack":17,"minecraft:yellow_stained_glass":3,"minecraft:oak_leaves":33,"naturalist:cattail":1,"minecraft:dark_prismarine":2,"ecologics:coconut_planks":4,"luminousworld:grassvariant_4":3,"minecraft:deepslate_diamond_ore":10,"minecraft:oak_door":1,"iceandfire:frozen_cobblestone":1,"minecraft:glow_lichen":1,"minecraft:cobbled_deepslate_slab":1,"minecraft:dark_oak_fence":2,"minecraft:redstone_wire":3,"luminousworld:grassvariant_2":1,"ecologics:coconut_log":18,"minecraft:spruce_leaves":8,"minecraft:moss_block":3,"minecraft:hay_block":41,"minecraft:waxed_oxidized_cut_copper":6,"minecraft:packed_mud":8,"minecraft:waxed_oxidized_cut_copper_slab":1,"minecraft:stripped_spruce_log":10,"minecraft:bookshelf":29,"minecraft:deepslate_iron_ore":50,"minecraft:vine":3,"minecraft:rail":1,"minecraft:stripped_oak_log":9,"minecraft:stone":172,"minecraft:white_wool":3,"minecraft:mud_brick_slab":1,"minecraft:scaffolding":1,"minecraft:red_wool":4,"ecologics:thin_ice":1,"minecraft:crafting_table":1,"ecologics:walnut_leaves":1,"minecraft:rose_bush":1,"minecraft:campfire":4,"minecraft:copper_ore":5,"minecraft:tall_grass":3,"minecraft:deepslate_gold_ore":13,"minecraft:cracked_deepslate_bricks":5,"minecraft:sculk":1,"minecraft:diorite":1,"supplementaries:urn":13,"naturalist:duckweed":2,"minecraft:ice":1,"minecraft:spruce_log":15,"minecraft:dark_prismarine_slab":3,"minecraft:coal_ore":92,"iceandfire:silver_pile":26,"minecraft:sunflower":1,"minecraft:gravel":56,"minecraft:gray_carpet":2,"minecraft:cobweb":18,"minecraft:cracked_stone_bricks":7,"minecraft:acacia_planks":2,"minecraft:stone_bricks":4,"minecraft:mossy_stone_bricks":2},"minecraft:crafted":{"minecraft:oak_planks":184,"hangglider:hang_glider":1,"ecologics:walnut_planks":32,"iceandfire:silver_shovel":1,"minecraft:glass":6,"iceandfire:armor_silver_metal_chestplate":1,"minecraft:diamond_helmet":2,"minecraft:bow":1,"minecraft:diamond_leggings":1,"minecraft:iron_boots":1,"sophisticatedbackpacks:copper_backpack":1,"iceandfire:armor_green_helmet":1,"minecraft:chest":2,"iceandfire:silver_axe":1,"sophisticatedbackpacks:backpack":1,"minecraft:cooked_porkchop":6,"minecraft:crafting_table":15,"minecraft:spruce_planks":88,"minecraft:wooden_pickaxe":1,"minecraft:iron_helmet":1,"minecraft:smithing_table":1,"minecraft:copper_ingot":9,"minecraft:string":4,"minecraft:iron_chestplate":1,"minecraft:shield":1,"sophisticatedbackpacks:diamond_backpack":1,"minecraft:stick":64,"minecraft:iron_ingot":37,"minecraft:gold_ingot":12,"iceandfire:silver_sword":1,"hangglider:glider_framework":1,"minecraft:oak_door":3,"iceandfire:armor_green_leggings":1,"ecologics:coconut_planks":68,"iceandfire:dragonbone_sword_fire":1,"minecraft:furnace":7,"hangglider:glider_wing":2,"minecraft:glass_pane":16,"minecraft:leather":19,"minecraft:diamond_boots":1,"minecraft:dark_oak_planks":104,"iceandfire:stymphalian_arrow":12,"minecraft:wheat":342,"sophisticatedbackpacks:iron_backpack":1,"minecraft:cooked_beef":6,"ironchest:gold_chest":1,"iceandfire:dragonbone_sword":1,"minecraft:diamond_sword":1,"iceandfire:silver_ingot":18,"minecraft:red_bed":1,"sophisticatedbackpacks:gold_backpack":1,"minecraft:bucket":1,"minecraft:stone_axe":1,"minecraft:bread":114,"minecraft:air":0,"minecraft:white_wool":3,"minecraft:iron_leggings":1,"minecraft:white_bed":3,"minecraft:torch":124,"iceandfire:silver_pickaxe":1,"ironchest:iron_chest":2,"iceandfire:armor_green_boots":1,"minecraft:diamond_chestplate":2}},"DataVersion":3465}