{"stats":{"minecraft:picked_up":{"minecraft:wheat":1,"epicsamurai:steel_ingot":19,"minecraft:string":47,"minecraft:raw_copper":196,"minecraft:beetroot":6,"rpgsmw:stone_greatsword":2,"minecraft:cobbled_deepslate":315,"minecraft:red_dye":1,"minecraft:calcite":3,"minecraft:furnace":1,"minecraft:stick":3,"minecraft:torch":53,"minecraft:acacia_log":17,"iceandfire:silver_ore":32,"minecraft:porkchop":32,"minecraft:pointed_dripstone":9,"minecraft:diorite":50,"minecraft:waxed_cut_copper_stairs":3,"minecraft:rotten_flesh":80,"rpgsmw:stone_spear":1,"minecraft:light_gray_bed":2,"minecraft:blue_dye":3,"minecraft:cobblestone":580,"minecraft:magma_block":5,"rpgsmw:steel_spear":1,"minecraft:feather":29,"minecraft:andesite":60,"minecraft:jungle_log":101,"minecraft:potato":17,"minecraft:tuff":40,"minecraft:lapis_lazuli":95,"minecraft:dirt":169,"minecraft:bone":43,"minecraft:acacia_planks":10,"minecraft:bow":6,"minecraft:wheat_seeds":16,"minecraft:raw_gold":38,"epicsamurai:raw_silver":20,"minecraft:oak_planks":13,"minecraft:jungle_planks":4,"alexsmobs:animal_dictionary":1,"minecraft:polished_andesite":2,"alexsmobs:kangaroo_hide":11,"minecraft:granite":24,"minecraft:bread":27,"epicsamurai:ruby":12,"minecraft:netherrack":4,"minecraft:dark_oak_fence":2,"rpgsmw:steelnugget":1,"minecraft:charcoal":8,"minecraft:crafting_table":11,"minecraft:chicken":5,"minecraft:wooden_pickaxe":1,"minecraft:cornflower":12,"minecraft:red_bed":1,"epicsamurai:jade":19,"minecraft:item_frame":2,"minecraft:beef":11,"minecraft:oak_boat":3,"minecraft:poppy":2,"minecraft:sugar_cane":8,"minecraft:chest":1,"rpgsmw:biril":4,"minecraft:spruce_trapdoor":2,"minecraft:egg":5,"minecraft:raw_iron":156,"iceandfire:dragonbone":44,"minecraft:spruce_fence":1,"minecraft:note_block":1,"minecraft:fire_charge":1,"rpgsmw:iron_greatsword":2,"minecraft:carrot":3,"minecraft:redstone":141,"minecraft:mangrove_trapdoor":1,"minecraft:dark_oak_planks":3,"minecraft:arrow":43,"minecraft:pumpkin_pie":3,"minecraft:hay_block":18,"mowziesmobs:umvuthana_mask_bliss":1,"iceandfire:deepslate_silver_ore":2,"minecraft:mutton":16,"minecraft:white_wool":6,"alexsmobs:kangaroo_meat":20,"minecraft:rail":5,"minecraft:stripped_oak_log":6,"rpgsmw:copper_paladin_armour_helmet":1,"minecraft:leather":8,"minecraft:yellow_dye":1,"minecraft:oak_log":92,"minecraft:yellow_bed":2,"minecraft:gunpowder":11,"minecraft:cobblestone_stairs":3,"mowziesmobs:umvuthana_mask_rage":2,"minecraft:stone_pickaxe":1,"minecraft:iron_ingot":8,"epicsamurai:aquamarine":5,"mowziesmobs:umvuthana_mask_misery":2,"minecraft:acacia_sapling":1,"minecraft:book":12,"epicsamurai:onyx":8,"minecraft:polished_andesite_stairs":1,"minecraft:dandelion":2,"minecraft:dripstone_block":1,"minecraft:blast_furnace":6,"minecraft:white_bed":3,"minecraft:spruce_log":1,"minecraft:spider_eye":8,"alexsmobs:raw_catfish":2,"minecraft:stripped_jungle_wood":18,"mowziesmobs:umvuthana_mask_fear":2,"minecraft:coal":142},"minecraft:broken":{"spartanshields:stone_tower_shield":1,"iceandfire:silver_pickaxe":1,"minecraft:stone_pickaxe":4,"mowziesmobs:umvuthana_mask_bliss":1,"minecraft:iron_pickaxe":1},"minecraft:killed_by":{"minecraft:zombie_villager":1,"mowziesmobs:umvuthi":6,"minecraft:cave_spider":1,"mowziesmobs:umvuthana":1,"minecraft:zombie":6,"minecraft:husk":1,"minecraft:player":6,"minecraft:spider":2,"minecraft:iron_golem":1,"minecraft:skeleton":15,"epicsamurai:kitsune":1},"minecraft:used":{"minecraft:beetroot":6,"minecraft:chest":2,"minecraft:stripped_jungle_wood":15,"minecraft:rotten_flesh":54,"minecraft:mutton":8,"rpgsmw:steel_paladin_armour_chestplate":2,"minecraft:carrot":25,"minecraft:tuff":14,"rpgsmw:steel_paladin_armour_boots":1,"minecraft:lava_bucket":1,"rpgsmw:steel_sword":76,"minecraft:magma_block":1,"minecraft:bow":15,"minecraft:furnace":9,"minecraft:egg":3,"rpgsmw:steel_spear":297,"minecraft:potato":5,"alexsmobs:raw_catfish":1,"minecraft:diorite":9,"epicsamurai:green_samurai_boots":1,"minecraft:stone_pickaxe":752,"minecraft:oak_planks":5,"rpgsmw:stone_spear":70,"minecraft:wooden_pickaxe":23,"minecraft:blast_furnace":5,"spartanshields:stone_tower_shield":59,"iceandfire:silver_axe":106,"iceandfire:silver_pickaxe":575,"rpgsmw:steel_greatsword":130,"minecraft:melon_slice":4,"minecraft:bread":59,"rpgsmw:steel_paladin_armour_leggings":2,"minecraft:andesite":40,"minecraft:oak_boat":4,"minecraft:bone_meal":7,"rpgsmw:stone_greatsword":50,"minecraft:stone_sword":40,"minecraft:acacia_log":1,"minecraft:netherrack":4,"simpletomb:grave_key":53,"minecraft:torch":378,"minecraft:dirt":125,"alexsmobs:cooked_kangaroo_meat":1,"minecraft:granite":4,"minecraft:wooden_axe":9,"rpgsmw:iron_greatsword":87,"rpgsmw:steel_paladin_armour_helmet":1,"rpgsmw:iron_spear":56,"minecraft:beef":8,"spartanshields:silver_tower_shield":9,"minecraft:cooked_beef":1,"minecraft:acacia_planks":10,"minecraft:cobbled_deepslate":155,"minecraft:light_gray_bed":2,"minecraft:cooked_mutton":6,"minecraft:water_bucket":24,"minecraft:crafting_table":21,"minecraft:red_bed":1,"minecraft:white_bed":3,"minecraft:chicken":4,"minecraft:iron_pickaxe":249,"alexsmobs:kangaroo_meat":9,"spartanshields:copper_tower_shield":50,"minecraft:stone_axe":115,"minecraft:cobblestone":372,"minecraft:porkchop":7,"minecraft:cooked_porkchop":16,"minecraft:bucket":25,"minecraft:yellow_bed":1,"minecraft:pumpkin_pie":5},"minecraft:custom":{"minecraft:interact_with_crafting_table":113,"minecraft:open_barrel":4,"minecraft:leave_game":6,"minecraft:time_since_death":103426,"minecraft:damage_resisted":4142,"minecraft:sprint_one_cm":1008553,"minecraft:damage_blocked_by_shield":4338,"minecraft:drop":114,"minecraft:play_noteblock":3,"minecraft:talked_to_villager":12,"minecraft:play_time":538264,"minecraft:deaths":51,"minecraft:jump":8816,"minecraft:walk_on_water_one_cm":99346,"minecraft:interact_with_furnace":93,"minecraft:sleep_in_bed":15,"minecraft:waystone_activated":1,"minecraft:damage_dealt":40770,"minecraft:player_kills":6,"minecraft:crouch_one_cm":8915,"minecraft:mob_kills":258,"minecraft:damage_dealt_resisted":125,"minecraft:climb_one_cm":8742,"minecraft:walk_one_cm":1570479,"minecraft:sneak_time":5047,"minecraft:walk_under_water_one_cm":66111,"minecraft:boat_one_cm":17419,"minecraft:interact_with_blast_furnace":116,"minecraft:total_world_time":538264,"spartanshields:shield_bash_hits":4,"minecraft:tune_noteblock":27,"minecraft:interact_with_stonecutter":1,"minecraft:time_since_rest":55472,"minecraft:damage_taken":21855,"minecraft:swim_one_cm":32278,"minecraft:fly_one_cm":1406676,"minecraft:open_chest":104,"minecraft:fall_one_cm":303039},"minecraft:mined":{"minecraft:dark_oak_planks":3,"minecraft:white_bed":2,"minecraft:cobblestone_stairs":3,"minecraft:jungle_leaves":1,"minecraft:spruce_trapdoor":1,"minecraft:granite":23,"minecraft:acacia_log":16,"minecraft:grass_block":47,"minecraft:jungle_log":100,"minecraft:light_gray_bed":1,"minecraft:spawner":2,"epicsamurai:deepslate_jade_ore":14,"minecraft:magma_block":5,"minecraft:iron_ore":78,"minecraft:cobbled_deepslate":2,"minecraft:deepslate_lapis_ore":11,"minecraft:dirt_path":1,"epicsamurai:deepslate_silver_ore":23,"minecraft:waxed_cut_copper_stairs":1,"minecraft:deepslate_redstone_ore":28,"minecraft:red_bed":1,"minecraft:torch":18,"minecraft:note_block":1,"minecraft:blast_furnace":6,"minecraft:poppy":1,"minecraft:polished_andesite_stairs":1,"minecraft:chest":1,"minecraft:cobblestone":13,"minecraft:oak_planks":23,"minecraft:wall_torch":18,"minecraft:wheat":1,"minecraft:grass":81,"minecraft:oak_log":86,"minecraft:dirt":51,"minecraft:netherrack":4,"minecraft:oak_leaves":5,"minecraft:deepslate":317,"minecraft:tuff":40,"iceandfire:silver_ore":24,"epicsamurai:deepslate_onyx_ore":1,"minecraft:mossy_cobblestone":1,"minecraft:dark_oak_fence":1,"epicsamurai:deepslate_ruby_ore":9,"minecraft:spruce_fence":1,"minecraft:stripped_jungle_wood":18,"iceandfire:deepslate_silver_ore":2,"minecraft:mangrove_trapdoor":1,"minecraft:hay_block":18,"minecraft:redstone_ore":6,"minecraft:furnace":1,"minecraft:carrots":3,"minecraft:andesite":57,"minecraft:bookshelf":4,"minecraft:potatoes":2,"minecraft:deepslate_iron_ore":59,"minecraft:vine":23,"minecraft:rail":1,"minecraft:stripped_oak_log":6,"minecraft:stone":557,"minecraft:acacia_leaves":5,"minecraft:glass_pane":1,"minecraft:dandelion":3,"epicsamurai:deepslate_aquamarine_ore":4,"minecraft:crafting_table":10,"minecraft:cornflower":12,"minecraft:campfire":4,"minecraft:tall_grass":11,"minecraft:copper_ore":27,"minecraft:lapis_ore":3,"minecraft:deepslate_gold_ore":25,"minecraft:diorite":49,"rpgsmw:mineral_ore":4,"minecraft:spruce_log":1,"minecraft:yellow_bed":1,"minecraft:coal_ore":143,"minecraft:cobweb":35,"minecraft:polished_andesite":1,"minecraft:gold_ore":14,"epicsamurai:ruby_ore":3,"minecraft:fern":2},"minecraft:killed":{"minecraft:cave_spider":2,"minecraft:witch":1,"minecraft:spider":11,"minecraft:skeleton":39,"minecraft:chicken":5,"mowziesmobs:umvuthana_crane":6,"alexsmobs:kangaroo":13,"epicsamurai:enenra":3,"minecraft:pig":15,"minecraft:creeper":8,"minecraft:sheep":6,"minecraft:zombie":87,"mowziesmobs:umvuthana_raptor":1,"minecraft:cow":4,"alexsmobs:raccoon":2,"epicsamurai:onibi":2,"minecraft:horse":5,"mowziesmobs:umvuthana":23,"minecraft:husk":1,"minecraft:frog":1,"mowziesmobs:umvuthana_follower_raptor":4,"alexsmobs:catfish":1},"minecraft:dropped":{"rpgsmw:stone_spear":2,"rpgsmw:copper_paladin_armour_helmet":1,"minecraft:rail":5,"minecraft:dirt":3,"minecraft:dark_oak_fence":1,"minecraft:yellow_dye":2,"minecraft:mutton":2,"epicsamurai:jade":11,"minecraft:note_block":1,"minecraft:waxed_cut_copper_stairs":3,"mowziesmobs:umvuthana_mask_rage":1,"minecraft:cobbled_deepslate":10,"minecraft:wheat":1,"minecraft:pointed_dripstone":9,"minecraft:beetroot":6,"minecraft:rotten_flesh":11,"minecraft:cooked_mutton":1,"minecraft:poppy":1,"rpgsmw:iron_greatsword":3,"minecraft:jungle_log":4,"minecraft:acacia_sapling":1,"minecraft:beef":2,"minecraft:egg":2,"minecraft:bread":2,"minecraft:wheat_seeds":11,"simpletomb:grave_key":1,"minecraft:cobblestone":1,"rpgsmw:stone_greatsword":3,"minecraft:granite":7,"minecraft:polished_andesite":2,"minecraft:stick":5,"minecraft:blue_dye":3,"rpgsmw:steel_spear":1,"minecraft:diorite":2,"minecraft:torch":1,"minecraft:fire_charge":1,"minecraft:polished_andesite_stairs":1,"minecraft:red_dye":2,"minecraft:acacia_planks":8,"minecraft:raw_copper":11,"minecraft:blast_furnace":1,"mowziesmobs:umvuthana_mask_misery":1,"minecraft:spruce_trapdoor":2,"minecraft:andesite":20,"minecraft:yellow_bed":1,"minecraft:spider_eye":4,"minecraft:stone_pickaxe":1,"minecraft:wooden_pickaxe":2,"minecraft:calcite":3},"minecraft:crafted":{"rpgsmw:blue_fabric":15,"minecraft:oak_planks":352,"rpgsmw:steel_paladin_armour_chestplate":2,"epicsamurai:silver_ingot":4,"minecraft:cooked_chicken":1,"spartanshields:wooden_tower_shield":3,"rpgsmw:steelnugget":9,"minecraft:cooked_mutton":7,"rpgsmw:steel_sword":2,"rpgsmw:copper_paladin_armour_helmet":1,"epicsamurai:red_samurai_leggings":1,"rpgsmw:steel_paladin_armour_leggings":2,"rpgsmw:steel_ring":3,"minecraft:chest":1,"rpgsmw:steel_greatsword":2,"rpgsmw:woodenfiber":11,"rpgsmw:steelrainforcedstick":4,"rpgsmw:steel_spear":2,"iceandfire:silver_axe":1,"minecraft:cooked_porkchop":24,"minecraft:crafting_table":11,"minecraft:spruce_planks":4,"minecraft:wooden_pickaxe":6,"epicsamurai:green_samurai_boots":1,"minecraft:copper_ingot":24,"rpgsmw:stone_greatsword":1,"spartanshields:silver_tower_shield":1,"epicsamurai:steel_nugget":18,"minecraft:yellow_dye":1,"minecraft:stick":208,"minecraft:iron_ingot":155,"minecraft:iron_pickaxe":2,"minecraft:iron_block":4,"minecraft:stone_sword":2,"minecraft:gold_ingot":8,"rpgsmw:steel_paladin_armour_boots":2,"minecraft:furnace":8,"minecraft:bone_meal":9,"spartanshields:stone_tower_shield":1,"rpgsmw:iron_greatsword":1,"rpgsmw:steel_paladin_armour_helmet":2,"minecraft:leather":5,"spartanshields:copper_tower_shield":1,"minecraft:stone_pickaxe":7,"minecraft:wheat":162,"rpgsmw:fabric":16,"minecraft:cooked_beef":1,"minecraft:red_dye":1,"rpgsmw:gold_paladin_ring":1,"rpgsmw:steel_paladin_ring":3,"iceandfire:silver_ingot":12,"rpgsmw:stone_spear":1,"rpgsmw:steel":9,"alexsmobs:cooked_kangaroo_meat":11,"rpgsmw:iron_spear":1,"minecraft:bucket":2,"minecraft:stone_axe":1,"minecraft:bread":54,"minecraft:jungle_planks":180,"minecraft:blue_dye":17,"minecraft:oak_boat":3,"minecraft:gold_nugget":9,"rpgsmw:gold_ring":1,"minecraft:wooden_axe":1,"rpgsmw:copper_paladin_armour_boots":1,"minecraft:acacia_planks":64,"epicsamurai:steel_ingot":79,"minecraft:torch":360,"iceandfire:silver_pickaxe":2}},"DataVersion":3120}