{"stats":{"minecraft:custom":{"minecraft:mob_kills":154,"minecraft:interact_with_crafting_table":69,"minecraft:open_barrel":3,"minecraft:damage_dealt_resisted":1037,"minecraft:leave_game":4,"minecraft:time_since_death":3345,"minecraft:climb_one_cm":22312,"minecraft:sprint_one_cm":413675,"minecraft:walk_one_cm":688833,"minecraft:damage_blocked_by_shield":2281,"minecraft:drop":32,"minecraft:play_time":259214,"minecraft:sneak_time":6808,"minecraft:deaths":33,"minecraft:walk_under_water_one_cm":131532,"minecraft:jump":3056,"minecraft:walk_on_water_one_cm":95957,"minecraft:total_world_time":259214,"minecraft:interact_with_furnace":84,"minecraft:time_since_rest":946,"minecraft:damage_taken":10408,"minecraft:damage_dealt":27163,"minecraft:swim_one_cm":124340,"minecraft:fly_one_cm":498577,"minecraft:open_chest":41,"minecraft:crouch_one_cm":13542,"tombstone:undead_killed":41,"minecraft:fall_one_cm":54146},"minecraft:picked_up":{"luminousworld:groundpebbles_1":1,"minecraft:fishing_rod":1,"minecraft:mud":6,"minecraft:crafting_table":2,"born_in_chaos_v1:diamond_termite_shard":4,"minecraft:wheat":2,"minecraft:clay_ball":8,"minecraft:suspicious_stew":1,"born_in_chaos_v1:seedof_chaos":2,"ecologics:seashell":2,"luminousworld:trout":1,"minecraft:chain":1,"minecraft:shield":1,"alexsmobs:gazelle_horn":1,"minecraft:string":12,"minecraft:raw_copper":44,"minecraft:blue_orchid":3,"minecraft:gold_nugget":1,"minecraft:cobbled_deepslate":51,"minecraft:iron_nugget":1,"minecraft:poppy":1,"minecraft:iron_pickaxe":1,"minecraft:azalea_leaves":3,"naturalist:catfish":1,"minecraft:chest":2,"ecologics:crab_claw":2,"minecraft:stick":1,"minecraft:raw_iron":18,"ecologics:coconut_slice":10,"minecraft:torch":3,"minecraft:acacia_log":57,"luminousworld:savannah_soil":28,"tombstone:grave_dust":6,"minecraft:diorite":31,"minecraft:carrot":1,"minecraft:redstone":17,"minecraft:dark_oak_planks":2,"minecraft:arrow":2,"minecraft:honey_bottle":2,"minecraft:rotten_flesh":31,"minecraft:tropical_fish":1,"minecraft:polished_basalt":8,"minecraft:green_wool":9,"minecraft:gold_ingot":7,"luminousworld:tall_deadbush":11,"supplementaries:ash":5,"minecraft:mutton":1,"minecraft:cobblestone":262,"born_in_chaos_v1:corpse_maggot":44,"luminousworld:savannah_ground":1,"minecraft:mud_bricks":2,"minecraft:feather":2,"born_in_chaos_v1:monster_flesh":1,"minecraft:andesite":86,"minecraft:salmon":1,"luminousworld:ishstone":18,"minecraft:acacia_wood":11,"minecraft:packed_mud":19,"minecraft:lily_pad":1,"minecraft:gunpowder":14,"minecraft:dirt":10,"minecraft:cut_sandstone_slab":1,"minecraft:glass":3,"minecraft:bone":19,"minecraft:acacia_planks":1,"minecraft:gray_terracotta":15,"luminousworld:elephant_grass":7,"minecraft:spruce_wood":14,"minecraft:iron_ingot":2,"minecraft:stone_pickaxe":4,"minecraft:moss_block":4,"minecraft:acacia_sapling":8,"minecraft:book":24,"minecraft:black_terracotta":21,"born_in_chaos_v1:ethereal_spirit":4,"born_in_chaos_v1:dark_rod":1,"minecraft:sand":4,"minecraft:chiseled_sandstone":2,"alexsmobs:animal_dictionary":1,"minecraft:iron_hoe":1,"minecraft:slime_ball":6,"minecraft:iron_helmet":1,"minecraft:granite":33,"minecraft:emerald":9,"tombstone:magic_scroll":1,"luminousworld:bao_bob_log":28,"minecraft:dark_oak_wood":6,"minecraft:mangrove_propagule":1,"minecraft:coal":5,"iceandfire:raw_silver":11,"minecraft:charcoal":2},"minecraft:used":{"stalwart_dungeons:iron_hammer":123,"minecraft:stone_sword":138,"iceandfire:silver_sword":183,"iceandfire:armor_copper_metal_leggings":1,"minecraft:tropical_fish":1,"minecraft:stone_shovel":2,"minecraft:chest":1,"naturalist:cooked_catfish":1,"minecraft:polished_basalt":7,"minecraft:spruce_planks":40,"minecraft:shield":78,"minecraft:wooden_shovel":15,"minecraft:iron_sword":148,"luminousworld:bao_bob_log":3,"vanillaplustools:stone_hammer":32,"born_in_chaos_v1:fried_maggot":31,"minecraft:rotten_flesh":30,"minecraft:iron_chestplate":1,"minecraft:torch":53,"iceandfire:armor_copper_metal_boots":1,"minecraft:dirt":6,"minecraft:granite":8,"minecraft:honey_bottle":2,"minecraft:dark_oak_planks":1,"minecraft:glass":3,"minecraft:iron_hoe":1,"born_in_chaos_v1:corpse_maggot":1,"minecraft:wooden_axe":69,"minecraft:green_wool":4,"minecraft:packed_mud":19,"minecraft:dark_oak_slab":20,"minecraft:mud_bricks":2,"iceandfire:earplugs":1,"luminousworld:savannah_soil":20,"iceandfire:armor_copper_metal_helmet":1,"minecraft:furnace":4,"tombstone:gift":6,"minecraft:cobbled_deepslate":39,"minecraft:acacia_planks":22,"minecraft:cooked_mutton":1,"minecraft:water_bucket":36,"minecraft:diorite":31,"minecraft:stone_pickaxe":301,"minecraft:ender_pearl":1,"minecraft:wooden_pickaxe":20,"luminousworld:groundpebbles_1":1,"luminousworld:ishstone":18,"minecraft:clay":2,"minecraft:sand":1,"quark:acacia_chest":3,"minecraft:crafting_table":7,"iceandfire:silver_pickaxe":28,"minecraft:black_terracotta":21,"minecraft:gray_terracotta":15,"minecraft:mud":6,"iceandfire:armor_copper_metal_chestplate":2,"born_in_chaos_v1:monster_flesh":1,"minecraft:acacia_door":1,"minecraft:iron_pickaxe":3,"minecraft:suspicious_stew":1,"minecraft:stone_axe":88,"ecologics:coconut_slice":10,"minecraft:fishing_rod":4,"minecraft:cobblestone":67,"minecraft:azalea_leaves":7,"minecraft:andesite":45,"luminousworld:cooked_trout":1,"minecraft:bucket":36,"alexsmobs:animal_dictionary":1,"minecraft:moss_block":4},"minecraft:dropped":{"minecraft:glass_bottle":1,"minecraft:mangrove_propagule":1,"iceandfire:armor_copper_metal_chestplate":1,"minecraft:cobblestone":97,"iceandfire:silver_sword":1,"luminousworld:savannah_ground":1,"born_in_chaos_v1:fused_bone":1,"minecraft:sand":1,"minecraft:acacia_planks":1,"minecraft:bone":5,"minecraft:cobbled_deepslate":1,"minecraft:bowl":1,"luminousworld:tall_deadbush":3,"iceandfire:armor_copper_metal_helmet":1,"minecraft:honey_bottle":1,"minecraft:acacia_sapling":5,"minecraft:glass":3,"minecraft:stone_pickaxe":4},"minecraft:killed":{"alexsmobs:lobster":6,"undead_revamp2:theimmortal":6,"born_in_chaos_v1:restless_spirit":3,"born_in_chaos_v1:zombie_lumberjack":1,"minecraft:spider":3,"undead_revamp2:thesmoker":2,"born_in_chaos_v1:zombie_bruiser":1,"born_in_chaos_v1:baby_skeleton_minion":2,"born_in_chaos_v1:maggot":5,"luminousworld:swamp_skeleton":1,"ecologics:coconut_crab":1,"undead_revamp2:sucker":1,"luminousworld:charaxes":1,"luminousworld:savannah_zombie":5,"born_in_chaos_v1:bonescaller":1,"born_in_chaos_v1:diamond_termite":5,"mowziesmobs:umvuthana_follower_raptor":4,"born_in_chaos_v1:decrepit_skeleton":3,"born_in_chaos_v1:zombie_fisherman":2,"luminousworld:savannah_skeleton":7,"undead_revamp2:thesomnolence":21,"minecraft:zombie":6,"naturalist:catfish":1,"luminousworld:swamp_zombie":1,"born_in_chaos_v1:dread_hound":1,"born_in_chaos_v1:corpse_fly":41,"alexsmobs:gazelle":3,"enemyexpansion:botfly":1,"born_in_chaos_v1:dark_vortex":1,"born_in_chaos_v1:nightmare_stalker":1,"born_in_chaos_v1:door_knight":1,"creeperoverhaul:savannah_creeper":2,"mowziesmobs:umvuthana_raptor":1,"born_in_chaos_v1:siamese_skeletonsleft":1},"minecraft:killed_by":{"born_in_chaos_v1:siamese_skeletonsright":2,"undead_revamp2:theimmortal":2,"mutantmonsters:mutant_zombie":5,"minecraft:wither_skeleton":1,"born_in_chaos_v1:nightmare_stalker":3,"enemyexpansion:slugger":1,"quark:forgotten":1,"born_in_chaos_v1:corpse_fly":3,"enemyexpansion:faller":1,"born_in_chaos_v1:diamond_termite":1,"minecraft:skeleton":3,"born_in_chaos_v1:siamese_skeletons":1,"minecraft:zombie":2,"iceandfire:ghost":1,"luminousworld:savannah_zombie":1,"mowziesmobs:umvuthana_raptor":1,"born_in_chaos_v1:dread_hound":1,"luminousworld:savannah_skeleton":2},"minecraft:mined":{"iceandfire:silver_ore":10,"minecraft:black_terracotta":21,"born_in_chaos_v1:infected_diamond_ore":2,"minecraft:glow_lichen":2,"minecraft:granite":29,"minecraft:acacia_log":56,"luminousworld:bao_bob_wood":3,"iceandfire:deepslate_silver_ore":1,"minecraft:mud_bricks":2,"minecraft:moss_block":4,"luminousworld:savanna_grass_2":10,"minecraft:spawner":4,"minecraft:tall_seagrass":1,"minecraft:packed_mud":19,"minecraft:iron_ore":14,"minecraft:polished_basalt":8,"minecraft:fire":3,"minecraft:acacia_wood":12,"minecraft:andesite":86,"minecraft:bookshelf":8,"minecraft:vine":1,"minecraft:deepslate_iron_ore":5,"minecraft:spruce_wood":20,"minecraft:azalea_leaves":1,"luminousworld:groundpebbles_2":1,"minecraft:stone":172,"minecraft:green_wool":11,"luminousworld:savannah_soil":29,"minecraft:deepslate_redstone_ore":4,"minecraft:gray_terracotta":15,"minecraft:acacia_leaves":5,"luminousworld:tall_deadbush":9,"minecraft:clay":2,"minecraft:crafting_table":2,"luminousworld:savannah_grass_1":22,"minecraft:dark_oak_wood":6,"minecraft:poppy":1,"minecraft:chest":2,"minecraft:copper_ore":12,"minecraft:campfire":1,"minecraft:cobblestone":14,"minecraft:lily_pad":1,"minecraft:diorite":39,"supplementaries:urn":2,"minecraft:mud":8,"luminousworld:bao_bob_log":35,"minecraft:mangrove_leaves":3,"minecraft:grass":4,"minecraft:coal_ore":5,"luminousworld:ishstone":18,"minecraft:sand":2,"minecraft:dirt":8,"luminousworld:elephant_grass":9,"luminousworld:savannah_grass_4":28,"minecraft:deepslate":46,"minecraft:dark_oak_planks":2,"luminousworld:savannah_ground":1},"minecraft:crafted":{"naturalist:cooked_catfish":1,"minecraft:smooth_stone":1,"minecraft:stone_shovel":1,"vanillaplustools:stone_hammer":1,"minecraft:furnace":4,"iceandfire:armor_copper_metal_leggings":1,"minecraft:stone":1,"minecraft:cooked_mutton":1,"iceandfire:armor_copper_metal_boots":2,"iceandfire:armor_copper_metal_helmet":1,"minecraft:glass":3,"quark:acacia_chest":3,"born_in_chaos_v1:fried_maggot":31,"iceandfire:armor_copper_metal_chestplate":2,"minecraft:stone_pickaxe":12,"stalwart_dungeons:iron_hammer":1,"minecraft:dark_oak_planks":24,"minecraft:wooden_shovel":1,"iceandfire:silver_ingot":7,"minecraft:crafting_table":6,"minecraft:spruce_planks":56,"minecraft:wooden_pickaxe":3,"minecraft:iron_sword":1,"luminousworld:cooked_trout":1,"minecraft:copper_ingot":36,"minecraft:dark_oak_button":1,"minecraft:bucket":2,"iceandfire:earplugs":1,"minecraft:stone_axe":1,"minecraft:dark_oak_slab":30,"minecraft:iron_chestplate":1,"minecraft:shield":3,"minecraft:charcoal":8,"minecraft:stick":76,"minecraft:iron_ingot":23,"minecraft:wooden_axe":2,"minecraft:stone_sword":2,"minecraft:acacia_door":3,"minecraft:acacia_planks":152,"minecraft:torch":52,"iceandfire:silver_pickaxe":1,"iceandfire:silver_sword":2,"luminousworld:baobab_plank":56,"minecraft:clay":2},"minecraft:broken":{"minecraft:stone_pickaxe":1,"iceandfire:earplugs":1,"iceandfire:armor_copper_metal_boots":1}},"DataVersion":3465}