{"stats":{"minecraft:killed":{"born_in_chaos_v1:zombie_clown":1,"alexsmobs:lobster":6,"born_in_chaos_v1:restless_spirit":6,"born_in_chaos_v1:zombie_lumberjack":1,"minecraft:spider":8,"undead_revamp2:thesmoker":2,"born_in_chaos_v1:baby_skeleton_minion":7,"minecraft:skeleton":6,"ecologics:coconut_crab":1,"luminousworld:charaxes":1,"born_in_chaos_v1:bonescaller":2,"born_in_chaos_v1:diamond_termite":12,"minecraft:creeper":1,"born_in_chaos_v1:zombie_fisherman":2,"luminousworld:savannah_skeleton":9,"minecraft:zombie":14,"born_in_chaos_v1:dread_hound":1,"enemyexpansion:vampire":1,"born_in_chaos_v1:corpse_fly":67,"enemyexpansion:botfly":1,"born_in_chaos_v1:door_knight":1,"mowziesmobs:umvuthana_raptor":1,"born_in_chaos_v1:siamese_skeletonsleft":1,"undead_revamp2:theimmortal":6,"enemyexpansion:direwolf":4,"born_in_chaos_v1:zombie_bruiser":1,"born_in_chaos_v1:maggot":13,"luminousworld:swamp_skeleton":5,"undead_revamp2:sucker":4,"luminousworld:savannah_zombie":18,"born_in_chaos_v1:fallen_chaos_knight":1,"born_in_chaos_v1:baby_skeleton":3,"undead_revamp2:the_moonflower":8,"enemyexpansion:sprinter":1,"mowziesmobs:umvuthana_follower_raptor":4,"born_in_chaos_v1:decrepit_skeleton":9,"undead_revamp2:thesomnolence":25,"naturalist:catfish":1,"luminousworld:swamp_zombie":5,"alexsmobs:gazelle":3,"born_in_chaos_v1:dark_vortex":1,"enemyexpansion:huntsman":1,"born_in_chaos_v1:nightmare_stalker":1,"creeperoverhaul:savannah_creeper":3,"minecraft:enderman":1},"minecraft:killed_by":{"mutantmonsters:mutant_zombie":5,"undead_revamp2:sucker":2,"undead_revamp2:the_moonflower":1,"minecraft:wither_skeleton":3,"born_in_chaos_v1:nightmare_stalker":3,"enemyexpansion:slugger":1,"quark:forgotten":1,"born_in_chaos_v1:corpse_fly":7,"luminousworld:swamp_skeleton":2,"born_in_chaos_v1:diamond_termite":1,"born_in_chaos_v1:siamese_skeletons":1,"minecraft:zombie":2,"enemyexpansion:silverqueen":1,"undead_revamp2:theimmortal":2,"born_in_chaos_v1:siamese_skeletonsright":2,"born_in_chaos_v1:baby_skeleton_minion":1,"undead_revamp2:thesomnolence":1,"enemyexpansion:faller":1,"undead_revamp2:thehunter":1,"minecraft:skeleton":5,"iceandfire:ghost":1,"luminousworld:savannah_zombie":1,"mowziesmobs:umvuthana_raptor":1,"born_in_chaos_v1:dread_hound":1,"luminousworld:savannah_skeleton":2},"minecraft:mined":{"minecraft:dark_oak_planks":9,"minecraft:spruce_planks":5,"aether:cold_aercloud":14,"minecraft:black_terracotta":21,"minecraft:granite":30,"minecraft:acacia_log":74,"luminousworld:bao_bob_wood":52,"luminousworld:baobab_plank":3,"ad_astra:compressor":2,"minecraft:mud_bricks":21,"luminousworld:savanna_grass_2":20,"minecraft:spawner":17,"minecraft:tall_seagrass":1,"minecraft:glowstone":17,"minecraft:iron_ore":59,"minecraft:cobbled_deepslate":14,"minecraft:fire":3,"minecraft:deepslate_lapis_ore":13,"minecraft:stripped_dark_oak_wood":25,"minecraft:dark_oak_stairs":1,"minecraft:flowering_azalea_leaves":1,"minecraft:spruce_wood":44,"minecraft:azalea_leaves":1,"minecraft:player_head":1,"minecraft:spruce_slab":1,"minecraft:deepslate_redstone_ore":21,"minecraft:gray_terracotta":15,"luminousworld:baobab_door":1,"luminousworld:tall_deadbush":9,"minecraft:smoker":1,"minecraft:clay":2,"minecraft:dark_oak_wood":6,"minecraft:poppy":1,"minecraft:chest":2,"minecraft:cobblestone":14,"minecraft:wall_torch":2,"minecraft:deepslate_copper_ore":1,"minecraft:chain":1,"minecraft:dark_oak_slab":2,"minecraft:mud":17,"luminousworld:bao_bob_log":211,"minecraft:grass":4,"minecraft:sand":125,"minecraft:dirt":10,"minecraft:sandstone_wall":1,"luminousworld:savannah_grass_4":37,"aether:blue_aercloud":3,"minecraft:deepslate":522,"minecraft:emerald_block":8,"luminousworld:savannah_ground":43,"minecraft:diamond_ore":2,"minecraft:tuff":7,"iceandfire:silver_ore":13,"minecraft:mangrove_roots":5,"born_in_chaos_v1:infected_diamond_ore":6,"minecraft:glow_lichen":2,"minecraft:redstone_wire":4,"iceandfire:deepslate_silver_ore":1,"quark:acacia_chest":1,"minecraft:moss_block":7,"minecraft:redstone_ore":1,"minecraft:packed_mud":19,"minecraft:furnace":6,"minecraft:carrots":1,"minecraft:polished_basalt":8,"minecraft:acacia_wood":98,"placeablesmod:water_bucket_block":1,"minecraft:andesite":175,"minecraft:green_terracotta":2,"minecraft:gold_block":2,"minecraft:bookshelf":38,"minecraft:potatoes":37,"minecraft:deepslate_iron_ore":50,"minecraft:vine":2,"minecraft:smooth_quartz_stairs":3,"luminousworld:groundpebbles_2":1,"minecraft:stone":501,"minecraft:green_wool":36,"minecraft:birch_stairs":2,"luminousworld:savannah_soil":72,"minecraft:acacia_leaves":12,"minecraft:redstone_block":1,"minecraft:crafting_table":7,"luminousworld:savannah_grass_1":24,"minecraft:campfire":1,"minecraft:copper_ore":17,"minecraft:tall_grass":2,"minecraft:lapis_ore":1,"minecraft:deepslate_gold_ore":6,"minecraft:lily_pad":1,"luminousworld:baobabfence":7,"minecraft:diorite":50,"supplementaries:urn":15,"minecraft:spruce_stairs":3,"minecraft:mangrove_leaves":5,"minecraft:coal_ore":44,"luminousworld:ishstone":22,"minecraft:cyan_carpet":1,"minecraft:gravel":1,"ad_astra:coal_generator":3,"minecraft:acacia_planks":3,"luminousworld:elephant_grass":11},"minecraft:used":{"minecraft:moss_block":4,"stalwart_dungeons:iron_hammer":123,"minecraft:iron_shovel":125,"minecraft:polished_basalt":7,"naturalist:cooked_catfish":1,"minecraft:chest":2,"minecraft:shield":118,"minecraft:iron_sword":321,"minecraft:rotten_flesh":48,"minecraft:iron_chestplate":1,"minecraft:carrot":2,"luminousworld:baobab_door":3,"minecraft:honey_bottle":2,"minecraft:glass":23,"born_in_chaos_v1:corpse_maggot":20,"minecraft:stripped_dark_oak_wood":3,"minecraft:packed_mud":19,"minecraft:green_wool":4,"minecraft:iron_helmet":1,"minecraft:dark_oak_slab":31,"minecraft:golden_sword":29,"iceandfire:earplugs":1,"minecraft:furnace":10,"minecraft:potato":109,"mowziesmobs:foliaath_seed":1,"ad_astra:etrionic_blast_furnace":1,"minecraft:diorite":31,"minecraft:diamond_boots":1,"minecraft:stone_pickaxe":301,"minecraft:ender_pearl":1,"ad_astra:compressor":3,"minecraft:wooden_pickaxe":44,"minecraft:clay":2,"minecraft:redstone_block":1,"minecraft:diamond_axe":652,"luminousworld:groundpebbles_1":1,"luminousworld:baobab_plank":209,"minecraft:golden_apple":3,"minecraft:sand":1,"aether:blue_aercloud":2,"iceandfire:silver_pickaxe":28,"minecraft:black_terracotta":21,"iceandfire:armor_copper_metal_chestplate":2,"minecraft:acacia_door":1,"born_in_chaos_v1:monster_flesh":1,"ecologics:coconut_slice":10,"luminousworld:cooked_trout":1,"minecraft:andesite":86,"minecraft:bone_meal":51,"minecraft:stone_sword":138,"iceandfire:silver_sword":183,"iceandfire:armor_copper_metal_leggings":1,"minecraft:tropical_fish":1,"minecraft:stone_shovel":73,"minecraft:redstone":4,"minecraft:spruce_planks":119,"luminousworld:bao_bob_log":11,"vanillaplustools:stone_hammer":146,"minecraft:wooden_shovel":15,"born_in_chaos_v1:fried_maggot":34,"minecraft:torch":128,"iceandfire:armor_copper_metal_boots":1,"minecraft:dirt":6,"minecraft:granite":8,"minecraft:iron_hoe":1,"minecraft:dark_oak_planks":89,"minecraft:wooden_axe":129,"minecraft:mud_bricks":11,"luminousworld:baobabfence":16,"minecraft:glowstone":10,"luminousworld:savannah_soil":39,"iceandfire:armor_copper_metal_helmet":1,"tombstone:gift":8,"minecraft:cobbled_deepslate":190,"minecraft:acacia_planks":355,"ad_astra:coal_generator":4,"minecraft:golden_axe":21,"minecraft:cooked_mutton":1,"minecraft:water_bucket":66,"minecraft:baked_potato":35,"luminousworld:ishstone":18,"minecraft:green_bed":3,"minecraft:crafting_table":18,"quark:acacia_chest":5,"luminousworld:bao_bob_wood":2,"minecraft:smoker":2,"tombstone:bag_of_seeds":2,"minecraft:gray_terracotta":21,"minecraft:mud":7,"minecraft:wooden_hoe":9,"ad_astra:nasa_workbench":1,"minecraft:diamond_pickaxe":301,"minecraft:iron_pickaxe":3,"minecraft:suspicious_stew":1,"minecraft:stone_axe":88,"minecraft:fishing_rod":4,"minecraft:cobblestone":67,"minecraft:azalea_leaves":7,"minecraft:bucket":67,"alexsmobs:animal_dictionary":1},"minecraft:crafted":{"naturalist:cooked_catfish":1,"minecraft:smooth_stone":4,"hangglider:hang_glider":1,"luminousworld:baobab_door":3,"minecraft:stone":7,"minecraft:cooked_mutton":1,"iceandfire:armor_copper_metal_boots":2,"minecraft:glass":23,"sophisticatedbackpacks:copper_backpack":1,"iceandfire:armor_copper_metal_chestplate":2,"stalwart_dungeons:iron_hammer":1,"minecraft:golden_sword":1,"minecraft:smoker":1,"minecraft:golden_axe":1,"minecraft:wooden_shovel":1,"sophisticatedbackpacks:backpack":1,"minecraft:diamond_axe":1,"minecraft:crafting_table":12,"minecraft:spruce_planks":156,"minecraft:iron_helmet":1,"minecraft:wooden_pickaxe":3,"minecraft:baked_potato":63,"minecraft:green_bed":3,"minecraft:copper_ingot":47,"iceandfire:earplugs":1,"ad_astra:etrionic_blast_furnace":1,"minecraft:dark_oak_slab":30,"minecraft:iron_chestplate":1,"minecraft:wooden_hoe":1,"minecraft:diamond_pickaxe":1,"minecraft:charcoal":63,"minecraft:shield":4,"minecraft:stick":180,"minecraft:iron_ingot":110,"minecraft:stone_sword":2,"minecraft:acacia_door":3,"minecraft:redstone_torch":2,"iceandfire:silver_sword":2,"ad_astra:iron_rod":4,"minecraft:redstone":9,"minecraft:stone_shovel":2,"vanillaplustools:stone_hammer":2,"minecraft:furnace":7,"minecraft:blast_furnace":1,"iceandfire:armor_copper_metal_leggings":1,"minecraft:piston":2,"minecraft:bone_meal":51,"hangglider:glider_wing":2,"iceandfire:armor_copper_metal_helmet":1,"ad_astra:compressor":1,"minecraft:diamond":1,"quark:acacia_chest":5,"minecraft:leather":16,"ad_astra:steel_block":4,"born_in_chaos_v1:fried_maggot":34,"minecraft:stone_pickaxe":22,"luminousworld:baobabfence":9,"minecraft:redstone_block":1,"ad_astra:nasa_workbench":1,"minecraft:dark_oak_planks":104,"aether:cold_parachute":2,"sophisticatedbackpacks:iron_backpack":1,"minecraft:coal_block":2,"iceandfire:silver_ingot":7,"minecraft:iron_sword":2,"luminousworld:cooked_trout":1,"minecraft:dark_oak_button":1,"minecraft:bucket":2,"minecraft:stone_axe":1,"minecraft:glowstone":11,"minecraft:wooden_axe":3,"minecraft:iron_shovel":1,"ad_astra:coal_generator":1,"minecraft:acacia_planks":508,"minecraft:torch":132,"iceandfire:silver_pickaxe":1,"ad_astra:rocket_fin":4,"luminousworld:baobab_plank":696,"minecraft:clay":2},"minecraft:broken":{"minecraft:stone_pickaxe":1,"minecraft:wooden_axe":2,"iceandfire:armor_copper_metal_helmet":1,"minecraft:golden_axe":1,"iceandfire:earplugs":1,"iceandfire:armor_copper_metal_chestplate":1,"iceandfire:armor_copper_metal_boots":1},"minecraft:custom":{"minecraft:interact_with_crafting_table":133,"minecraft:open_barrel":29,"minecraft:leave_game":10,"minecraft:time_since_death":138408,"minecraft:sprint_one_cm":961308,"minecraft:damage_blocked_by_shield":4151,"minecraft:drop":123,"minecraft:talked_to_villager":1,"minecraft:play_time":599975,"minecraft:deaths":52,"minecraft:jump":6285,"minecraft:walk_on_water_one_cm":180737,"minecraft:interact_with_furnace":186,"minecraft:sleep_in_bed":10,"minecraft:damage_dealt":51938,"minecraft:player_kills":1,"minecraft:crouch_one_cm":47779,"tombstone:undead_killed":109,"minecraft:interact_with_smoker":7,"minecraft:mob_kills":291,"minecraft:damage_dealt_resisted":1322,"minecraft:climb_one_cm":24776,"minecraft:walk_one_cm":1615650,"minecraft:sneak_time":19068,"minecraft:walk_under_water_one_cm":221996,"minecraft:boat_one_cm":8685,"minecraft:total_world_time":599975,"minecraft:time_since_rest":20601,"minecraft:damage_taken":17961,"minecraft:damage_absorbed":107,"minecraft:swim_one_cm":149702,"minecraft:fly_one_cm":960629,"minecraft:open_chest":141,"minecraft:fall_one_cm":106703},"minecraft:picked_up":{"minecraft:wheat":2,"minecraft:redstone_block":1,"minecraft:suspicious_stew":1,"minecraft:lead":1,"alexsmobs:gazelle_horn":1,"minecraft:string":24,"minecraft:raw_copper":65,"aether:diamond_gloves":2,"minecraft:iron_leggings":2,"minecraft:gold_nugget":1,"minecraft:cobbled_deepslate":470,"minecraft:spruce_planks":7,"minecraft:iron_pickaxe":1,"minecraft:azalea_leaves":3,"minecraft:smooth_quartz_stairs":2,"ecologics:crab_claw":2,"minecraft:furnace":6,"minecraft:stick":8,"minecraft:torch":8,"minecraft:acacia_log":75,"minecraft:spruce_stairs":6,"hangglider:glider_framework":1,"luminousworld:savannah_soil":67,"minecraft:sandstone_wall":1,"tombstone:grave_dust":16,"minecraft:diorite":99,"minecraft:green_terracotta":1,"minecraft:honey_bottle":2,"minecraft:rotten_flesh":64,"minecraft:tropical_fish":1,"minecraft:polished_basalt":8,"supplementaries:antique_ink":2,"minecraft:green_wool":34,"luminousworld:tall_deadbush":11,"supplementaries:ash":119,"ad_astra:iron_rod":2,"undead_revamp2:arapholia":2,"minecraft:cobblestone":530,"born_in_chaos_v1:staffof_magic_arrows":1,"luminousworld:savannah_ground":41,"minecraft:feather":2,"minecraft:water_bucket":2,"minecraft:andesite":180,"minecraft:smoker":1,"minecraft:potato":194,"minecraft:tuff":14,"supplementaries:flax_seeds":1,"ad_astra:coal_generator":3,"minecraft:lapis_lazuli":84,"minecraft:dirt":10,"minecraft:cut_sandstone_slab":1,"ad_astra:steel_block":1,"minecraft:glass":31,"minecraft:bone":49,"ad_astra:compressor":2,"minecraft:acacia_planks":4,"undead_revamp2:blacpetalblock":1,"minecraft:gray_terracotta":21,"minecraft:raw_gold":6,"luminousworld:elephant_grass":9,"aether:cold_aercloud":8,"minecraft:glowstone_dust":46,"minecraft:moss_block":4,"minecraft:black_terracotta":21,"minecraft:sand":139,"minecraft:chiseled_sandstone":2,"alexsmobs:animal_dictionary":1,"minecraft:bundle":2,"minecraft:iron_hoe":1,"minecraft:diamond":7,"luminousworld:baobab_door":1,"minecraft:granite":46,"minecraft:golden_apple":5,"minecraft:emerald":14,"luminousworld:bao_bob_log":199,"aether:blue_aercloud":6,"minecraft:mud":15,"iceandfire:raw_silver":14,"minecraft:cocoa_beans":6,"minecraft:fishing_rod":1,"luminousworld:groundpebbles_1":3,"minecraft:charcoal":5,"minecraft:crafting_table":7,"born_in_chaos_v1:diamond_termite_shard":9,"minecraft:clay_ball":8,"born_in_chaos_v1:seedof_chaos":3,"ecologics:seashell":2,"luminousworld:bao_bob_wood":48,"luminousworld:trout":1,"minecraft:gold_block":2,"minecraft:chain":2,"minecraft:shield":1,"born_in_chaos_v1:intoxicating_decoction":1,"minecraft:cyan_carpet":2,"minecraft:blue_orchid":9,"minecraft:player_head":3,"minecraft:iron_nugget":1,"minecraft:poppy":1,"minecraft:spruce_slab":1,"naturalist:catfish":1,"minecraft:chest":2,"minecraft:raw_iron":105,"ecologics:coconut_slice":10,"minecraft:copper_ingot":2,"born_in_chaos_v1:pieceofdarkmetal":6,"minecraft:carrot":3,"minecraft:redstone":97,"minecraft:dark_oak_planks":10,"ad_astra:steel_ingot":11,"ad_astra:steel_plate":4,"luminousworld:baobab_plank":260,"minecraft:arrow":10,"quark:acacia_chest":1,"minecraft:diamond_boots":2,"minecraft:stripped_dark_oak_wood":23,"minecraft:gold_ingot":7,"minecraft:mutton":1,"born_in_chaos_v1:corpse_maggot":70,"minecraft:mud_bricks":11,"born_in_chaos_v1:monster_flesh":1,"minecraft:salmon":1,"luminousworld:ishstone":26,"minecraft:acacia_wood":93,"minecraft:packed_mud":19,"minecraft:chainmail_chestplate":1,"minecraft:lily_pad":1,"minecraft:gunpowder":25,"luminousworld:baobabfence":7,"mowziesmobs:foliaath_seed":5,"minecraft:spruce_wood":38,"minecraft:iron_ingot":52,"minecraft:stone_pickaxe":4,"tombstone:bag_of_seeds":2,"minecraft:acacia_sapling":8,"minecraft:dark_oak_stairs":1,"minecraft:book":114,"minecraft:dark_oak_slab":3,"minecraft:emerald_block":8,"born_in_chaos_v1:ethereal_spirit":8,"born_in_chaos_v1:dark_rod":1,"minecraft:spider_eye":7,"minecraft:slime_ball":7,"minecraft:chainmail_leggings":1,"minecraft:iron_helmet":1,"minecraft:baked_potato":41,"tombstone:magic_scroll":3,"minecraft:dark_oak_wood":6,"minecraft:mangrove_propagule":1,"minecraft:coal":37,"minecraft:ender_pearl":1},"minecraft:dropped":{"aether:cold_parachute":1,"minecraft:moss_block":2,"minecraft:dark_oak_stairs":1,"minecraft:baked_potato":1,"minecraft:glass_bottle":1,"minecraft:dark_oak_slab":2,"minecraft:dark_oak_button":1,"minecraft:dirt":9,"tombstone:bag_of_seeds":1,"luminousworld:bao_bob_wood":3,"minecraft:chain":2,"minecraft:sand":1,"minecraft:cyan_carpet":2,"minecraft:green_wool":5,"minecraft:bone":5,"minecraft:cobbled_deepslate":3,"undead_revamp2:arapholia":2,"ad_astra:iron_rod":4,"luminousworld:tall_deadbush":3,"luminousworld:savannah_soil":18,"minecraft:honey_bottle":1,"minecraft:sandstone_wall":1,"supplementaries:ash":114,"minecraft:gunpowder":7,"minecraft:azalea_leaves":1,"minecraft:acacia_sapling":5,"minecraft:spruce_slab":1,"minecraft:arrow":4,"minecraft:glass":3,"minecraft:iron_ingot":44,"minecraft:water_bucket":1,"luminousworld:ishstone":5,"minecraft:smooth_quartz_stairs":2,"minecraft:mangrove_propagule":1,"iceandfire:armor_copper_metal_chestplate":1,"minecraft:cobblestone":108,"minecraft:granite":25,"minecraft:copper_ingot":2,"minecraft:spruce_stairs":6,"minecraft:coal":4,"minecraft:stick":24,"minecraft:diorite":2,"iceandfire:silver_sword":1,"luminousworld:savannah_ground":7,"born_in_chaos_v1:fused_bone":1,"minecraft:string":4,"minecraft:acacia_planks":1,"minecraft:green_terracotta":1,"minecraft:player_head":2,"luminousworld:bao_bob_log":2,"minecraft:cocoa_beans":3,"minecraft:bowl":1,"minecraft:tuff":7,"iceandfire:armor_copper_metal_helmet":1,"aether:diamond_gloves":1,"luminousworld:baobab_door":1,"minecraft:andesite":72,"minecraft:golden_sword":1,"minecraft:spider_eye":7,"luminousworld:elephant_grass":1,"minecraft:blue_orchid":6,"minecraft:stone_pickaxe":5,"minecraft:wooden_pickaxe":1}},"DataVersion":3465}