{"stats":{"minecraft:mined":{"minecraft:dark_oak_planks":9,"minecraft:spruce_planks":5,"aether:cold_aercloud":14,"minecraft:black_terracotta":21,"minecraft:granite":29,"minecraft:acacia_log":58,"luminousworld:bao_bob_wood":9,"minecraft:mud_bricks":21,"luminousworld:savanna_grass_2":16,"minecraft:spawner":17,"minecraft:tall_seagrass":1,"minecraft:glowstone":17,"minecraft:iron_ore":14,"minecraft:fire":3,"minecraft:stripped_dark_oak_wood":25,"minecraft:dark_oak_stairs":1,"minecraft:flowering_azalea_leaves":1,"minecraft:spruce_wood":44,"minecraft:azalea_leaves":1,"minecraft:player_head":1,"minecraft:spruce_slab":1,"minecraft:gray_terracotta":15,"minecraft:deepslate_redstone_ore":4,"luminousworld:tall_deadbush":9,"minecraft:clay":2,"minecraft:dark_oak_wood":6,"minecraft:poppy":1,"minecraft:chest":2,"minecraft:cobblestone":14,"minecraft:chain":1,"minecraft:dark_oak_slab":2,"minecraft:mud":17,"luminousworld:bao_bob_log":67,"minecraft:grass":4,"minecraft:sand":27,"minecraft:dirt":10,"minecraft:sandstone_wall":1,"luminousworld:savannah_grass_4":33,"aether:blue_aercloud":3,"minecraft:deepslate":46,"minecraft:emerald_block":8,"luminousworld:savannah_ground":35,"iceandfire:silver_ore":10,"minecraft:mangrove_roots":5,"born_in_chaos_v1:infected_diamond_ore":2,"minecraft:glow_lichen":2,"iceandfire:deepslate_silver_ore":1,"minecraft:moss_block":7,"minecraft:packed_mud":19,"minecraft:polished_basalt":8,"minecraft:acacia_wood":98,"placeablesmod:water_bucket_block":1,"minecraft:green_terracotta":2,"minecraft:andesite":88,"minecraft:gold_block":2,"minecraft:bookshelf":38,"minecraft:potatoes":5,"minecraft:deepslate_iron_ore":5,"minecraft:vine":1,"minecraft:smooth_quartz_stairs":3,"luminousworld:groundpebbles_2":1,"minecraft:stone":221,"minecraft:green_wool":36,"luminousworld:savannah_soil":50,"minecraft:birch_stairs":2,"minecraft:acacia_leaves":10,"minecraft:crafting_table":4,"luminousworld:savannah_grass_1":23,"minecraft:campfire":1,"minecraft:copper_ore":12,"minecraft:lily_pad":1,"minecraft:diorite":39,"supplementaries:urn":2,"minecraft:spruce_stairs":3,"minecraft:mangrove_leaves":5,"minecraft:coal_ore":5,"luminousworld:ishstone":20,"minecraft:cyan_carpet":1,"minecraft:acacia_planks":3,"luminousworld:elephant_grass":10},"minecraft:picked_up":{"minecraft:wheat":2,"minecraft:suspicious_stew":1,"alexsmobs:gazelle_horn":1,"minecraft:string":16,"minecraft:raw_copper":44,"aether:diamond_gloves":2,"minecraft:iron_leggings":1,"minecraft:gold_nugget":1,"minecraft:cobbled_deepslate":51,"minecraft:spruce_planks":7,"minecraft:iron_pickaxe":1,"minecraft:azalea_leaves":3,"minecraft:smooth_quartz_stairs":2,"ecologics:crab_claw":2,"minecraft:stick":2,"minecraft:torch":3,"minecraft:acacia_log":59,"minecraft:spruce_stairs":6,"luminousworld:savannah_soil":49,"hangglider:glider_framework":1,"minecraft:sandstone_wall":1,"tombstone:grave_dust":14,"minecraft:diorite":31,"minecraft:green_terracotta":1,"minecraft:honey_bottle":2,"minecraft:rotten_flesh":48,"minecraft:tropical_fish":1,"minecraft:polished_basalt":8,"minecraft:green_wool":34,"luminousworld:tall_deadbush":11,"supplementaries:ash":5,"minecraft:cobblestone":310,"luminousworld:savannah_ground":35,"minecraft:feather":2,"minecraft:water_bucket":1,"minecraft:andesite":87,"minecraft:potato":65,"minecraft:dirt":10,"minecraft:cut_sandstone_slab":1,"minecraft:glass":3,"minecraft:bone":31,"minecraft:acacia_planks":4,"undead_revamp2:blacpetalblock":1,"minecraft:gray_terracotta":21,"luminousworld:elephant_grass":8,"aether:cold_aercloud":8,"minecraft:glowstone_dust":46,"minecraft:moss_block":4,"minecraft:black_terracotta":21,"minecraft:sand":25,"minecraft:chiseled_sandstone":2,"alexsmobs:animal_dictionary":1,"minecraft:iron_hoe":1,"minecraft:diamond":5,"minecraft:granite":33,"minecraft:golden_apple":5,"minecraft:emerald":9,"luminousworld:bao_bob_log":56,"aether:blue_aercloud":6,"iceandfire:raw_silver":11,"luminousworld:groundpebbles_1":3,"minecraft:charcoal":2,"minecraft:fishing_rod":1,"minecraft:mud":14,"minecraft:crafting_table":4,"born_in_chaos_v1:diamond_termite_shard":4,"minecraft:clay_ball":8,"born_in_chaos_v1:seedof_chaos":2,"ecologics:seashell":2,"luminousworld:bao_bob_wood":6,"luminousworld:trout":1,"minecraft:gold_block":2,"minecraft:chain":2,"minecraft:shield":1,"born_in_chaos_v1:intoxicating_decoction":1,"minecraft:cyan_carpet":2,"minecraft:blue_orchid":9,"minecraft:player_head":3,"minecraft:iron_nugget":1,"minecraft:poppy":1,"minecraft:spruce_slab":1,"naturalist:catfish":1,"minecraft:chest":2,"minecraft:raw_iron":18,"ecologics:coconut_slice":10,"minecraft:copper_ingot":2,"minecraft:carrot":1,"minecraft:redstone":17,"minecraft:dark_oak_planks":10,"minecraft:arrow":6,"minecraft:stripped_dark_oak_wood":23,"minecraft:gold_ingot":7,"minecraft:mutton":1,"born_in_chaos_v1:corpse_maggot":62,"minecraft:mud_bricks":11,"born_in_chaos_v1:monster_flesh":1,"minecraft:salmon":1,"luminousworld:ishstone":20,"minecraft:acacia_wood":93,"minecraft:packed_mud":19,"minecraft:lily_pad":1,"minecraft:gunpowder":14,"minecraft:spruce_wood":38,"minecraft:iron_ingot":4,"minecraft:stone_pickaxe":4,"minecraft:acacia_sapling":8,"minecraft:dark_oak_stairs":1,"minecraft:book":114,"minecraft:dark_oak_slab":3,"minecraft:emerald_block":8,"born_in_chaos_v1:ethereal_spirit":6,"born_in_chaos_v1:dark_rod":1,"minecraft:spider_eye":1,"minecraft:slime_ball":7,"minecraft:chainmail_leggings":1,"minecraft:iron_helmet":1,"minecraft:baked_potato":1,"tombstone:magic_scroll":1,"minecraft:dark_oak_wood":6,"minecraft:mangrove_propagule":1,"minecraft:coal":5},"minecraft:crafted":{"naturalist:cooked_catfish":1,"minecraft:smooth_stone":1,"minecraft:stone":1,"minecraft:cooked_mutton":1,"iceandfire:armor_copper_metal_boots":2,"minecraft:glass":3,"iceandfire:armor_copper_metal_chestplate":2,"stalwart_dungeons:iron_hammer":1,"minecraft:golden_sword":1,"minecraft:golden_axe":1,"minecraft:wooden_shovel":1,"minecraft:diamond_axe":1,"minecraft:crafting_table":11,"minecraft:spruce_planks":156,"minecraft:wooden_pickaxe":3,"minecraft:baked_potato":14,"minecraft:green_bed":2,"minecraft:copper_ingot":36,"iceandfire:earplugs":1,"minecraft:dark_oak_slab":30,"minecraft:iron_chestplate":1,"minecraft:wooden_hoe":1,"minecraft:diamond_pickaxe":1,"minecraft:charcoal":8,"minecraft:shield":4,"minecraft:stick":132,"minecraft:iron_ingot":23,"minecraft:stone_sword":2,"minecraft:acacia_door":3,"iceandfire:silver_sword":2,"minecraft:stone_shovel":2,"vanillaplustools:stone_hammer":2,"minecraft:furnace":4,"iceandfire:armor_copper_metal_leggings":1,"minecraft:bone_meal":51,"iceandfire:armor_copper_metal_helmet":1,"quark:acacia_chest":3,"born_in_chaos_v1:fried_maggot":34,"minecraft:stone_pickaxe":22,"minecraft:dark_oak_planks":104,"aether:cold_parachute":2,"iceandfire:silver_ingot":7,"minecraft:iron_sword":2,"luminousworld:cooked_trout":1,"minecraft:dark_oak_button":1,"minecraft:bucket":2,"minecraft:stone_axe":1,"minecraft:glowstone":11,"minecraft:wooden_axe":3,"minecraft:acacia_planks":488,"minecraft:torch":52,"iceandfire:silver_pickaxe":1,"luminousworld:baobab_plank":188,"minecraft:clay":2},"minecraft:killed":{"born_in_chaos_v1:zombie_clown":1,"alexsmobs:lobster":6,"born_in_chaos_v1:restless_spirit":4,"born_in_chaos_v1:zombie_lumberjack":1,"minecraft:spider":7,"undead_revamp2:thesmoker":2,"born_in_chaos_v1:baby_skeleton_minion":2,"minecraft:skeleton":2,"ecologics:coconut_crab":1,"luminousworld:charaxes":1,"born_in_chaos_v1:bonescaller":1,"born_in_chaos_v1:diamond_termite":5,"minecraft:creeper":1,"born_in_chaos_v1:zombie_fisherman":2,"luminousworld:savannah_skeleton":7,"minecraft:zombie":8,"born_in_chaos_v1:dread_hound":1,"born_in_chaos_v1:corpse_fly":58,"enemyexpansion:botfly":1,"born_in_chaos_v1:door_knight":1,"mowziesmobs:umvuthana_raptor":1,"born_in_chaos_v1:siamese_skeletonsleft":1,"undead_revamp2:theimmortal":6,"enemyexpansion:direwolf":3,"born_in_chaos_v1:zombie_bruiser":1,"born_in_chaos_v1:maggot":6,"luminousworld:swamp_skeleton":4,"undead_revamp2:sucker":4,"luminousworld:savannah_zombie":7,"undead_revamp2:the_moonflower":3,"enemyexpansion:sprinter":1,"mowziesmobs:umvuthana_follower_raptor":4,"born_in_chaos_v1:decrepit_skeleton":6,"undead_revamp2:thesomnolence":22,"naturalist:catfish":1,"luminousworld:swamp_zombie":2,"alexsmobs:gazelle":3,"born_in_chaos_v1:dark_vortex":1,"born_in_chaos_v1:nightmare_stalker":1,"creeperoverhaul:savannah_creeper":3},"minecraft:broken":{"minecraft:stone_pickaxe":1,"minecraft:wooden_axe":2,"minecraft:golden_axe":1,"iceandfire:earplugs":1,"iceandfire:armor_copper_metal_boots":1},"minecraft:dropped":{"aether:cold_parachute":1,"minecraft:moss_block":2,"minecraft:dark_oak_stairs":1,"minecraft:baked_potato":1,"minecraft:glass_bottle":1,"minecraft:dark_oak_slab":2,"minecraft:dark_oak_button":1,"minecraft:dirt":9,"minecraft:chain":2,"minecraft:sand":1,"minecraft:cyan_carpet":2,"minecraft:bone":5,"minecraft:green_wool":5,"minecraft:cobbled_deepslate":1,"luminousworld:tall_deadbush":3,"minecraft:honey_bottle":1,"minecraft:sandstone_wall":1,"minecraft:azalea_leaves":1,"minecraft:acacia_sapling":5,"minecraft:spruce_slab":1,"minecraft:glass":3,"minecraft:smooth_quartz_stairs":2,"minecraft:mangrove_propagule":1,"iceandfire:armor_copper_metal_chestplate":1,"minecraft:cobblestone":97,"minecraft:granite":25,"minecraft:copper_ingot":2,"minecraft:spruce_stairs":6,"minecraft:stick":8,"iceandfire:silver_sword":1,"luminousworld:savannah_ground":1,"born_in_chaos_v1:fused_bone":1,"minecraft:acacia_planks":1,"minecraft:green_terracotta":1,"minecraft:player_head":2,"minecraft:bowl":1,"iceandfire:armor_copper_metal_helmet":1,"aether:diamond_gloves":1,"minecraft:golden_sword":1,"minecraft:spider_eye":1,"minecraft:blue_orchid":6,"minecraft:stone_pickaxe":4,"minecraft:wooden_pickaxe":1},"minecraft:killed_by":{"mutantmonsters:mutant_zombie":5,"undead_revamp2:sucker":2,"undead_revamp2:the_moonflower":1,"minecraft:wither_skeleton":3,"born_in_chaos_v1:nightmare_stalker":3,"enemyexpansion:slugger":1,"quark:forgotten":1,"born_in_chaos_v1:corpse_fly":7,"luminousworld:swamp_skeleton":2,"born_in_chaos_v1:diamond_termite":1,"born_in_chaos_v1:siamese_skeletons":1,"minecraft:zombie":2,"born_in_chaos_v1:siamese_skeletonsright":2,"undead_revamp2:theimmortal":2,"enemyexpansion:faller":1,"undead_revamp2:thehunter":1,"minecraft:skeleton":5,"iceandfire:ghost":1,"luminousworld:savannah_zombie":1,"mowziesmobs:umvuthana_raptor":1,"born_in_chaos_v1:dread_hound":1,"luminousworld:savannah_skeleton":2},"minecraft:used":{"minecraft:moss_block":4,"stalwart_dungeons:iron_hammer":123,"naturalist:cooked_catfish":1,"minecraft:polished_basalt":7,"minecraft:chest":2,"minecraft:shield":78,"minecraft:iron_sword":171,"minecraft:rotten_flesh":46,"minecraft:iron_chestplate":1,"minecraft:honey_bottle":2,"minecraft:glass":3,"born_in_chaos_v1:corpse_maggot":12,"minecraft:stripped_dark_oak_wood":3,"minecraft:packed_mud":19,"minecraft:green_wool":4,"minecraft:dark_oak_slab":31,"minecraft:golden_sword":29,"iceandfire:earplugs":1,"minecraft:furnace":4,"minecraft:potato":62,"minecraft:diorite":31,"minecraft:stone_pickaxe":301,"minecraft:ender_pearl":1,"minecraft:wooden_pickaxe":44,"luminousworld:groundpebbles_1":1,"minecraft:clay":2,"minecraft:diamond_axe":276,"luminousworld:baobab_plank":45,"minecraft:golden_apple":3,"minecraft:sand":1,"iceandfire:silver_pickaxe":28,"aether:blue_aercloud":2,"minecraft:black_terracotta":21,"iceandfire:armor_copper_metal_chestplate":2,"minecraft:acacia_door":1,"born_in_chaos_v1:monster_flesh":1,"ecologics:coconut_slice":10,"luminousworld:cooked_trout":1,"minecraft:andesite":86,"minecraft:bone_meal":51,"minecraft:stone_sword":138,"iceandfire:silver_sword":183,"iceandfire:armor_copper_metal_leggings":1,"minecraft:tropical_fish":1,"minecraft:stone_shovel":73,"minecraft:spruce_planks":119,"luminousworld:bao_bob_log":3,"vanillaplustools:stone_hammer":32,"minecraft:wooden_shovel":15,"born_in_chaos_v1:fried_maggot":34,"minecraft:torch":53,"iceandfire:armor_copper_metal_boots":1,"minecraft:dirt":6,"minecraft:granite":8,"minecraft:iron_hoe":1,"minecraft:dark_oak_planks":89,"minecraft:wooden_axe":129,"minecraft:mud_bricks":11,"minecraft:glowstone":10,"luminousworld:savannah_soil":39,"iceandfire:armor_copper_metal_helmet":1,"tombstone:gift":8,"minecraft:cobbled_deepslate":39,"minecraft:acacia_planks":355,"minecraft:golden_axe":21,"minecraft:cooked_mutton":1,"minecraft:water_bucket":60,"minecraft:baked_potato":5,"luminousworld:ishstone":18,"minecraft:green_bed":2,"minecraft:crafting_table":15,"quark:acacia_chest":3,"minecraft:gray_terracotta":21,"minecraft:mud":6,"minecraft:wooden_hoe":9,"minecraft:diamond_pickaxe":108,"minecraft:iron_pickaxe":3,"minecraft:suspicious_stew":1,"minecraft:stone_axe":88,"minecraft:fishing_rod":4,"minecraft:cobblestone":67,"minecraft:azalea_leaves":7,"minecraft:bucket":60,"alexsmobs:animal_dictionary":1},"minecraft:custom":{"minecraft:interact_with_crafting_table":93,"minecraft:open_barrel":16,"minecraft:leave_game":8,"minecraft:time_since_death":28952,"minecraft:sprint_one_cm":725902,"minecraft:damage_blocked_by_shield":2281,"minecraft:drop":70,"minecraft:talked_to_villager":1,"minecraft:play_time":414060,"minecraft:deaths":48,"minecraft:jump":4646,"minecraft:walk_on_water_one_cm":127842,"minecraft:interact_with_furnace":101,"minecraft:damage_dealt":36852,"minecraft:crouch_one_cm":42811,"tombstone:undead_killed":62,"minecraft:mob_kills":207,"minecraft:damage_dealt_resisted":1037,"minecraft:climb_one_cm":23982,"minecraft:walk_one_cm":1127652,"minecraft:sneak_time":15767,"minecraft:walk_under_water_one_cm":185799,"minecraft:total_world_time":414060,"minecraft:time_since_rest":28780,"minecraft:damage_taken":15489,"minecraft:damage_absorbed":107,"minecraft:swim_one_cm":125038,"minecraft:fly_one_cm":754872,"minecraft:open_chest":88,"minecraft:fall_one_cm":75618}},"DataVersion":3465}