{"stats":{"minecraft:picked_up":{"minecraft:charcoal":8,"minecraft:crafting_table":9,"minecraft:wheat":1,"minecraft:chicken":1,"epicsamurai:steel_ingot":19,"minecraft:wooden_pickaxe":1,"minecraft:cornflower":7,"minecraft:string":34,"minecraft:raw_copper":177,"minecraft:item_frame":2,"epicsamurai:jade":3,"minecraft:beetroot":6,"rpgsmw:stone_greatsword":2,"minecraft:cobbled_deepslate":52,"minecraft:red_dye":1,"minecraft:calcite":3,"minecraft:poppy":2,"minecraft:spruce_trapdoor":2,"minecraft:furnace":1,"minecraft:egg":2,"minecraft:stick":2,"minecraft:raw_iron":90,"iceandfire:dragonbone":44,"minecraft:torch":23,"minecraft:acacia_log":16,"iceandfire:silver_ore":15,"minecraft:note_block":1,"minecraft:spruce_fence":1,"minecraft:fire_charge":1,"minecraft:porkchop":9,"minecraft:pointed_dripstone":9,"minecraft:diorite":11,"minecraft:carrot":3,"minecraft:mangrove_trapdoor":1,"minecraft:dark_oak_planks":3,"minecraft:waxed_cut_copper_stairs":3,"minecraft:arrow":22,"minecraft:rotten_flesh":48,"minecraft:light_gray_bed":2,"rpgsmw:stone_spear":1,"minecraft:pumpkin_pie":3,"minecraft:blue_dye":1,"mowziesmobs:umvuthana_mask_bliss":1,"iceandfire:deepslate_silver_ore":2,"minecraft:mutton":6,"minecraft:rail":5,"alexsmobs:kangaroo_meat":6,"minecraft:white_wool":4,"minecraft:cobblestone":201,"minecraft:magma_block":5,"rpgsmw:copper_paladin_armour_helmet":1,"minecraft:feather":5,"minecraft:andesite":39,"minecraft:jungle_log":30,"minecraft:leather":5,"minecraft:yellow_dye":1,"minecraft:potato":16,"minecraft:tuff":11,"minecraft:oak_log":54,"minecraft:gunpowder":5,"minecraft:dirt":73,"minecraft:bone":32,"minecraft:acacia_planks":10,"minecraft:bow":4,"minecraft:wheat_seeds":12,"minecraft:raw_gold":16,"minecraft:iron_ingot":7,"epicsamurai:aquamarine":5,"epicsamurai:raw_silver":1,"minecraft:oak_planks":12,"minecraft:acacia_sapling":1,"minecraft:book":12,"epicsamurai:onyx":2,"minecraft:polished_andesite_stairs":1,"minecraft:dandelion":1,"minecraft:dripstone_block":1,"minecraft:blast_furnace":6,"minecraft:white_bed":3,"minecraft:spruce_log":1,"minecraft:spider_eye":3,"alexsmobs:animal_dictionary":1,"minecraft:polished_andesite":2,"alexsmobs:kangaroo_hide":3,"minecraft:granite":7,"minecraft:bread":22,"epicsamurai:ruby":12,"minecraft:netherrack":4,"minecraft:dark_oak_fence":2,"minecraft:coal":41},"minecraft:broken":{"spartanshields:stone_tower_shield":1,"minecraft:iron_pickaxe":1,"mowziesmobs:umvuthana_mask_bliss":1},"minecraft:killed_by":{"minecraft:husk":1,"minecraft:zombie_villager":1,"minecraft:player":3,"minecraft:spider":1,"minecraft:iron_golem":1,"minecraft:skeleton":12,"minecraft:zombie":2},"minecraft:used":{"rpgsmw:stone_greatsword":50,"minecraft:beetroot":6,"minecraft:stone_sword":9,"minecraft:acacia_log":1,"minecraft:chest":1,"minecraft:torch":119,"minecraft:rotten_flesh":34,"simpletomb:grave_key":28,"minecraft:netherrack":3,"rpgsmw:steel_paladin_armour_chestplate":1,"minecraft:dirt":58,"alexsmobs:cooked_kangaroo_meat":1,"minecraft:carrot":25,"minecraft:tuff":11,"rpgsmw:iron_greatsword":84,"minecraft:magma_block":1,"rpgsmw:iron_spear":44,"minecraft:bow":15,"minecraft:furnace":3,"spartanshields:silver_tower_shield":9,"minecraft:cobbled_deepslate":47,"minecraft:potato":4,"rpgsmw:steel_spear":79,"minecraft:acacia_planks":10,"minecraft:light_gray_bed":2,"minecraft:cooked_mutton":6,"minecraft:water_bucket":15,"minecraft:diorite":4,"minecraft:stone_pickaxe":258,"minecraft:oak_planks":5,"rpgsmw:stone_spear":70,"minecraft:wooden_pickaxe":13,"minecraft:crafting_table":12,"minecraft:blast_furnace":5,"minecraft:white_bed":3,"spartanshields:stone_tower_shield":59,"rpgsmw:steel_greatsword":20,"minecraft:iron_pickaxe":249,"minecraft:bread":10,"minecraft:stone_axe":115,"minecraft:cobblestone":73,"rpgsmw:steel_paladin_armour_leggings":1,"minecraft:cooked_porkchop":1,"minecraft:andesite":11,"minecraft:bucket":15,"minecraft:pumpkin_pie":5},"minecraft:custom":{"minecraft:mob_kills":124,"minecraft:interact_with_crafting_table":57,"minecraft:open_barrel":4,"minecraft:damage_dealt_resisted":42,"minecraft:leave_game":3,"minecraft:time_since_death":3687,"minecraft:climb_one_cm":5206,"minecraft:damage_resisted":2425,"minecraft:sprint_one_cm":469776,"minecraft:walk_one_cm":780331,"minecraft:damage_blocked_by_shield":2765,"minecraft:drop":64,"minecraft:play_noteblock":3,"minecraft:talked_to_villager":8,"minecraft:play_time":243661,"minecraft:sneak_time":3346,"minecraft:deaths":30,"minecraft:walk_under_water_one_cm":34282,"minecraft:jump":3359,"minecraft:interact_with_blast_furnace":57,"minecraft:walk_on_water_one_cm":38698,"minecraft:total_world_time":243661,"minecraft:interact_with_furnace":16,"spartanshields:shield_bash_hits":3,"minecraft:tune_noteblock":27,"minecraft:interact_with_stonecutter":1,"minecraft:sleep_in_bed":8,"minecraft:time_since_rest":3712,"minecraft:damage_taken":10963,"minecraft:damage_dealt":17660,"minecraft:player_kills":4,"minecraft:swim_one_cm":10870,"minecraft:fly_one_cm":510541,"minecraft:open_chest":21,"minecraft:crouch_one_cm":5064,"minecraft:fall_one_cm":133210},"minecraft:mined":{"minecraft:dark_oak_planks":3,"minecraft:tuff":11,"minecraft:white_bed":2,"iceandfire:silver_ore":9,"minecraft:spruce_trapdoor":1,"epicsamurai:deepslate_ruby_ore":9,"minecraft:granite":6,"minecraft:dark_oak_fence":1,"minecraft:acacia_log":15,"minecraft:spruce_fence":1,"minecraft:grass_block":20,"minecraft:jungle_log":26,"minecraft:light_gray_bed":1,"iceandfire:deepslate_silver_ore":2,"minecraft:mangrove_trapdoor":1,"minecraft:spawner":1,"epicsamurai:deepslate_jade_ore":3,"minecraft:magma_block":5,"minecraft:furnace":1,"minecraft:carrots":3,"minecraft:iron_ore":39,"minecraft:andesite":36,"minecraft:bookshelf":4,"minecraft:potatoes":1,"minecraft:vine":8,"minecraft:deepslate_iron_ore":28,"minecraft:rail":1,"epicsamurai:deepslate_silver_ore":1,"minecraft:stone":200,"minecraft:waxed_cut_copper_stairs":1,"minecraft:acacia_leaves":1,"minecraft:dandelion":2,"epicsamurai:deepslate_aquamarine_ore":4,"minecraft:crafting_table":9,"minecraft:cornflower":7,"minecraft:torch":14,"minecraft:note_block":1,"minecraft:blast_furnace":6,"minecraft:poppy":1,"minecraft:polished_andesite_stairs":1,"minecraft:campfire":4,"minecraft:copper_ore":23,"minecraft:tall_grass":3,"minecraft:deepslate_gold_ore":9,"minecraft:oak_planks":22,"minecraft:diorite":10,"minecraft:wall_torch":7,"minecraft:wheat":1,"minecraft:spruce_log":1,"minecraft:grass":21,"minecraft:coal_ore":41,"minecraft:oak_log":48,"minecraft:dirt":20,"minecraft:cobweb":27,"minecraft:polished_andesite":1,"minecraft:netherrack":4,"minecraft:gold_ore":7,"minecraft:oak_leaves":1,"minecraft:deepslate":52,"minecraft:fern":1,"epicsamurai:ruby_ore":3},"minecraft:killed":{"minecraft:spider":5,"minecraft:skeleton":21,"minecraft:horse":5,"minecraft:chicken":1,"alexsmobs:kangaroo":5,"minecraft:husk":1,"minecraft:pig":5,"minecraft:frog":1,"mowziesmobs:umvuthana_follower_raptor":4,"minecraft:creeper":6,"minecraft:sheep":4,"minecraft:zombie":53,"mowziesmobs:umvuthana_raptor":1},"minecraft:dropped":{"minecraft:wheat_seeds":11,"rpgsmw:stone_spear":2,"minecraft:cobblestone":1,"rpgsmw:copper_paladin_armour_helmet":1,"rpgsmw:stone_greatsword":3,"minecraft:granite":7,"minecraft:rail":5,"minecraft:stick":3,"minecraft:polished_andesite":2,"minecraft:dirt":3,"minecraft:blue_dye":1,"minecraft:diorite":2,"minecraft:dark_oak_fence":1,"minecraft:yellow_dye":2,"minecraft:fire_charge":1,"minecraft:polished_andesite_stairs":1,"minecraft:red_dye":2,"minecraft:acacia_planks":8,"minecraft:note_block":1,"minecraft:waxed_cut_copper_stairs":3,"minecraft:raw_copper":10,"minecraft:wheat":1,"minecraft:pointed_dripstone":9,"minecraft:beetroot":6,"minecraft:rotten_flesh":5,"minecraft:blast_furnace":1,"minecraft:poppy":1,"minecraft:spruce_trapdoor":2,"minecraft:andesite":11,"minecraft:jungle_log":4,"minecraft:acacia_sapling":1,"minecraft:spider_eye":1,"minecraft:wooden_pickaxe":2,"minecraft:calcite":3,"minecraft:egg":2},"minecraft:crafted":{"rpgsmw:blue_fabric":6,"rpgsmw:steel_paladin_armour_chestplate":1,"minecraft:oak_planks":192,"minecraft:cooked_chicken":1,"spartanshields:wooden_tower_shield":2,"rpgsmw:steel_paladin_armour_boots":1,"minecraft:furnace":2,"spartanshields:stone_tower_shield":1,"minecraft:cooked_mutton":6,"rpgsmw:steel_sword":1,"rpgsmw:iron_greatsword":1,"rpgsmw:copper_paladin_armour_helmet":1,"rpgsmw:steel_paladin_armour_helmet":1,"rpgsmw:steel_paladin_armour_leggings":1,"minecraft:stone_pickaxe":4,"minecraft:chest":1,"rpgsmw:steel_greatsword":1,"rpgsmw:woodenfiber":8,"rpgsmw:steelrainforcedstick":2,"rpgsmw:steel_spear":1,"rpgsmw:fabric":9,"minecraft:red_dye":1,"iceandfire:silver_ingot":6,"minecraft:cooked_porkchop":9,"minecraft:crafting_table":5,"rpgsmw:stone_spear":1,"minecraft:spruce_planks":4,"minecraft:wooden_pickaxe":4,"alexsmobs:cooked_kangaroo_meat":6,"rpgsmw:iron_spear":1,"minecraft:copper_ingot":18,"rpgsmw:stone_greatsword":1,"minecraft:bucket":1,"spartanshields:silver_tower_shield":1,"minecraft:stone_axe":1,"minecraft:jungle_planks":104,"epicsamurai:steel_nugget":9,"minecraft:blue_dye":7,"minecraft:oak_boat":2,"minecraft:yellow_dye":1,"minecraft:stick":96,"minecraft:iron_ingot":98,"minecraft:iron_pickaxe":2,"minecraft:iron_block":4,"minecraft:stone_sword":1,"rpgsmw:copper_paladin_armour_boots":1,"minecraft:acacia_planks":60,"minecraft:torch":96,"epicsamurai:steel_ingot":49}},"DataVersion":3120}