{"stats":{"minecraft:mined":{"luminousworld:savannah_soil":21,"iceandfire:silver_ore":2,"luminousworld:tall_deadbush":5,"luminousworld:savannah_grass_1":18,"minecraft:granite":8,"minecraft:acacia_log":9,"minecraft:poppy":1,"minecraft:diorite":13,"luminousworld:savanna_grass_2":6,"minecraft:mud":7,"minecraft:iron_ore":7,"minecraft:andesite":4,"luminousworld:bao_bob_log":20,"minecraft:mangrove_leaves":1,"minecraft:grass":1,"minecraft:coal_ore":5,"luminousworld:ishstone":4,"minecraft:sand":2,"minecraft:dirt":6,"luminousworld:groundpebbles_2":1,"minecraft:stone":49,"luminousworld:elephant_grass":5,"luminousworld:savannah_grass_4":24,"luminousworld:savannah_ground":1},"minecraft:crafted":{"minecraft:wooden_shovel":1,"iceandfire:silver_ingot":2,"minecraft:crafting_table":2,"minecraft:wooden_pickaxe":2,"minecraft:furnace":1,"minecraft:bucket":1,"iceandfire:earplugs":1,"quark:acacia_chest":1,"minecraft:iron_chestplate":1,"minecraft:shield":1,"minecraft:stick":20,"minecraft:iron_ingot":12,"minecraft:stone_pickaxe":1,"minecraft:wooden_axe":1,"minecraft:stone_sword":2,"minecraft:acacia_door":3,"minecraft:acacia_planks":40,"minecraft:torch":20,"iceandfire:silver_sword":1,"luminousworld:baobab_plank":24},"minecraft:picked_up":{"luminousworld:groundpebbles_1":1,"minecraft:mud":5,"born_in_chaos_v1:corpse_maggot":1,"minecraft:wheat":2,"luminousworld:savannah_ground":1,"minecraft:feather":2,"born_in_chaos_v1:monster_flesh":1,"born_in_chaos_v1:seedof_chaos":2,"minecraft:andesite":4,"luminousworld:ishstone":4,"ecologics:seashell":2,"minecraft:dirt":6,"minecraft:string":9,"minecraft:bone":9,"minecraft:iron_ingot":2,"minecraft:stone_pickaxe":2,"luminousworld:elephant_grass":5,"minecraft:poppy":1,"ecologics:crab_claw":2,"minecraft:stick":1,"minecraft:raw_iron":7,"ecologics:coconut_slice":10,"minecraft:acacia_log":10,"born_in_chaos_v1:ethereal_spirit":2,"luminousworld:savannah_soil":20,"minecraft:sand":2,"born_in_chaos_v1:dark_rod":1,"tombstone:grave_dust":1,"minecraft:diorite":13,"minecraft:arrow":2,"minecraft:rotten_flesh":14,"minecraft:granite":8,"luminousworld:tall_deadbush":2,"luminousworld:bao_bob_log":20,"minecraft:cobblestone":49,"minecraft:coal":5,"iceandfire:raw_silver":2},"minecraft:killed":{"born_in_chaos_v1:bonescaller":1,"undead_revamp2:theimmortal":2,"born_in_chaos_v1:restless_spirit":1,"minecraft:spider":2,"undead_revamp2:thesmoker":2,"mowziesmobs:umvuthana_follower_raptor":2,"born_in_chaos_v1:baby_skeleton_minion":2,"luminousworld:savannah_skeleton":4,"undead_revamp2:thesomnolence":19,"minecraft:zombie":3,"born_in_chaos_v1:dread_hound":1,"born_in_chaos_v1:corpse_fly":2,"alexsmobs:gazelle":1,"enemyexpansion:botfly":1,"born_in_chaos_v1:dark_vortex":1,"ecologics:coconut_crab":1,"born_in_chaos_v1:nightmare_stalker":1,"born_in_chaos_v1:door_knight":1,"creeperoverhaul:savannah_creeper":2,"luminousworld:charaxes":1,"luminousworld:savannah_zombie":2,"born_in_chaos_v1:siamese_skeletonsleft":1},"minecraft:dropped":{"luminousworld:savannah_ground":1,"born_in_chaos_v1:fused_bone":1,"minecraft:sand":1,"minecraft:stone_pickaxe":1,"minecraft:bone":2},"minecraft:broken":{"iceandfire:earplugs":1},"minecraft:used":{"minecraft:diorite":13,"iceandfire:silver_sword":129,"minecraft:stone_sword":130,"minecraft:stone_pickaxe":92,"minecraft:shield":26,"minecraft:wooden_pickaxe":12,"luminousworld:bao_bob_log":1,"luminousworld:groundpebbles_1":1,"luminousworld:ishstone":4,"minecraft:wooden_shovel":15,"minecraft:rotten_flesh":7,"minecraft:iron_chestplate":1,"minecraft:torch":14,"minecraft:dirt":6,"minecraft:crafting_table":2,"quark:acacia_chest":1,"minecraft:granite":8,"minecraft:mud":5,"minecraft:wooden_axe":25,"minecraft:acacia_door":1,"born_in_chaos_v1:monster_flesh":1,"ecologics:coconut_slice":10,"iceandfire:earplugs":1,"minecraft:cobblestone":23,"luminousworld:savannah_soil":12,"minecraft:furnace":1,"minecraft:bucket":1,"minecraft:andesite":4,"tombstone:gift":6,"alexsmobs:animal_dictionary":1},"minecraft:killed_by":{"undead_revamp2:theimmortal":2,"born_in_chaos_v1:siamese_skeletonsright":1,"born_in_chaos_v1:nightmare_stalker":1,"born_in_chaos_v1:siamese_skeletons":1,"luminousworld:savannah_zombie":1,"born_in_chaos_v1:dread_hound":1,"luminousworld:savannah_skeleton":2},"minecraft:custom":{"minecraft:interact_with_furnace":10,"minecraft:mob_kills":61,"minecraft:interact_with_crafting_table":17,"minecraft:damage_dealt_resisted":1027,"minecraft:leave_game":1,"minecraft:time_since_death":1396,"minecraft:climb_one_cm":126,"minecraft:time_since_rest":850,"minecraft:sprint_one_cm":143577,"minecraft:damage_taken":2563,"minecraft:walk_one_cm":255034,"minecraft:damage_blocked_by_shield":540,"minecraft:drop":6,"minecraft:damage_dealt":10651,"minecraft:fly_one_cm":182753,"minecraft:open_chest":8,"minecraft:crouch_one_cm":301,"minecraft:play_time":64445,"tombstone:undead_killed":18,"minecraft:deaths":9,"minecraft:sneak_time":169,"minecraft:jump":881,"minecraft:total_world_time":64445,"minecraft:walk_on_water_one_cm":966,"minecraft:fall_one_cm":13958}},"DataVersion":3465}