{"stats":{"minecraft:mined":{"minecraft:spruce_planks":5,"aether:cold_aercloud":37,"minecraft:black_terracotta":21,"minecraft:granite":60,"minecraft:acacia_log":74,"luminousworld:bao_bob_wood":66,"luminousworld:baobab_plank":16,"ad_astra:compressor":2,"minecraft:mud_bricks":21,"luminousworld:savanna_grass_2":25,"minecraft:spawner":17,"minecraft:tall_seagrass":1,"minecraft:glowstone":17,"minecraft:iron_ore":91,"minecraft:fire":5,"minecraft:cobbled_deepslate":18,"minecraft:deepslate_lapis_ore":14,"minecraft:stripped_dark_oak_wood":25,"minecraft:dark_oak_stairs":1,"minecraft:flowering_azalea_leaves":1,"minecraft:spruce_wood":44,"minecraft:azalea_leaves":1,"minecraft:player_head":1,"minecraft:green_bed":1,"minecraft:spruce_slab":1,"minecraft:deepslate_redstone_ore":30,"minecraft:gray_terracotta":15,"luminousworld:baobab_door":1,"aether:holystone":132,"luminousworld:tall_deadbush":9,"minecraft:smoker":1,"minecraft:clay":2,"minecraft:torch":1,"aether:icestone":10,"minecraft:dark_oak_wood":6,"minecraft:poppy":2,"minecraft:chest":2,"minecraft:cobblestone":17,"minecraft:wall_torch":2,"minecraft:deepslate_copper_ore":1,"minecraft:chain":1,"minecraft:dark_oak_slab":2,"minecraft:mud":18,"aether:aether_grass_block":14,"luminousworld:bao_bob_log":290,"aether:golden_aercloud":10,"minecraft:grass":11,"minecraft:sand":126,"minecraft:dirt":20,"minecraft:sandstone_wall":1,"aether:ambrosium_ore":5,"luminousworld:savannah_grass_4":44,"aether:blue_aercloud":5,"minecraft:deepslate":682,"minecraft:emerald_block":8,"luminousworld:savannah_ground":43,"minecraft:diamond_ore":2,"minecraft:tuff":35,"iceandfire:silver_ore":23,"minecraft:deepslate_diamond_ore":3,"minecraft:mangrove_roots":5,"born_in_chaos_v1:infected_diamond_ore":6,"minecraft:glow_lichen":2,"aether:mossy_holystone":1,"minecraft:redstone_wire":4,"iceandfire:deepslate_silver_ore":1,"quark:acacia_chest":1,"minecraft:moss_block":7,"minecraft:sandstone":1,"minecraft:redstone_ore":1,"minecraft:packed_mud":19,"aether:aether_dirt":44,"minecraft:furnace":6,"minecraft:carrots":1,"minecraft:polished_basalt":8,"aether:skyroot_planks":2,"minecraft:acacia_wood":98,"minecraft:andesite":362,"placeablesmod:water_bucket_block":1,"minecraft:green_terracotta":2,"minecraft:gold_block":2,"minecraft:bookshelf":38,"aether:skyroot_log":27,"minecraft:potatoes":69,"minecraft:deepslate_iron_ore":67,"minecraft:vine":2,"minecraft:smooth_quartz_stairs":3,"luminousworld:groundpebbles_2":1,"minecraft:stone":1199,"minecraft:green_wool":36,"minecraft:birch_stairs":2,"luminousworld:savannah_soil":72,"minecraft:acacia_leaves":12,"minecraft:redstone_block":1,"aether:zanite_ore":1,"minecraft:crafting_table":8,"luminousworld:savannah_grass_1":30,"minecraft:copper_ore":24,"minecraft:campfire":1,"minecraft:tall_grass":2,"minecraft:lapis_ore":3,"minecraft:deepslate_gold_ore":16,"minecraft:lily_pad":1,"luminousworld:baobabfence":7,"minecraft:diorite":122,"supplementaries:urn":15,"aether:skyroot_leaves":4,"minecraft:spruce_stairs":3,"aether:berry_bush":2,"minecraft:mangrove_leaves":5,"minecraft:coal_ore":64,"luminousworld:ishstone":87,"minecraft:cyan_carpet":1,"minecraft:gravel":7,"ad_astra:coal_generator":3,"minecraft:cobweb":3,"minecraft:acacia_planks":3,"luminousworld:elephant_grass":12,"minecraft:gold_ore":3,"aether:berry_bush_stem":2,"minecraft:dark_oak_planks":9},"minecraft:crafted":{"naturalist:cooked_catfish":1,"minecraft:smooth_stone":7,"hangglider:hang_glider":1,"luminousworld:baobab_door":3,"minecraft:stone":17,"aether:golden_ring":2,"aether:ambrosium_torch":16,"aether:skyroot_stick":28,"minecraft:cooked_mutton":1,"iceandfire:armor_copper_metal_boots":2,"aether:golden_parachute":1,"minecraft:glass":51,"ad_astra:oxygen_gear":1,"sophisticatedbackpacks:copper_backpack":1,"iceandfire:armor_copper_metal_chestplate":2,"stalwart_dungeons:iron_hammer":1,"ad_astra:space_helmet":1,"minecraft:golden_sword":1,"minecraft:smoker":1,"minecraft:golden_axe":1,"minecraft:wooden_shovel":1,"sophisticatedbackpacks:backpack":1,"minecraft:diamond_axe":1,"minecraft:crafting_table":18,"minecraft:spruce_planks":156,"minecraft:wooden_pickaxe":3,"minecraft:iron_helmet":1,"minecraft:baked_potato":107,"minecraft:green_bed":3,"minecraft:copper_ingot":47,"iceandfire:earplugs":1,"aether:skyroot_pickaxe":3,"aether:holystone_shovel":1,"ad_astra:etrionic_blast_furnace":1,"minecraft:dark_oak_slab":30,"minecraft:iron_chestplate":1,"minecraft:wooden_hoe":1,"minecraft:charcoal":82,"minecraft:diamond_pickaxe":2,"minecraft:shield":5,"minecraft:stick":228,"minecraft:iron_ingot":176,"minecraft:stone_sword":2,"minecraft:acacia_door":3,"minecraft:redstone_torch":6,"iceandfire:silver_sword":2,"ad_astra:iron_rod":8,"minecraft:redstone":9,"minecraft:stone_shovel":2,"vanillaplustools:stone_hammer":3,"ad_astra:gas_tank":2,"minecraft:furnace":7,"minecraft:blast_furnace":1,"iceandfire:armor_copper_metal_leggings":1,"minecraft:piston":2,"stalwart_dungeons:diamond_hammer":1,"minecraft:bone_meal":51,"hangglider:glider_wing":2,"iceandfire:armor_copper_metal_helmet":1,"ad_astra:compressor":1,"quark:acacia_chest":5,"minecraft:diamond":1,"minecraft:leather":16,"ad_astra:steel_block":4,"ad_astra:steel_rod":4,"born_in_chaos_v1:fried_maggot":34,"aether:holystone_pickaxe":2,"minecraft:stone_pickaxe":31,"luminousworld:baobabfence":9,"ad_astra:nasa_workbench":1,"minecraft:redstone_block":1,"minecraft:dark_oak_planks":104,"aether:cold_parachute":5,"aether:skyroot_planks":100,"sophisticatedbackpacks:iron_backpack":1,"ad_astra:space_pants":1,"minecraft:coal_block":2,"minecraft:diamond_sword":1,"ad_astra:space_boots":1,"iceandfire:silver_ingot":7,"aether:skyroot_sword":1,"ad_astra:space_suit":1,"minecraft:iron_sword":2,"luminousworld:cooked_trout":1,"sophisticatedbackpacks:gold_backpack":2,"minecraft:bucket":2,"minecraft:dark_oak_button":1,"minecraft:stone_axe":1,"minecraft:glowstone":11,"aether:holystone_axe":1,"aether:skyroot_axe":1,"minecraft:wooden_axe":3,"minecraft:iron_shovel":2,"ad_astra:coal_generator":1,"minecraft:acacia_planks":508,"minecraft:torch":196,"iceandfire:silver_pickaxe":1,"ad_astra:rocket_fin":4,"luminousworld:baobab_plank":808,"aether:holystone_sword":2,"minecraft:clay":2},"minecraft:picked_up":{"aether:carved_stone":1,"ad_astra:space_suit":1,"minecraft:wheat":8,"minecraft:redstone_block":1,"minecraft:suspicious_stew":1,"minecraft:lead":1,"alexsmobs:gazelle_horn":1,"minecraft:string":30,"minecraft:raw_copper":100,"aether:diamond_gloves":2,"minecraft:iron_leggings":2,"minecraft:pufferfish":1,"minecraft:gold_nugget":1,"minecraft:cobbled_deepslate":637,"minecraft:bucket":2,"minecraft:spruce_planks":7,"minecraft:iron_pickaxe":1,"minecraft:azalea_leaves":3,"minecraft:smooth_quartz_stairs":2,"ecologics:crab_claw":2,"minecraft:furnace":6,"minecraft:stick":10,"minecraft:green_bed":1,"minecraft:torch":12,"minecraft:spruce_stairs":6,"minecraft:acacia_log":75,"hangglider:glider_framework":1,"luminousworld:savannah_soil":68,"minecraft:sandstone_wall":1,"minecraft:porkchop":14,"tombstone:grave_dust":20,"minecraft:diorite":165,"minecraft:green_terracotta":1,"aether:skyroot_pickaxe":1,"alexsmobs:centipede_leg":2,"ad_astra:space_boots":1,"minecraft:honey_bottle":2,"minecraft:rotten_flesh":95,"minecraft:tropical_fish":1,"minecraft:polished_basalt":8,"supplementaries:antique_ink":2,"minecraft:glowstone":2,"minecraft:green_wool":34,"luminousworld:tall_deadbush":11,"supplementaries:ash":122,"undead_revamp2:arapholia":3,"minecraft:cobblestone":1095,"ad_astra:iron_rod":2,"born_in_chaos_v1:staffof_magic_arrows":1,"aether:skyroot_axe":1,"luminousworld:savannah_ground":41,"minecraft:feather":8,"minecraft:water_bucket":2,"minecraft:andesite":392,"aether:golden_aercloud":8,"minecraft:potato":339,"minecraft:smoker":1,"minecraft:tuff":14,"supplementaries:flax_seeds":1,"ad_astra:coal_generator":3,"aether:icestone":10,"minecraft:lapis_lazuli":90,"minecraft:dirt":10,"minecraft:cut_sandstone_slab":1,"ad_astra:steel_block":1,"born_in_chaos_v1:monster_skin":1,"born_in_chaos_v1:marigolds":3,"minecraft:bone":61,"minecraft:glass":31,"ad_astra:compressor":2,"minecraft:acacia_planks":4,"undead_revamp2:blacpetalblock":1,"minecraft:gray_terracotta":21,"aether:holystone":217,"minecraft:raw_gold":19,"luminousworld:elephant_grass":11,"aether:cold_aercloud":22,"minecraft:glowstone_dust":46,"minecraft:moss_block":4,"minecraft:black_terracotta":21,"ad_astra:space_pants":1,"minecraft:sand":139,"aether:holystone_sword":3,"aether:zanite_gemstone":1,"minecraft:chiseled_sandstone":2,"alexsmobs:animal_dictionary":1,"undead_revamp2:heavytooth":1,"minecraft:bundle":3,"minecraft:iron_hoe":1,"luminousworld:baobab_door":1,"minecraft:diamond":10,"aether:ambrosium_shard":15,"minecraft:granite":52,"aether:swet_ball":8,"minecraft:golden_apple":5,"minecraft:emerald":14,"luminousworld:bao_bob_log":277,"aether:blue_aercloud":20,"minecraft:charcoal":5,"iceandfire:raw_silver":24,"minecraft:fishing_rod":1,"minecraft:mud":15,"minecraft:cocoa_beans":6,"luminousworld:groundpebbles_1":3,"minecraft:crafting_table":10,"born_in_chaos_v1:diamond_termite_shard":10,"minecraft:clay_ball":8,"born_in_chaos_v1:seedof_chaos":3,"aether:aether_dirt":96,"ecologics:seashell":2,"luminousworld:trout":1,"luminousworld:bao_bob_wood":62,"minecraft:gold_block":2,"ad_astra:tier_1_rocket":2,"minecraft:chain":2,"minecraft:shield":1,"aether:blue_berry":10,"aether:holystone_shovel":1,"born_in_chaos_v1:intoxicating_decoction":1,"minecraft:glass_pane":29,"minecraft:iron_shovel":1,"minecraft:cyan_carpet":2,"minecraft:blue_orchid":9,"minecraft:beef":1,"born_in_chaos_v1:gnawed_bones":1,"minecraft:player_head":3,"minecraft:iron_nugget":1,"minecraft:poppy":2,"aether:skyroot_sword":1,"minecraft:spruce_slab":1,"naturalist:catfish":1,"minecraft:chest":2,"minecraft:raw_iron":153,"ecologics:coconut_slice":10,"minecraft:copper_ingot":2,"minecraft:carrot":3,"born_in_chaos_v1:pieceofdarkmetal":6,"minecraft:redstone":138,"minecraft:dark_oak_planks":10,"ad_astra:steel_ingot":11,"ad_astra:steel_plate":4,"luminousworld:baobab_plank":272,"aether:skyroot_log":30,"minecraft:arrow":18,"quark:acacia_chest":1,"minecraft:diamond_boots":2,"minecraft:stripped_dark_oak_wood":23,"minecraft:gold_ingot":7,"tombstone:essence_of_undeath":1,"minecraft:glow_berries":1,"minecraft:mutton":5,"minecraft:bone_block":9,"minecraft:white_wool":3,"aether:mossy_holystone":2,"born_in_chaos_v1:corpse_maggot":75,"minecraft:mud_bricks":11,"born_in_chaos_v1:monster_flesh":1,"minecraft:salmon":1,"luminousworld:ishstone":91,"minecraft:acacia_wood":93,"minecraft:packed_mud":19,"minecraft:oak_log":1,"minecraft:chainmail_chestplate":1,"minecraft:lily_pad":1,"luminousworld:baobabfence":7,"minecraft:gunpowder":38,"aether:skyroot_planks":12,"mowziesmobs:foliaath_seed":5,"minecraft:rabbit_hide":4,"minecraft:spruce_wood":38,"minecraft:iron_ingot":57,"minecraft:stone_pickaxe":4,"tombstone:bag_of_seeds":2,"aether:berry_bush_stem":3,"aether:black_moa_egg":1,"minecraft:acacia_sapling":8,"minecraft:dark_oak_stairs":1,"minecraft:book":114,"minecraft:dark_oak_slab":3,"minecraft:emerald_block":8,"born_in_chaos_v1:ethereal_spirit":9,"minecraft:gravel":16,"born_in_chaos_v1:dark_rod":1,"ad_astra:space_helmet":1,"minecraft:spider_eye":7,"minecraft:slime_ball":7,"minecraft:chainmail_leggings":1,"minecraft:iron_helmet":1,"mowziesmobs:umvuthana_mask_fear":1,"minecraft:baked_potato":41,"tombstone:magic_scroll":4,"aether:blue_moa_egg":2,"minecraft:dark_oak_wood":6,"minecraft:mangrove_propagule":1,"minecraft:coal":83,"minecraft:ender_pearl":1},"minecraft:killed":{"born_in_chaos_v1:zombie_clown":1,"alexsmobs:lobster":7,"born_in_chaos_v1:zombie_lumberjack":1,"born_in_chaos_v1:restless_spirit":8,"aether:sentry":2,"minecraft:spider":10,"undead_revamp2:thesmoker":3,"born_in_chaos_v1:baby_skeleton_minion":7,"minecraft:skeleton":8,"ecologics:coconut_crab":1,"aether:blue_swet":6,"luminousworld:charaxes":1,"born_in_chaos_v1:bonescaller":2,"born_in_chaos_v1:diamond_termite":15,"aether:sheepuff":2,"minecraft:creeper":1,"aether:phyg":4,"born_in_chaos_v1:zombie_fisherman":3,"luminousworld:savannah_skeleton":13,"minecraft:zombie":24,"born_in_chaos_v1:dread_hound":2,"enemyexpansion:vampire":2,"born_in_chaos_v1:corpse_fly":69,"enemyexpansion:botfly":2,"undead_revamp2:theskeeper":2,"born_in_chaos_v1:door_knight":1,"mowziesmobs:umvuthana_raptor":1,"born_in_chaos_v1:siamese_skeletonsleft":1,"undead_revamp2:theimmortal":6,"aether:golden_swet":1,"enemyexpansion:intruder":1,"enemyexpansion:direwolf":4,"born_in_chaos_v1:zombie_bruiser":1,"born_in_chaos_v1:maggot":16,"luminousworld:swamp_skeleton":7,"undead_revamp2:sucker":4,"luminousworld:savannah_zombie":21,"born_in_chaos_v1:fallen_chaos_knight":1,"born_in_chaos_v1:spirit_guide":1,"born_in_chaos_v1:baby_skeleton":3,"born_in_chaos_v1:spirit_guide_assistant":1,"undead_revamp2:the_moonflower":13,"aether:cockatrice":1,"enemyexpansion:sprinter":1,"mowziesmobs:umvuthana_follower_raptor":9,"aether:flying_cow":2,"born_in_chaos_v1:decrepit_skeleton":12,"undead_revamp2:thesomnolence":36,"born_in_chaos_v1:decaying_zombie":1,"naturalist:catfish":1,"luminousworld:swamp_zombie":5,"alexsmobs:gazelle":3,"enemyexpansion:huntsman":1,"born_in_chaos_v1:dark_vortex":1,"born_in_chaos_v1:nightmare_stalker":1,"creeperoverhaul:savannah_creeper":3,"minecraft:enderman":1},"minecraft:broken":{"minecraft:stone_pickaxe":1,"aether:holystone_pickaxe":1,"minecraft:iron_sword":1,"minecraft:wooden_axe":2,"iceandfire:armor_copper_metal_helmet":1,"aether:golden_parachute":1,"minecraft:golden_axe":1,"vanillaplustools:stone_hammer":1,"iceandfire:earplugs":1,"aether:cold_parachute":3,"minecraft:iron_helmet":1,"iceandfire:armor_copper_metal_chestplate":1,"iceandfire:armor_copper_metal_boots":1},"minecraft:dropped":{"aether:cold_parachute":1,"aether:skyroot_planks":22,"minecraft:moss_block":2,"minecraft:dark_oak_stairs":1,"minecraft:lapis_lazuli":6,"aether:mossy_holystone":2,"minecraft:baked_potato":1,"minecraft:glass_bottle":1,"minecraft:dark_oak_slab":2,"aether:swet_ball":3,"aether:skyroot_sword":2,"minecraft:dark_oak_button":1,"aether:skyroot_pickaxe":4,"minecraft:dirt":9,"tombstone:bag_of_seeds":1,"luminousworld:bao_bob_wood":3,"minecraft:chain":2,"minecraft:sand":1,"minecraft:white_wool":3,"minecraft:cyan_carpet":2,"minecraft:green_wool":10,"minecraft:bone":9,"minecraft:cobbled_deepslate":10,"minecraft:wheat":6,"undead_revamp2:arapholia":2,"minecraft:rotten_flesh":4,"luminousworld:tall_deadbush":3,"ad_astra:iron_rod":4,"luminousworld:savannah_soil":19,"minecraft:honey_bottle":1,"aether:holystone_shovel":2,"aether:ambrosium_shard":4,"minecraft:sandstone_wall":1,"supplementaries:ash":114,"minecraft:gunpowder":8,"minecraft:azalea_leaves":1,"ad_astra:space_suit":2,"minecraft:acacia_sapling":5,"minecraft:spruce_slab":1,"minecraft:arrow":4,"minecraft:glass":3,"ad_astra:space_helmet":2,"minecraft:iron_ingot":44,"minecraft:water_bucket":1,"luminousworld:ishstone":5,"minecraft:smooth_quartz_stairs":2,"minecraft:mangrove_propagule":1,"iceandfire:armor_copper_metal_chestplate":1,"ad_astra:space_pants":2,"minecraft:cobblestone":113,"ad_astra:space_boots":2,"minecraft:granite":25,"minecraft:copper_ingot":2,"minecraft:spruce_stairs":6,"minecraft:coal":4,"minecraft:stick":24,"minecraft:diorite":7,"iceandfire:silver_sword":1,"ad_astra:iron_plate":7,"luminousworld:savannah_ground":7,"born_in_chaos_v1:fused_bone":1,"aether:holystone_sword":3,"minecraft:iron_shovel":1,"minecraft:string":4,"minecraft:acacia_planks":1,"minecraft:redstone":51,"minecraft:green_terracotta":1,"luminousworld:bao_bob_log":12,"minecraft:player_head":2,"aether:blue_berry":6,"minecraft:raw_copper":9,"minecraft:cocoa_beans":6,"minecraft:bowl":1,"minecraft:green_bed":1,"minecraft:tuff":7,"iceandfire:armor_copper_metal_helmet":1,"aether:aether_dirt":84,"minecraft:glass_pane":28,"minecraft:potato":2,"aether:diamond_gloves":1,"luminousworld:baobab_door":1,"minecraft:bundle":1,"minecraft:andesite":98,"aether:skyroot_axe":1,"minecraft:golden_sword":1,"aether:holystone":140,"minecraft:spider_eye":8,"luminousworld:elephant_grass":3,"minecraft:blue_orchid":6,"minecraft:stone_pickaxe":5,"minecraft:wooden_pickaxe":1,"aether:berry_bush_stem":2},"minecraft:killed_by":{"mutantmonsters:mutant_zombie":5,"undead_revamp2:sucker":2,"undead_revamp2:the_moonflower":1,"minecraft:wither_skeleton":3,"born_in_chaos_v1:nightmare_stalker":3,"enemyexpansion:slugger":1,"quark:forgotten":1,"born_in_chaos_v1:corpse_fly":7,"luminousworld:swamp_skeleton":2,"born_in_chaos_v1:diamond_termite":1,"born_in_chaos_v1:siamese_skeletons":1,"minecraft:zombie":2,"aether:cockatrice":1,"enemyexpansion:silverqueen":1,"undead_revamp2:theimmortal":2,"born_in_chaos_v1:siamese_skeletonsright":2,"born_in_chaos_v1:baby_skeleton_minion":1,"aether:slider":1,"undead_revamp2:thesomnolence":1,"enemyexpansion:faller":1,"undead_revamp2:thehunter":1,"minecraft:skeleton":6,"iceandfire:ghost":1,"luminousworld:savannah_zombie":1,"mowziesmobs:umvuthana_raptor":1,"born_in_chaos_v1:dread_hound":1,"aether:sun_spirit":1,"luminousworld:savannah_skeleton":4},"minecraft:used":{"minecraft:moss_block":4,"aether:ambrosium_torch":8,"stalwart_dungeons:iron_hammer":123,"minecraft:iron_shovel":125,"aether:zanite_sword":17,"minecraft:polished_basalt":7,"naturalist:cooked_catfish":1,"minecraft:chest":2,"minecraft:shield":142,"minecraft:iron_sword":384,"aether:skyroot_sword":17,"minecraft:rotten_flesh":48,"minecraft:iron_chestplate":1,"minecraft:mutton":2,"minecraft:carrot":2,"aether:holystone_shovel":39,"luminousworld:baobab_door":3,"minecraft:honey_bottle":2,"minecraft:glass":23,"born_in_chaos_v1:corpse_maggot":22,"minecraft:stripped_dark_oak_wood":3,"minecraft:packed_mud":19,"minecraft:green_wool":4,"minecraft:iron_helmet":2,"minecraft:dark_oak_slab":31,"minecraft:golden_sword":29,"iceandfire:earplugs":1,"minecraft:furnace":10,"aether:icestone":10,"minecraft:potato":151,"mowziesmobs:foliaath_seed":1,"ad_astra:etrionic_blast_furnace":1,"minecraft:diorite":34,"minecraft:diamond_boots":1,"minecraft:stone_pickaxe":301,"minecraft:clay":2,"minecraft:diamond_axe":890,"minecraft:redstone_block":1,"minecraft:ender_pearl":1,"ad_astra:compressor":3,"minecraft:wooden_pickaxe":44,"luminousworld:groundpebbles_1":1,"minecraft:glow_berries":2,"luminousworld:baobab_plank":272,"minecraft:golden_apple":3,"minecraft:sand":1,"aether:blue_aercloud":8,"iceandfire:silver_pickaxe":28,"minecraft:redstone_torch":4,"minecraft:black_terracotta":21,"iceandfire:armor_copper_metal_chestplate":2,"minecraft:acacia_door":1,"born_in_chaos_v1:monster_flesh":1,"ecologics:coconut_slice":10,"aether:skyroot_axe":1,"minecraft:diamond_sword":61,"luminousworld:cooked_trout":1,"minecraft:andesite":234,"ad_astra:space_pants":2,"aether:holystone_sword":4,"minecraft:bone_meal":51,"minecraft:stone_sword":138,"iceandfire:silver_sword":183,"minecraft:tropical_fish":1,"iceandfire:armor_copper_metal_leggings":1,"minecraft:stone_shovel":73,"minecraft:redstone":4,"aether:cold_aercloud":2,"minecraft:spruce_planks":119,"luminousworld:bao_bob_log":11,"vanillaplustools:stone_hammer":290,"minecraft:wooden_shovel":15,"born_in_chaos_v1:fried_maggot":34,"iceandfire:armor_copper_metal_boots":1,"minecraft:dirt":6,"minecraft:torch":191,"ad_astra:tier_1_rocket":1,"minecraft:granite":8,"minecraft:iron_hoe":1,"minecraft:dark_oak_planks":89,"minecraft:wooden_axe":129,"aether:holystone_axe":3,"stalwart_dungeons:diamond_hammer":38,"ad_astra:space_suit":2,"minecraft:mud_bricks":11,"luminousworld:baobabfence":16,"minecraft:glowstone":10,"ad_astra:space_boots":1,"luminousworld:savannah_soil":39,"ad_astra:space_helmet":1,"minecraft:iron_leggings":1,"iceandfire:armor_copper_metal_helmet":1,"aether:skyroot_planks":18,"tombstone:gift":10,"aether:holystone":113,"ad_astra:coal_generator":4,"minecraft:cobbled_deepslate":351,"minecraft:acacia_planks":355,"minecraft:golden_axe":21,"minecraft:cooked_mutton":1,"minecraft:water_bucket":84,"minecraft:baked_potato":104,"luminousworld:ishstone":78,"minecraft:green_bed":3,"aether:holystone_pickaxe":136,"quark:acacia_chest":5,"aether:skyroot_pickaxe":60,"minecraft:crafting_table":26,"luminousworld:bao_bob_wood":2,"minecraft:smoker":2,"minecraft:wooden_hoe":9,"tombstone:bag_of_seeds":2,"minecraft:gray_terracotta":21,"minecraft:mud":7,"ad_astra:nasa_workbench":1,"minecraft:diamond_pickaxe":460,"minecraft:iron_pickaxe":3,"minecraft:suspicious_stew":1,"minecraft:stone_axe":88,"minecraft:fishing_rod":4,"minecraft:cobblestone":477,"minecraft:azalea_leaves":7,"minecraft:bucket":107,"alexsmobs:animal_dictionary":1},"minecraft:custom":{"minecraft:interact_with_crafting_table":183,"minecraft:open_barrel":64,"minecraft:leave_game":14,"minecraft:time_since_death":6725,"minecraft:sprint_one_cm":1423641,"minecraft:damage_blocked_by_shield":5031,"minecraft:drop":198,"minecraft:talked_to_villager":1,"minecraft:play_time":903210,"minecraft:deaths":63,"minecraft:jump":9866,"minecraft:walk_on_water_one_cm":214121,"minecraft:interact_with_furnace":263,"minecraft:sleep_in_bed":12,"minecraft:damage_dealt":68426,"minecraft:player_kills":1,"minecraft:crouch_one_cm":72375,"tombstone:undead_killed":146,"minecraft:interact_with_smoker":9,"minecraft:mob_kills":379,"minecraft:damage_dealt_resisted":1658,"minecraft:climb_one_cm":26516,"minecraft:walk_one_cm":2373399,"minecraft:sneak_time":26600,"minecraft:walk_under_water_one_cm":257056,"minecraft:boat_one_cm":8685,"minecraft:total_world_time":903210,"minecraft:time_since_rest":6229,"minecraft:damage_absorbed":107,"minecraft:damage_taken":27168,"minecraft:swim_one_cm":182912,"minecraft:fly_one_cm":1615515,"minecraft:open_chest":213,"minecraft:fall_one_cm":202489}},"DataVersion":3465}