{"stats":{"minecraft:killed":{"takesapillage:legioner":1,"takesapillage:skirmisher":1,"luminousworld:frost_bitten_skeleton":1,"undead_revamp2:thesmoker":1,"creeperoverhaul:snowy_creeper":1,"minecraft:skeleton":2,"minecraft:cow":1},"minecraft:crafted":{"iceandfire:silver_axe":1,"minecraft:cooked_beef":6,"minecraft:cooked_porkchop":6,"iceandfire:silver_ingot":18,"minecraft:crafting_table":2,"minecraft:spruce_planks":80,"minecraft:wooden_pickaxe":1,"minecraft:stone_axe":1,"minecraft:air":0,"iceandfire:armor_silver_metal_chestplate":1,"minecraft:shield":1,"minecraft:stick":12,"minecraft:white_bed":1,"iceandfire:silver_pickaxe":1,"iceandfire:silver_sword":1},"minecraft:used":{"minecraft:iron_bars":1,"undead_revamp2:wincallerfan":1,"iceandfire:silver_sword":90,"minecraft:shield":6,"minecraft:spruce_planks":47,"minecraft:wooden_pickaxe":35,"minecraft:deepslate_bricks":8,"minecraft:netherrack":17,"minecraft:stick":1,"minecraft:crafting_table":3,"undead_revamp2:bostroxset_chestplate":3,"minecraft:white_bed":1,"iceandfire:armor_silver_metal_chestplate":2,"iceandfire:silver_pickaxe":34,"endrem:corrupted_eye":1,"minecraft:lantern":1,"minecraft:stone_axe":102,"minecraft:golden_carrot":9,"minecraft:hay_block":3,"tombstone:gift":1,"minecraft:cooked_beef":2},"minecraft:mined":{"minecraft:spruce_planks":2,"minecraft:scaffolding":1,"minecraft:red_wool":1,"iceandfire:frozen_cobblestone":1,"ecologics:thin_ice":1,"minecraft:carved_pumpkin":1,"minecraft:crafting_table":1,"minecraft:cobbled_deepslate_slab":1,"minecraft:campfire":4,"minecraft:redstone_wire":3,"minecraft:deepslate_bricks":9,"minecraft:cobblestone":2,"minecraft:spruce_leaves":7,"minecraft:cracked_deepslate_bricks":5,"minecraft:hay_block":41,"minecraft:cobbled_deepslate":1,"minecraft:ice":1,"minecraft:spruce_log":15,"minecraft:stripped_spruce_log":10,"minecraft:bookshelf":9,"iceandfire:silver_pile":26,"minecraft:iron_bars":2,"minecraft:cracked_stone_bricks":7,"minecraft:yellow_stained_glass":3,"minecraft:stone":3,"minecraft:white_wool":3,"minecraft:stone_bricks":4,"born_in_chaos_v1:infernal_evil_pumpkin_s":1,"minecraft:spruce_slab":1,"minecraft:netherrack":17,"minecraft:mossy_stone_bricks":1},"minecraft:custom":{"minecraft:interact_with_furnace":4,"minecraft:mob_kills":11,"tombstone:raider_killed":2,"minecraft:interact_with_crafting_table":12,"minecraft:open_barrel":2,"minecraft:interact_with_campfire":4,"minecraft:damage_dealt_resisted":468,"minecraft:leave_game":3,"minecraft:time_since_death":13692,"minecraft:time_since_rest":13395,"minecraft:sprint_one_cm":93827,"minecraft:damage_taken":3152,"minecraft:walk_one_cm":165536,"minecraft:damage_blocked_by_shield":120,"minecraft:drop":30,"minecraft:damage_dealt":3888,"minecraft:swim_one_cm":6488,"minecraft:fly_one_cm":99897,"minecraft:open_chest":23,"minecraft:play_time":37592,"minecraft:crouch_one_cm":2264,"minecraft:sneak_time":762,"tombstone:undead_killed":4,"minecraft:deaths":8,"minecraft:walk_under_water_one_cm":15793,"minecraft:interact_with_brewingstand":1,"minecraft:jump":450,"minecraft:total_world_time":37592,"minecraft:interact_with_smoker":4,"minecraft:walk_on_water_one_cm":10568,"minecraft:fall_one_cm":11384},"minecraft:dropped":{"iceandfire:silver_nugget":6,"minecraft:stripped_spruce_log":8,"minecraft:stone_axe":1,"alexsmobs:animal_dictionary":2,"minecraft:cobblestone":2,"minecraft:item_frame":1,"minecraft:stick":3,"minecraft:flint":18,"minecraft:spruce_planks":5,"minecraft:golden_leggings":1,"minecraft:carved_pumpkin":2,"iceandfire:armor_silver_metal_chestplate":1,"tombstone:grave_dust":1,"minecraft:stone_bricks":9,"minecraft:spruce_slab":1,"minecraft:wooden_pickaxe":1,"minecraft:paper":4,"luminousworld:clovers_1":1,"minecraft:spruce_sapling":1,"minecraft:redstone":2},"minecraft:picked_up":{"undead_revamp2:bostroxingot":3,"minecraft:charcoal":8,"minecraft:crafting_table":1,"minecraft:flint":18,"iceandfire:armor_silver_metal_chestplate":1,"minecraft:paper":2,"minecraft:lantern":1,"undead_revamp2:bostroxset_chestplate":1,"minecraft:cooked_mutton":3,"minecraft:item_frame":2,"minecraft:stone_bricks":9,"minecraft:cracked_stone_bricks":2,"minecraft:spruce_planks":6,"minecraft:iron_ingot":3,"minecraft:beef":6,"minecraft:spruce_slab":1,"minecraft:book":27,"minecraft:scaffolding":1,"minecraft:stick":3,"iceandfire:dragonbone":13,"luminousworld:clovers_1":1,"minecraft:red_wool":1,"minecraft:porkchop":6,"minecraft:stripped_spruce_log":18,"minecraft:spruce_sapling":1,"minecraft:spruce_log":15,"minecraft:redstone":4,"alexsmobs:animal_dictionary":1,"minecraft:brown_carpet":1,"iceandfire:dragon_skull_ice":2,"minecraft:arrow":4,"minecraft:rotten_flesh":1,"minecraft:bread":2,"minecraft:deepslate_bricks":8,"minecraft:hay_block":41,"minecraft:carved_pumpkin":2,"minecraft:gold_ingot":4,"undead_revamp2:wincallerfan":1,"minecraft:netherrack":17,"minecraft:mutton":4,"iceandfire:silver_nugget":168,"minecraft:iron_bars":1,"minecraft:white_wool":3,"minecraft:cobblestone":5},"minecraft:killed_by":{"minecraft:vindicator":1,"takesapillage:legioner":3,"born_in_chaos_v1:dread_hound":1,"takesapillage:archer":2}},"DataVersion":3465}