{"stats":{"minecraft:picked_up":{"minecraft:wheat":2,"epicsamurai:steel_ingot":19,"minecraft:oak_stairs":5,"minecraft:potion":1,"minecraft:golden_sword":2,"minecraft:string":52,"minecraft:raw_copper":281,"minecraft:beetroot":6,"rpgsmw:stone_greatsword":2,"minecraft:cobbled_deepslate":337,"minecraft:spruce_planks":7,"minecraft:red_dye":1,"minecraft:redstone_torch":1,"minecraft:calcite":3,"minecraft:furnace":3,"minecraft:stick":4,"minecraft:torch":62,"minecraft:acacia_log":42,"iceandfire:silver_ore":36,"minecraft:porkchop":32,"minecraft:pointed_dripstone":9,"minecraft:diorite":51,"minecraft:waxed_cut_copper_stairs":3,"minecraft:rotten_flesh":99,"rpgsmw:stone_spear":1,"minecraft:light_gray_bed":2,"minecraft:blue_dye":3,"alexsmobs:emu_egg":1,"minecraft:stripped_birch_wood":1,"minecraft:cobblestone":629,"minecraft:magma_block":5,"rpgsmw:steel_spear":1,"minecraft:feather":30,"minecraft:andesite":60,"minecraft:jungle_log":101,"minecraft:potato":17,"minecraft:tuff":44,"minecraft:lapis_lazuli":115,"minecraft:dirt":443,"minecraft:bone":64,"minecraft:acacia_planks":10,"minecraft:bow":6,"minecraft:wheat_seeds":26,"minecraft:raw_gold":47,"epicsamurai:raw_silver":29,"minecraft:oak_planks":13,"minecraft:cooked_porkchop":4,"minecraft:jungle_planks":4,"minecraft:cyan_bed":1,"alexsmobs:animal_dictionary":1,"minecraft:polished_andesite":2,"alexsmobs:kangaroo_hide":11,"minecraft:diamond":25,"minecraft:granite":24,"minecraft:golden_apple":1,"minecraft:golden_horse_armor":1,"minecraft:bread":27,"epicsamurai:ruby":16,"minecraft:netherrack":4,"minecraft:dark_oak_fence":2,"rpgsmw:steelnugget":1,"minecraft:charcoal":8,"minecraft:crafting_table":15,"iceandfire:witherbone":7,"minecraft:splash_potion":1,"minecraft:chicken":5,"minecraft:clay_ball":20,"minecraft:wooden_pickaxe":1,"minecraft:cornflower":12,"minecraft:red_bed":1,"minecraft:item_frame":2,"epicsamurai:jade":25,"minecraft:beef":17,"minecraft:oak_boat":3,"minecraft:poppy":2,"minecraft:sugar_cane":8,"minecraft:chest":3,"rpgsmw:biril":4,"minecraft:spruce_trapdoor":2,"minecraft:egg":5,"minecraft:raw_iron":189,"iceandfire:dragonbone":44,"minecraft:note_block":1,"minecraft:spruce_fence":1,"minecraft:fire_charge":1,"rpgsmw:iron_greatsword":2,"minecraft:carrot":3,"minecraft:redstone":301,"minecraft:mangrove_trapdoor":1,"minecraft:iron_horse_armor":1,"minecraft:dark_oak_planks":7,"minecraft:arrow":47,"minecraft:diamond_chestplate":1,"minecraft:pumpkin_pie":3,"minecraft:hay_block":38,"mowziesmobs:umvuthana_mask_bliss":1,"minecraft:saddle":1,"iceandfire:deepslate_silver_ore":2,"minecraft:gold_ingot":2,"minecraft:mutton":16,"minecraft:bone_block":34,"minecraft:rail":5,"alexsmobs:kangaroo_meat":20,"minecraft:white_wool":6,"minecraft:stripped_oak_log":6,"rpgsmw:copper_paladin_armour_helmet":1,"minecraft:golden_carrot":20,"minecraft:leather":16,"minecraft:yellow_dye":1,"minecraft:oak_log":130,"minecraft:yellow_bed":2,"minecraft:gunpowder":11,"minecraft:cobblestone_stairs":3,"mowziesmobs:umvuthana_mask_rage":2,"alexsmobs:cockroach_wing_fragment":1,"minecraft:iron_ingot":10,"minecraft:stone_pickaxe":1,"epicsamurai:aquamarine":5,"mowziesmobs:umvuthana_mask_misery":2,"minecraft:acacia_sapling":2,"minecraft:book":12,"epicsamurai:onyx":12,"minecraft:polished_andesite_stairs":1,"minecraft:dandelion":2,"minecraft:dripstone_block":1,"minecraft:blast_furnace":6,"minecraft:white_bed":3,"minecraft:spruce_log":1,"minecraft:spider_eye":8,"alexsmobs:raw_catfish":2,"minecraft:stripped_jungle_wood":18,"mowziesmobs:umvuthana_mask_fear":2,"minecraft:coal":219},"minecraft:broken":{"spartanshields:stone_tower_shield":1,"iceandfire:silver_pickaxe":1,"minecraft:stone_pickaxe":4,"rpgsmw:steel_paladin_armour_helmet":1,"mowziesmobs:umvuthana_mask_bliss":1,"minecraft:iron_pickaxe":1},"minecraft:killed_by":{"minecraft:zombie_villager":1,"mowziesmobs:umvuthi":6,"minecraft:cave_spider":1,"mowziesmobs:umvuthana":1,"minecraft:zombie":6,"minecraft:husk":1,"minecraft:player":6,"minecraft:spider":2,"minecraft:iron_golem":1,"minecraft:skeleton":15,"epicsamurai:kitsune":1},"minecraft:used":{"alexsmobs:emu_egg":1,"minecraft:beetroot":6,"minecraft:chest":3,"minecraft:stripped_jungle_wood":15,"minecraft:rotten_flesh":55,"minecraft:mutton":8,"rpgsmw:steel_paladin_armour_chestplate":2,"minecraft:carrot":25,"minecraft:tuff":15,"rpgsmw:steel_paladin_armour_boots":1,"minecraft:lava_bucket":1,"rpgsmw:steel_sword":76,"minecraft:magma_block":1,"minecraft:bow":15,"minecraft:furnace":13,"minecraft:egg":3,"rpgsmw:steel_spear":547,"minecraft:potato":5,"alexsmobs:raw_catfish":1,"minecraft:diorite":10,"minecraft:oak_planks":5,"minecraft:stone_pickaxe":752,"epicsamurai:green_samurai_boots":1,"rpgsmw:stone_spear":70,"minecraft:wooden_pickaxe":23,"minecraft:blast_furnace":6,"spartanshields:stone_tower_shield":59,"iceandfire:silver_axe":199,"minecraft:redstone_torch":5,"iceandfire:silver_pickaxe":913,"rpgsmw:steel_greatsword":177,"minecraft:melon_slice":4,"minecraft:bread":105,"minecraft:cyan_bed":1,"rpgsmw:steel_paladin_armour_leggings":2,"minecraft:andesite":40,"minecraft:oak_boat":4,"minecraft:bone_meal":7,"rpgsmw:stone_greatsword":50,"minecraft:stone_sword":40,"minecraft:acacia_log":10,"minecraft:netherrack":4,"simpletomb:grave_key":55,"minecraft:torch":588,"minecraft:dirt":387,"alexsmobs:cooked_kangaroo_meat":2,"minecraft:granite":4,"minecraft:wooden_axe":9,"rpgsmw:iron_greatsword":87,"minecraft:barrel":2,"rpgsmw:steel_paladin_armour_helmet":2,"rpgsmw:iron_spear":56,"minecraft:beef":8,"spartanshields:silver_tower_shield":20,"minecraft:cooked_beef":1,"minecraft:cobbled_deepslate":173,"minecraft:acacia_planks":10,"minecraft:light_gray_bed":2,"minecraft:cooked_mutton":6,"minecraft:water_bucket":68,"minecraft:red_bed":1,"minecraft:crafting_table":26,"minecraft:white_bed":3,"minecraft:smoker":1,"minecraft:chicken":4,"alexsmobs:kangaroo_meat":9,"minecraft:iron_pickaxe":249,"spartanshields:copper_tower_shield":50,"minecraft:stone_axe":115,"minecraft:cobblestone":372,"minecraft:porkchop":7,"minecraft:cooked_porkchop":16,"minecraft:bucket":70,"minecraft:pumpkin_pie":5,"minecraft:yellow_bed":1,"iceandfire:silver_shovel":271},"minecraft:custom":{"minecraft:interact_with_crafting_table":140,"minecraft:open_barrel":23,"minecraft:leave_game":10,"minecraft:time_since_death":19732,"minecraft:damage_resisted":4663,"minecraft:sprint_one_cm":1360686,"minecraft:damage_blocked_by_shield":4698,"minecraft:drop":133,"minecraft:play_noteblock":3,"minecraft:talked_to_villager":12,"minecraft:play_time":687065,"minecraft:deaths":53,"minecraft:jump":11353,"minecraft:walk_on_water_one_cm":168208,"minecraft:interact_with_furnace":113,"minecraft:sleep_in_bed":20,"minecraft:waystone_activated":1,"minecraft:damage_dealt":57860,"minecraft:player_kills":6,"minecraft:crouch_one_cm":12060,"minecraft:mob_kills":342,"minecraft:damage_dealt_resisted":125,"minecraft:climb_one_cm":8814,"minecraft:walk_one_cm":2025725,"minecraft:sneak_time":6965,"minecraft:walk_under_water_one_cm":99024,"minecraft:boat_one_cm":17419,"minecraft:interact_with_blast_furnace":136,"minecraft:total_world_time":687065,"spartanshields:shield_bash_hits":9,"minecraft:tune_noteblock":27,"minecraft:interact_with_stonecutter":1,"minecraft:time_since_rest":19765,"minecraft:damage_taken":28386,"minecraft:swim_one_cm":58593,"minecraft:fly_one_cm":1852228,"minecraft:open_chest":179,"minecraft:fall_one_cm":396434},"minecraft:mined":{"minecraft:dark_oak_planks":3,"minecraft:spruce_planks":8,"minecraft:white_bed":2,"minecraft:cobblestone_stairs":3,"minecraft:jungle_leaves":1,"minecraft:spruce_trapdoor":1,"minecraft:granite":23,"minecraft:acacia_log":41,"minecraft:grass_block":290,"minecraft:jungle_log":100,"minecraft:light_gray_bed":1,"minecraft:spawner":5,"epicsamurai:deepslate_jade_ore":20,"minecraft:magma_block":5,"minecraft:iron_ore":93,"minecraft:cobbled_deepslate":2,"minecraft:deepslate_lapis_ore":11,"minecraft:dirt_path":1,"minecraft:quartz_slab":1,"minecraft:oak_stairs":2,"epicsamurai:deepslate_silver_ore":32,"minecraft:waxed_cut_copper_stairs":1,"minecraft:deepslate_redstone_ore":49,"minecraft:red_bed":1,"minecraft:clay":5,"minecraft:torch":18,"minecraft:note_block":1,"minecraft:blast_furnace":6,"minecraft:poppy":1,"minecraft:polished_andesite_stairs":1,"minecraft:chest":3,"minecraft:cobblestone":13,"minecraft:cyan_bed":1,"minecraft:oak_planks":25,"minecraft:wall_torch":19,"minecraft:wheat":2,"minecraft:grass":95,"minecraft:oak_log":124,"minecraft:dirt":92,"minecraft:stripped_birch_wood":6,"minecraft:netherrack":4,"minecraft:oak_leaves":7,"minecraft:deepslate":341,"minecraft:tuff":45,"iceandfire:silver_ore":29,"minecraft:mossy_cobblestone":1,"epicsamurai:deepslate_onyx_ore":5,"minecraft:deepslate_diamond_ore":1,"minecraft:dark_oak_fence":1,"epicsamurai:deepslate_ruby_ore":13,"minecraft:spruce_fence":1,"minecraft:stripped_jungle_wood":18,"iceandfire:deepslate_silver_ore":2,"minecraft:mangrove_trapdoor":1,"minecraft:hay_block":38,"minecraft:redstone_ore":20,"minecraft:furnace":3,"minecraft:carrots":3,"minecraft:andesite":57,"minecraft:bookshelf":4,"minecraft:shroomlight":1,"minecraft:potatoes":2,"minecraft:deepslate_iron_ore":78,"minecraft:vine":23,"minecraft:rail":1,"minecraft:stripped_oak_log":6,"minecraft:bone_block":33,"minecraft:stone":607,"minecraft:acacia_leaves":7,"minecraft:glass_pane":1,"minecraft:dandelion":3,"epicsamurai:deepslate_aquamarine_ore":4,"minecraft:crafting_table":14,"minecraft:cornflower":12,"minecraft:campfire":4,"minecraft:tall_grass":11,"minecraft:copper_ore":51,"minecraft:lapis_ore":6,"minecraft:deepslate_gold_ore":35,"minecraft:diorite":50,"rpgsmw:mineral_ore":4,"minecraft:spruce_log":1,"minecraft:yellow_bed":1,"minecraft:coal_ore":219,"minecraft:cobweb":36,"minecraft:polished_andesite":1,"minecraft:gold_ore":14,"epicsamurai:ruby_ore":3,"minecraft:fern":2},"minecraft:killed":{"minecraft:cave_spider":2,"minecraft:witch":1,"minecraft:spider":14,"minecraft:skeleton":47,"minecraft:chicken":5,"mowziesmobs:umvuthana_crane":9,"alexsmobs:kangaroo":13,"epicsamurai:enenra":3,"minecraft:pig":15,"epicsamurai:kitsune":8,"minecraft:creeper":9,"minecraft:sheep":6,"minecraft:zombie":107,"mowziesmobs:umvuthana_raptor":1,"minecraft:cow":8,"alexsmobs:raccoon":2,"epicsamurai:onibi":14,"minecraft:phantom":1,"minecraft:horse":7,"mowziesmobs:umvuthana":23,"minecraft:husk":1,"minecraft:bat":1,"minecraft:frog":1,"mowziesmobs:umvuthana_follower_raptor":4,"alexsmobs:rhinoceros":1,"minecraft:hoglin":3,"alexsmobs:catfish":1,"alexsmobs:gazelle":1,"minecraft:wither_skeleton":5},"minecraft:dropped":{"rpgsmw:stone_spear":2,"minecraft:stripped_birch_wood":1,"rpgsmw:copper_paladin_armour_helmet":1,"minecraft:rail":5,"minecraft:dirt":14,"minecraft:dark_oak_fence":1,"minecraft:yellow_dye":2,"minecraft:mutton":2,"epicsamurai:jade":11,"minecraft:dark_oak_planks":2,"minecraft:note_block":1,"minecraft:waxed_cut_copper_stairs":3,"mowziesmobs:umvuthana_mask_rage":1,"minecraft:cobbled_deepslate":10,"minecraft:wheat":1,"minecraft:pointed_dripstone":9,"minecraft:beetroot":6,"minecraft:rotten_flesh":11,"minecraft:cooked_mutton":1,"minecraft:poppy":1,"rpgsmw:iron_greatsword":3,"minecraft:jungle_log":4,"minecraft:acacia_sapling":1,"minecraft:beef":2,"minecraft:egg":2,"minecraft:bread":2,"minecraft:wheat_seeds":11,"simpletomb:grave_key":1,"minecraft:cobblestone":12,"rpgsmw:stone_greatsword":3,"minecraft:granite":7,"minecraft:stick":10,"minecraft:polished_andesite":2,"minecraft:blue_dye":3,"rpgsmw:steel_spear":1,"minecraft:diorite":2,"minecraft:torch":1,"minecraft:fire_charge":1,"minecraft:polished_andesite_stairs":1,"minecraft:red_dye":2,"minecraft:acacia_planks":8,"minecraft:raw_copper":11,"minecraft:blast_furnace":1,"mowziesmobs:umvuthana_mask_misery":1,"minecraft:spruce_planks":7,"minecraft:spruce_trapdoor":2,"minecraft:andesite":20,"minecraft:yellow_bed":1,"minecraft:golden_sword":2,"minecraft:spider_eye":4,"rpgsmw:iron_knife":1,"minecraft:stone_pickaxe":1,"minecraft:wooden_pickaxe":2,"minecraft:calcite":3},"minecraft:crafted":{"rpgsmw:blue_fabric":15,"minecraft:oak_planks":444,"minecraft:smooth_stone":3,"rpgsmw:steel_paladin_armour_chestplate":3,"epicsamurai:silver_ingot":13,"minecraft:barrel":2,"spartanshields:wooden_tower_shield":4,"minecraft:cooked_chicken":1,"iceandfire:silver_shovel":1,"minecraft:stone":5,"rpgsmw:steelnugget":9,"minecraft:cooked_mutton":7,"rpgsmw:steel_sword":2,"rpgsmw:copper_paladin_armour_helmet":1,"epicsamurai:red_samurai_leggings":1,"rpgsmw:steel_paladin_armour_leggings":3,"minecraft:chest":2,"rpgsmw:steel_ring":3,"rpgsmw:steel_greatsword":2,"rpgsmw:woodenfiber":16,"rpgsmw:steelrainforcedstick":4,"rpgsmw:steel_spear":2,"minecraft:smoker":1,"iceandfire:silver_axe":1,"minecraft:oak_slab":6,"minecraft:cooked_porkchop":24,"minecraft:crafting_table":12,"minecraft:spruce_planks":4,"minecraft:wooden_pickaxe":6,"epicsamurai:green_samurai_boots":1,"minecraft:copper_ingot":24,"rpgsmw:stone_greatsword":1,"spartanshields:silver_tower_shield":2,"epicsamurai:steel_nugget":18,"minecraft:yellow_dye":1,"minecraft:stick":292,"minecraft:iron_ingot":179,"minecraft:iron_pickaxe":2,"minecraft:iron_block":4,"minecraft:stone_sword":2,"minecraft:gold_ingot":10,"minecraft:redstone_torch":4,"rpgsmw:steel_paladin_armour_boots":3,"minecraft:furnace":12,"minecraft:blast_furnace":1,"minecraft:bone_meal":9,"rpgsmw:iron_knife":1,"spartanshields:stone_tower_shield":1,"rpgsmw:iron_greatsword":1,"rpgsmw:steel_paladin_armour_helmet":3,"minecraft:leather":5,"spartanshields:copper_tower_shield":1,"minecraft:stone_pickaxe":7,"minecraft:wheat":342,"rpgsmw:fabric":16,"minecraft:cooked_beef":1,"minecraft:red_dye":1,"rpgsmw:gold_paladin_ring":1,"rpgsmw:steel_paladin_ring":3,"iceandfire:silver_ingot":12,"rpgsmw:stone_spear":1,"rpgsmw:steel":9,"alexsmobs:cooked_kangaroo_meat":11,"rpgsmw:iron_spear":1,"minecraft:bucket":2,"minecraft:stone_axe":1,"minecraft:bread":114,"minecraft:jungle_planks":200,"minecraft:blue_dye":17,"minecraft:oak_boat":3,"minecraft:gold_nugget":9,"rpgsmw:gold_ring":1,"minecraft:wooden_axe":1,"rpgsmw:copper_paladin_armour_boots":1,"epicsamurai:steel_ingot":100,"minecraft:acacia_planks":100,"minecraft:torch":580,"iceandfire:silver_pickaxe":3}},"DataVersion":3120}