{"stats":{"minecraft:picked_up":{"minecraft:chainmail_boots":1,"minecraft:redstone_block":2,"illagerinvasion:platinum_chunk":3,"minecraft:anvil":1,"securitycraft:laser_block":1,"minecraft:diamond_sword":2,"alexscaves:cave_tablet":6,"enemyexpansion:wasp_thorax":1,"minecraft:wither_rose":1,"minecraft:potion":2,"iceandfire:armor_silver_metal_chestplate":1,"iceandfire:manuscript":120,"minecraft:string":20,"minecraft:dark_oak_trapdoor":1,"minecraft:soul_soil":4,"minecraft:raw_copper":33,"minecraft:iron_leggings":1,"minecraft:tnt_minecart":8,"minecraft:gold_nugget":47,"minecraft:cobbled_deepslate":120,"earthmobsmod:duck_egg":3,"minecraft:spruce_planks":11,"minecraft:azalea":1,"hangglider:hang_glider":1,"iceandfire:ghost_sword":1,"minecraft:iron_boots":1,"minecraft:furnace":1,"minecraft:stick":5,"ecologics:walnut_log":8,"minecraft:torch":36,"iceandfire:dragonscales_white":27,"minecraft:porkchop":6,"iceandfire:lightning_dragon_flesh":3,"tombstone:grave_dust":18,"minecraft:diorite":4,"born_in_chaos_v1:nightmare_claw":1,"minecraft:brown_carpet":1,"minecraft:rotten_flesh":34,"ecologics:coconut_log":18,"iceandfire:fire_dragon_heart":1,"minecraft:carved_pumpkin":2,"supplementaries:ash":28,"minecraft:waxed_cut_copper":3,"minecraft:blaze_rod":39,"minecraft:obsidian":5,"minecraft:iron_bars":5,"minecraft:cobblestone":245,"minecraft:magma_block":1,"minecraft:cooked_beef":3,"minecraft:andesite":2,"ecologics:coconut_planks":4,"minecraft:black_bed":2,"minecraft:potato":1,"alexsmobs:bear_fur":3,"minecraft:flint":55,"supplementaries:flax_seeds":7,"minecraft:wither_skeleton_skull":2,"minecraft:lapis_lazuli":10,"minecraft:dirt":264,"minecraft:lantern":1,"born_in_chaos_v1:monster_skin":4,"securitycraft:reinforced_stone_button":18,"stalwart_dungeons:blaze_armor_scrap":18,"minecraft:bone":77,"minecraft:acacia_planks":2,"minecraft:wheat_seeds":4,"minecraft:raw_gold":15,"minecraft:mossy_stone_bricks":2,"minecraft:oak_planks":73,"minecraft:black_terracotta":2,"naturalist:cattail_fluff":1,"earthmobsmod:harder_flesh":4,"iceandfire:dragon_skull_fire":1,"minecraft:sand":83,"minecraft:stripped_spruce_log":18,"iceandfire:stymphalian_bird_feather":41,"iceandfire:lightning_dragon_heart":1,"undead_revamp2:acidsack":1,"alexsmobs:animal_dictionary":1,"minecraft:dark_prismarine":2,"minecraft:dark_prismarine_slab":1,"minecraft:diamond":9,"iceandfire:dragonbone_sword_fire":1,"minecraft:golden_apple":2,"minecraft:bread":8,"minecraft:emerald":8,"minecraft:oak_sapling":7,"minecraft:netherrack":38,"minecraft:dark_oak_fence":1,"iceandfire:silver_nugget":168,"minecraft:charcoal":8,"undead_revamp2:bostroxingot":3,"minecraft:waxed_oxidized_cut_copper":13,"iceandfire:dragon_skull_lightning":1,"luminousworld:groundpebbles_1":4,"minecraft:mud":3,"minecraft:crafting_table":4,"iceandfire:witherbone":4,"minecraft:nether_wart":3,"minecraft:brown_mushroom":4,"stalwart_dungeons:soul_bricks":10,"minecraft:chain":2,"minecraft:heavy_weighted_pressure_plate":1,"minecraft:red_bed":8,"minecraft:moss_carpet":11,"alexsmobs:pigshoes":1,"undead_revamp2:bostroxset_chestplate":1,"minecraft:item_frame":5,"iceandfire:ghost_ingot":1,"iceandfire:bestiary":3,"minecraft:cracked_stone_bricks":9,"iceandfire:graveyard_soil":9,"iceandfire:hydra_fang":3,"minecraft:beef":6,"minecraft:player_head":2,"minecraft:iron_nugget":30,"minecraft:spruce_slab":2,"minecraft:tinted_glass":11,"minecraft:chest":2,"minecraft:birch_sapling":1,"minecraft:spruce_trapdoor":4,"iceandfire:ice_dragon_heart":1,"minecraft:raw_iron":57,"luminousworld:spuds":1,"iceandfire:dragonbone":44,"iceandfire:dragonscales_green":16,"minecraft:stone":2,"minecraft:oak_door":2,"minecraft:copper_ingot":12,"sophisticatedbackpacks:backpack":2,"minecraft:amethyst_cluster":1,"minecraft:note_block":5,"minecraft:polished_blackstone_bricks":2,"minecraft:cookie":5,"born_in_chaos_v1:pieceofdarkmetal":3,"minecraft:redstone":51,"minecraft:blue_carpet":2,"minecraft:dark_oak_planks":30,"iceandfire:dragon_skull_ice":8,"minecraft:arrow":69,"iceandfire:cyclops_eye":1,"stalwart_dungeons:raw_tungsten":7,"minecraft:deepslate_bricks":8,"minecraft:hay_block":41,"minecraft:stripped_dark_oak_wood":26,"minecraft:gold_ingot":4,"tombstone:essence_of_undeath":1,"minecraft:stripped_oak_log":8,"minecraft:glow_berries":37,"undead_revamp2:wincallerfan":1,"minecraft:rail":6,"minecraft:mutton":9,"minecraft:skeleton_skull":1,"minecraft:white_wool":8,"born_in_chaos_v1:fused_bone":2,"born_in_chaos_v1:corpse_maggot":1,"born_in_chaos_v1:monster_flesh":1,"minecraft:mud_bricks":29,"iceandfire:sea_serpent_fang":4,"minecraft:leather":9,"minecraft:packed_mud":8,"minecraft:oak_log":99,"iceandfire:ectoplasm":2,"iceandfire:hydra_heart":1,"minecraft:gunpowder":18,"iceandfire:dragonscales_blue":15,"minecraft:paper":2,"minecraft:cooked_mutton":12,"minecraft:red_carpet":4,"minecraft:gray_carpet":9,"minecraft:apple":1,"minecraft:stone_bricks":14,"minecraft:iron_ingot":60,"minecraft:cobweb":9,"tombstone:bag_of_seeds":1,"minecraft:glass_bottle":1,"minecraft:dark_oak_stairs":3,"minecraft:flowering_azalea":4,"iceandfire:fire_dragon_flesh":1,"minecraft:book":81,"minecraft:scaffolding":3,"iceandfire:copper_nugget":20,"minecraft:dark_oak_slab":1,"luminousworld:clovers_1":1,"iceandfire:ash":3,"minecraft:stone_brick_slab":1,"minecraft:red_wool":4,"minecraft:quartz":4,"minecraft:gravel":180,"stalwart_dungeons:soul_tiles":9,"minecraft:spruce_sapling":1,"minecraft:mud_brick_wall":1,"minecraft:spruce_log":15,"minecraft:white_bed":3,"minecraft:crying_obsidian":3,"iceandfire:dragonscales_copper":26,"iceandfire:sea_serpent_scales_red":5,"minecraft:diamond_axe":2,"iceandfire:ice_dragon_flesh":2,"minecraft:waxed_oxidized_cut_copper_slab":4,"tombstone:magic_scroll":4,"minecraft:coal":191},"minecraft:used":{"minecraft:moss_carpet":2,"iceandfire:ghost_sword":287,"iceandfire:dragon_skull_ice":1,"minecraft:shield":46,"ecologics:coconut_planks":72,"minecraft:iron_chestplate":3,"securitycraft:keypad_item":1,"stalwart_dungeons:tungsten_pickaxe":55,"ironchest:iron_chest":1,"minecraft:lantern":1,"minecraft:red_carpet":1,"minecraft:bow":14,"minecraft:hay_block":3,"minecraft:furnace":9,"securitycraft:laser_block":1,"iceandfire:armor_green_leggings":1,"minecraft:diorite":2,"minecraft:diamond_boots":1,"minecraft:oak_planks":105,"iceandfire:armor_green_helmet":1,"iceandfire:armor_blue_helmet":1,"minecraft:wooden_pickaxe":35,"minecraft:diamond_axe":297,"minecraft:golden_apple":41,"minecraft:glow_berries":8,"stalwart_dungeons:soul_bricks":12,"undead_revamp2:bostroxset_chestplate":21,"securitycraft:universal_block_remover":2,"iceandfire:silver_axe":40,"minecraft:black_bed":2,"endrem:corrupted_eye":1,"iceandfire:silver_pickaxe":455,"earthmobsmod:duck_egg":1,"iceandfire:dragonbone_sword":227,"minecraft:bread":99,"minecraft:diamond_sword":118,"minecraft:andesite":2,"minecraft:dark_oak_fence":2,"minecraft:chain":1,"minecraft:smithing_table":1,"minecraft:cobweb":6,"minecraft:iron_bars":3,"minecraft:enchanting_table":1,"iceandfire:silver_sword":194,"minecraft:flint_and_steel":8,"minecraft:tinted_glass":9,"minecraft:spruce_planks":47,"minecraft:netherrack":37,"minecraft:stick":1,"minecraft:oak_door":3,"minecraft:torch":208,"minecraft:dirt":240,"minecraft:anvil":1,"minecraft:diamond_helmet":1,"minecraft:dark_oak_planks":102,"minecraft:chipped_anvil":1,"minecraft:bookshelf":19,"minecraft:iron_boots":3,"minecraft:mud_bricks":21,"minecraft:barrel":1,"iceandfire:armor_blue_boots":1,"minecraft:diamond_chestplate":1,"minecraft:golden_carrot":9,"securitycraft:dirt_mine":2,"ironchest:gold_chest":1,"securitycraft:bouncing_betty":1,"minecraft:soul_soil":4,"iceandfire:armor_green_boots":1,"tombstone:gift":1,"minecraft:cooked_beef":6,"minecraft:cobbled_deepslate":77,"minecraft:iron_leggings":1,"minecraft:water_bucket":71,"undead_revamp2:wincallerfan":3,"minecraft:deepslate_bricks":8,"minecraft:crafting_table":20,"minecraft:red_bed":9,"minecraft:white_bed":6,"iceandfire:armor_silver_metal_chestplate":19,"minecraft:amethyst_cluster":1,"minecraft:oak_log":18,"iceandfire:dragonbone_sword_fire":399,"minecraft:iron_pickaxe":248,"minecraft:stone_axe":102,"minecraft:enchanted_book":1,"stalwart_dungeons:soul_tiles":9,"minecraft:cobblestone":24,"minecraft:bucket":72,"minecraft:cooked_porkchop":3,"minecraft:stripped_oak_log":2,"iceandfire:silver_shovel":439,"iceandfire:armor_copper_leggings":1,"minecraft:diamond_leggings":1},"minecraft:broken":{"minecraft:diamond_helmet":2,"minecraft:iron_boots":1,"iceandfire:silver_pickaxe":1,"iceandfire:armor_green_leggings":1,"minecraft:chainmail_boots":2,"minecraft:golden_leggings":1,"minecraft:diamond_boots":1,"iceandfire:armor_green_helmet":1,"minecraft:diamond_chestplate":2,"iceandfire:armor_green_boots":1,"minecraft:diamond_leggings":1,"minecraft:shield":1,"minecraft:iron_pickaxe":1},"minecraft:killed":{"minecraft:witch":1,"enemyexpansion:equestrian":1,"luminousworld:frost_bitten_skeleton":1,"undead_revamp2:thesmoker":2,"iceandfire:stymphalian_bird":8,"born_in_chaos_v1:siamese_skeletonsright":1,"born_in_chaos_v1:baby_skeleton_minion":1,"undead_revamp2:theswarmer":2,"minecraft:skeleton":38,"born_in_chaos_v1:skeleton_thrasher":1,"undead_revamp2:therod":2,"minecraft:piglin_brute":4,"undead_revamp2:thespitter":1,"minecraft:piglin":4,"minecraft:pig":2,"alexsmobs:grizzly_bear":5,"naturalist:snake":1,"iceandfire:hydra":1,"minecraft:creeper":1,"minecraft:pillager":2,"minecraft:zombie":20,"stalwart_dungeons:incomplete_wither":7,"enemyexpansion:vampire":1,"born_in_chaos_v1:corpse_fly":4,"enemyexpansion:botfly":6,"iceandfire:lightning_dragon":1,"born_in_chaos_v1:siamese_skeletonsleft":1,"enemyexpansion:wasp":1,"iceandfire:sea_serpent":1,"minecraft:cow":2,"undead_revamp2:thegliter":2,"takesapillage:legioner":1,"enemyexpansion:intruder":1,"illagerinvasion:marauder":1,"undead_revamp2:bomber":1,"enemyexpansion:direwolf":1,"born_in_chaos_v1:zombie_bruiser":1,"born_in_chaos_v1:maggot":10,"creeperoverhaul:snowy_creeper":1,"luminousworld:swamp_skeleton":5,"undead_revamp2:thebidy":1,"endermanoverhaul:soulsand_valley_enderman":1,"undead_revamp2:sucker":1,"born_in_chaos_v1:barrel_zombie":1,"earthmobsmod:bouldering_zombie":1,"iceandfire:cyclops":1,"born_in_chaos_v1:baby_skeleton":1,"stalwart_dungeons:reinforced_blaze":21,"born_in_chaos_v1:swarmer":1,"takesapillage:skirmisher":1,"enemyexpansion:sprinter":2,"minecraft:ravager":1,"born_in_chaos_v1:decrepit_skeleton":2,"undead_revamp2:thesomnolence":1,"luminousworld:swamp_zombie":9,"iceandfire:ghost":7,"enemyexpansion:huntsman":1,"born_in_chaos_v1:nightmare_stalker":1,"iceandfire:ice_dragon":1,"minecraft:wither_skeleton":9,"enemyexpansion:slugger":2},"minecraft:custom":{"minecraft:interact_with_crafting_table":113,"minecraft:open_barrel":35,"minecraft:leave_game":21,"minecraft:time_since_death":113185,"minecraft:damage_resisted":1633,"minecraft:sprint_one_cm":695162,"minecraft:damage_blocked_by_shield":2530,"minecraft:drop":293,"minecraft:play_noteblock":3,"minecraft:play_time":497668,"minecraft:deaths":67,"tombstone:tomb_raiding":1,"minecraft:interact_with_brewingstand":3,"minecraft:jump":5428,"minecraft:walk_on_water_one_cm":159387,"minecraft:enchant_item":6,"minecraft:interact_with_furnace":80,"minecraft:interact_with_loom":2,"minecraft:sleep_in_bed":17,"tombstone:sneak_grave":1,"minecraft:damage_dealt":66590,"minecraft:player_kills":3,"minecraft:crouch_one_cm":14155,"tombstone:undead_killed":126,"minecraft:interact_with_smithing_table":4,"minecraft:interact_with_smoker":4,"minecraft:interact_with_anvil":14,"minecraft:mob_kills":242,"minecraft:inspect_hopper":1,"minecraft:interact_with_campfire":4,"minecraft:damage_dealt_resisted":1480,"minecraft:climb_one_cm":48154,"minecraft:walk_one_cm":1612837,"minecraft:sneak_time":8200,"minecraft:walk_under_water_one_cm":86736,"minecraft:interact_with_blast_furnace":2,"minecraft:total_world_time":497668,"tombstone:raider_killed":7,"minecraft:tune_noteblock":4,"minecraft:time_since_rest":40477,"minecraft:damage_taken":41149,"minecraft:damage_absorbed":1497,"minecraft:trigger_trapped_chest":7,"minecraft:swim_one_cm":55568,"minecraft:fly_one_cm":1407888,"minecraft:open_chest":165,"minecraft:fall_one_cm":131331},"minecraft:killed_by":{"minecraft:wither_skeleton":8,"minecraft:piglin_brute":1,"minecraft:vindicator":1,"minecraft:zombie":8,"undead_revamp2:thegliter":1,"takesapillage:legioner":3,"iceandfire:hydra":24,"takesapillage:archer":2,"mutantmonsters:mutant_skeleton":1,"minecraft:skeleton":10,"iceandfire:lightning_dragon":2,"born_in_chaos_v1:dread_hound":1,"iceandfire:troll":2},"minecraft:dropped":{"minecraft:brown_mushroom":2,"minecraft:diamond_axe":1,"artifacts:shock_pendant":1,"minecraft:dark_oak_slab":1,"minecraft:cookie":5,"minecraft:glow_berries":36,"iceandfire:ice_dragon_flesh":1,"iceandfire:fire_dragon_flesh":1,"minecraft:red_wool":1,"iceandfire:ectoplasm":1,"minecraft:cracked_stone_bricks":6,"minecraft:rail":2,"minecraft:flint":51,"minecraft:red_carpet":3,"minecraft:item_frame":5,"sophisticatedbackpacks:gold_backpack":1,"minecraft:packed_mud":8,"minecraft:tnt_minecart":6,"minecraft:chain":1,"minecraft:gold_nugget":18,"iceandfire:ash":3,"minecraft:sand":2,"minecraft:dark_oak_planks":2,"luminousworld:clovers_1":1,"minecraft:bone":3,"minecraft:oak_door":1,"minecraft:gravel":132,"minecraft:note_block":2,"minecraft:stone_axe":1,"iceandfire:ghost_sword":1,"hangglider:hang_glider":1,"minecraft:iron_nugget":30,"minecraft:cobbled_deepslate":19,"alexsmobs:animal_dictionary":2,"alexscaves:cave_tablet":12,"minecraft:obsidian":1,"minecraft:rotten_flesh":4,"artifacts:villager_hat":1,"minecraft:oak_planks":40,"minecraft:cooked_mutton":9,"minecraft:waxed_oxidized_cut_copper_slab":2,"supplementaries:flax_seeds":6,"minecraft:turtle_helmet":1,"minecraft:heavy_weighted_pressure_plate":2,"minecraft:skeleton_skull":1,"minecraft:azalea":1,"iceandfire:bestiary":3,"minecraft:spruce_slab":1,"minecraft:iron_bars":2,"minecraft:arrow":14,"minecraft:scaffolding":2,"minecraft:netherrack":1,"iceandfire:manuscript":120,"minecraft:iron_ingot":11,"minecraft:bread":6,"minecraft:stripped_spruce_log":8,"minecraft:wheat_seeds":1,"minecraft:cobblestone":50,"minecraft:coal":1,"minecraft:golden_apple":47,"minecraft:stick":5,"minecraft:cobweb":10,"stalwart_dungeons:blaze_armor_scrap":5,"stalwart_dungeons:soul_bricks":1,"minecraft:mud_brick_wall":1,"minecraft:diorite":2,"iceandfire:armor_silver_metal_chestplate":1,"tombstone:grave_dust":1,"minecraft:potion":1,"minecraft:flowering_azalea":4,"minecraft:paper":4,"minecraft:string":5,"earthmobsmod:duck_egg":1,"iceandfire:dragon_skull_fire":1,"minecraft:spruce_sapling":1,"minecraft:stone_brick_slab":1,"minecraft:redstone":2,"iceandfire:silver_nugget":6,"securitycraft:mine":4,"minecraft:moss_carpet":9,"minecraft:player_head":1,"minecraft:blaze_rod":7,"minecraft:raw_copper":19,"iceandfire:dragonbone_sword_fire":2,"iceandfire:dragon_skull_ice":5,"minecraft:diamond_sword":2,"minecraft:mud_bricks":2,"minecraft:spruce_planks":5,"minecraft:spruce_trapdoor":2,"minecraft:bundle":2,"artifacts:steadfast_spikes":1,"minecraft:mossy_stone_bricks":1,"minecraft:golden_leggings":1,"minecraft:oak_sapling":1,"minecraft:waxed_oxidized_cut_copper":8,"minecraft:carved_pumpkin":2,"artifacts:pickaxe_heater":1,"artifacts:onion_ring":1,"minecraft:stone_bricks":9,"minecraft:wooden_pickaxe":1,"stalwart_dungeons:raw_tungsten":9},"minecraft:mined":{"minecraft:dark_oak_planks":24,"minecraft:blue_carpet":2,"securitycraft:mine":1,"minecraft:spruce_planks":7,"minecraft:white_bed":3,"iceandfire:graveyard_soil":9,"minecraft:black_terracotta":2,"minecraft:spruce_trapdoor":2,"minecraft:carved_pumpkin":1,"minecraft:cave_vines_plant":4,"minecraft:grass_block":165,"minecraft:deepslate_bricks":9,"minecraft:soul_soil":2,"minecraft:mud_bricks":31,"minecraft:mud_brick_wall":1,"minecraft:spawner":10,"minecraft:nether_wart":1,"minecraft:polished_blackstone_bricks":1,"minecraft:dark_oak_trapdoor":2,"minecraft:iron_ore":8,"minecraft:fire":26,"minecraft:cobbled_deepslate":2,"minecraft:moss_carpet":1,"minecraft:anvil":1,"minecraft:deepslate_lapis_ore":2,"minecraft:stripped_dark_oak_wood":26,"minecraft:dark_oak_stairs":3,"minecraft:green_stained_glass":2,"minecraft:iron_bars":4,"stalwart_dungeons:soul_magma_bricks":2,"ecologics:walnut_log":8,"minecraft:spruce_slab":1,"minecraft:waxed_cut_copper_stairs":2,"minecraft:waxed_cut_copper":9,"minecraft:deepslate_redstone_ore":8,"minecraft:red_bed":8,"minecraft:soul_fire":2,"stalwart_dungeons:soul_tiles":10,"minecraft:torch":1,"minecraft:note_block":3,"minecraft:chest":1,"minecraft:nether_quartz_ore":4,"minecraft:cobblestone":6,"minecraft:oak_planks":36,"minecraft:deepslate_copper_ore":5,"minecraft:dark_oak_slab":1,"minecraft:mud":5,"minecraft:tinted_glass":10,"minecraft:waxed_oxidized_cut_copper_stairs":1,"minecraft:waxed_copper_block":1,"minecraft:black_bed":2,"minecraft:wither_rose":1,"minecraft:grass":22,"minecraft:oak_log":100,"minecraft:waxed_oxidized_copper":1,"minecraft:sand":86,"minecraft:dirt":151,"luminousworld:grassvariant_3":1,"stalwart_dungeons:pusher":5,"minecraft:deepslate":107,"born_in_chaos_v1:infernal_evil_pumpkin_s":1,"minecraft:yellow_stained_glass":3,"minecraft:oak_leaves":39,"minecraft:netherrack":36,"naturalist:cattail":1,"minecraft:dark_prismarine":2,"ecologics:coconut_planks":4,"luminousworld:grassvariant_4":3,"stalwart_dungeons:soul_bricks":11,"minecraft:deepslate_diamond_ore":10,"minecraft:oak_door":1,"minecraft:cyan_stained_glass":1,"iceandfire:frozen_cobblestone":1,"minecraft:glow_lichen":1,"minecraft:cobbled_deepslate_slab":1,"minecraft:dark_oak_fence":2,"minecraft:redstone_wire":3,"luminousworld:grassvariant_2":1,"ecologics:coconut_log":18,"minecraft:spruce_leaves":8,"minecraft:moss_block":3,"minecraft:hay_block":41,"minecraft:packed_mud":9,"minecraft:waxed_oxidized_cut_copper":9,"minecraft:furnace":1,"minecraft:waxed_oxidized_cut_copper_slab":1,"minecraft:stripped_spruce_log":10,"minecraft:bookshelf":29,"minecraft:deepslate_iron_ore":50,"minecraft:vine":3,"minecraft:rail":1,"minecraft:packed_ice":7,"minecraft:stripped_oak_log":9,"minecraft:stone":181,"minecraft:white_wool":3,"minecraft:mud_brick_slab":1,"minecraft:scaffolding":1,"minecraft:red_wool":4,"ecologics:thin_ice":1,"minecraft:crafting_table":4,"ecologics:walnut_leaves":1,"minecraft:rose_bush":1,"minecraft:campfire":4,"minecraft:copper_ore":5,"minecraft:tall_grass":6,"minecraft:deepslate_gold_ore":13,"minecraft:cracked_deepslate_bricks":5,"minecraft:sculk":1,"minecraft:diorite":1,"stalwart_dungeons:tungsten_ore":6,"supplementaries:urn":13,"naturalist:duckweed":2,"minecraft:ice":1,"minecraft:birch_leaves":2,"minecraft:spruce_log":15,"minecraft:dark_prismarine_slab":3,"minecraft:coal_ore":130,"iceandfire:silver_pile":26,"stalwart_dungeons:igniter":2,"minecraft:sunflower":2,"minecraft:gravel":56,"minecraft:gray_carpet":2,"minecraft:cobweb":21,"minecraft:cracked_stone_bricks":7,"minecraft:acacia_planks":2,"minecraft:stone_bricks":4,"minecraft:mossy_stone_bricks":2},"minecraft:crafted":{"securitycraft:mine":6,"minecraft:oak_planks":328,"minecraft:barrel":1,"iceandfire:armor_blue_helmet":1,"iceandfire:ghost_sword":1,"ecologics:walnut_planks":32,"hangglider:hang_glider":1,"iceandfire:silver_shovel":1,"minecraft:stone":81,"securitycraft:keypad_item":1,"minecraft:bookshelf":19,"minecraft:heavy_weighted_pressure_plate":3,"securitycraft:laser_block":1,"minecraft:glass":26,"iceandfire:armor_silver_metal_chestplate":1,"minecraft:diamond_helmet":2,"minecraft:bow":1,"minecraft:diamond_leggings":1,"minecraft:iron_boots":1,"sophisticatedbackpacks:copper_backpack":1,"iceandfire:armor_green_helmet":1,"stalwart_dungeons:tungsten_pickaxe":1,"minecraft:chest":3,"iceandfire:armor_blue_boots":1,"iceandfire:silver_axe":1,"minecraft:oak_slab":6,"sophisticatedbackpacks:backpack":1,"minecraft:cooked_porkchop":6,"minecraft:crafting_table":16,"minecraft:spruce_planks":88,"minecraft:wooden_pickaxe":1,"minecraft:iron_helmet":1,"minecraft:smithing_table":1,"minecraft:copper_ingot":9,"iceandfire:armor_copper_leggings":1,"minecraft:string":4,"minecraft:iron_chestplate":1,"minecraft:shield":1,"sophisticatedbackpacks:diamond_backpack":1,"minecraft:stick":96,"minecraft:iron_ingot":37,"iceandfire:armor_white_chestplate":1,"minecraft:gold_ingot":12,"iceandfire:silver_sword":1,"securitycraft:universal_block_reinforcer_lvl1":1,"minecraft:shears":1,"hangglider:glider_framework":1,"minecraft:oak_door":3,"iceandfire:armor_green_leggings":1,"ecologics:coconut_planks":68,"iceandfire:dragonbone_sword_fire":1,"minecraft:furnace":8,"minecraft:stone_button":18,"hangglider:glider_wing":2,"minecraft:glass_pane":16,"minecraft:leather":19,"securitycraft:universal_block_remover":1,"minecraft:diamond_boots":1,"minecraft:dark_oak_planks":104,"iceandfire:stymphalian_arrow":52,"sophisticatedbackpacks:iron_backpack":1,"minecraft:wheat":342,"stalwart_dungeons:tungsten_ingot":3,"minecraft:cooked_beef":6,"iceandfire:dragonbone_sword":2,"ironchest:gold_chest":1,"minecraft:diamond_sword":1,"iceandfire:silver_ingot":18,"minecraft:enchanting_table":1,"minecraft:red_bed":1,"sophisticatedbackpacks:gold_backpack":1,"minecraft:bucket":1,"minecraft:stone_axe":1,"minecraft:bread":114,"minecraft:air":0,"securitycraft:dirt_mine":2,"minecraft:white_wool":3,"minecraft:iron_leggings":1,"minecraft:white_bed":3,"minecraft:torch":180,"iceandfire:silver_pickaxe":1,"securitycraft:bouncing_betty":1,"ironchest:iron_chest":2,"iceandfire:armor_green_boots":1,"minecraft:diamond_chestplate":2}},"DataVersion":3465}