{"stats":{"minecraft:picked_up":{"minecraft:magma_block":5,"minecraft:charcoal":8,"minecraft:crafting_table":5,"minecraft:feather":5,"minecraft:potato":11,"minecraft:oak_log":4,"minecraft:dirt":49,"minecraft:raw_copper":74,"minecraft:item_frame":2,"minecraft:bone":5,"minecraft:bow":1,"minecraft:wheat_seeds":4,"minecraft:iron_ingot":2,"minecraft:calcite":2,"minecraft:oak_planks":2,"minecraft:acacia_sapling":1,"minecraft:spruce_trapdoor":2,"minecraft:book":12,"minecraft:polished_andesite_stairs":1,"minecraft:raw_iron":16,"minecraft:torch":1,"minecraft:acacia_log":11,"iceandfire:silver_ore":5,"minecraft:spruce_fence":1,"minecraft:note_block":1,"minecraft:blast_furnace":3,"minecraft:diorite":1,"minecraft:white_bed":1,"minecraft:spruce_log":1,"alexsmobs:animal_dictionary":1,"minecraft:mangrove_trapdoor":1,"minecraft:dark_oak_planks":3,"minecraft:waxed_cut_copper_stairs":2,"minecraft:polished_andesite":2,"minecraft:arrow":5,"minecraft:light_gray_bed":2,"minecraft:rotten_flesh":15,"minecraft:pumpkin_pie":3,"mowziesmobs:umvuthana_mask_bliss":1,"minecraft:bread":3,"minecraft:dark_oak_fence":2,"minecraft:coal":5,"minecraft:rail":2,"minecraft:cobblestone":31},"minecraft:killed_by":{"minecraft:husk":1,"minecraft:player":2,"minecraft:skeleton":3},"minecraft:used":{"rpgsmw:stone_greatsword":11,"minecraft:stone_sword":9,"minecraft:acacia_log":1,"minecraft:stone_pickaxe":82,"rpgsmw:stone_spear":70,"minecraft:wooden_pickaxe":4,"simpletomb:grave_key":6,"minecraft:torch":37,"minecraft:dirt":30,"minecraft:crafting_table":6,"minecraft:blast_furnace":2,"minecraft:carrot":12,"minecraft:white_bed":1,"spartanshields:stone_tower_shield":49,"minecraft:bread":3,"minecraft:iron_pickaxe":5,"rpgsmw:iron_spear":17,"minecraft:stone_axe":38,"minecraft:cobblestone":12,"minecraft:pumpkin_pie":4,"minecraft:acacia_planks":10,"minecraft:light_gray_bed":2},"minecraft:custom":{"spartanshields:shield_bash_hits":2,"minecraft:mob_kills":25,"minecraft:interact_with_crafting_table":13,"minecraft:tune_noteblock":24,"minecraft:open_barrel":4,"minecraft:damage_dealt_resisted":42,"minecraft:interact_with_stonecutter":1,"minecraft:time_since_death":6930,"minecraft:sleep_in_bed":3,"minecraft:climb_one_cm":1779,"minecraft:damage_resisted":405,"minecraft:time_since_rest":6957,"minecraft:sprint_one_cm":127276,"minecraft:damage_taken":2142,"minecraft:walk_one_cm":230672,"minecraft:damage_blocked_by_shield":2155,"minecraft:drop":12,"minecraft:damage_dealt":4703,"minecraft:play_noteblock":3,"minecraft:swim_one_cm":1234,"minecraft:fly_one_cm":139763,"minecraft:player_kills":4,"minecraft:open_chest":1,"minecraft:play_time":65306,"minecraft:crouch_one_cm":895,"minecraft:deaths":6,"minecraft:sneak_time":723,"minecraft:walk_under_water_one_cm":2773,"minecraft:jump":789,"minecraft:interact_with_blast_furnace":13,"minecraft:walk_on_water_one_cm":5779,"minecraft:total_world_time":65306,"minecraft:fall_one_cm":26250},"minecraft:mined":{"minecraft:waxed_cut_copper_stairs":1,"minecraft:dark_oak_planks":3,"minecraft:acacia_leaves":1,"minecraft:white_bed":1,"iceandfire:silver_ore":5,"minecraft:crafting_table":5,"minecraft:spruce_trapdoor":1,"minecraft:note_block":1,"minecraft:dark_oak_fence":1,"minecraft:acacia_log":11,"minecraft:blast_furnace":3,"minecraft:grass_block":14,"minecraft:spruce_fence":1,"minecraft:polished_andesite_stairs":1,"minecraft:light_gray_bed":1,"minecraft:campfire":4,"minecraft:copper_ore":21,"minecraft:tall_grass":2,"minecraft:mangrove_trapdoor":1,"minecraft:oak_planks":13,"minecraft:diorite":1,"minecraft:spawner":1,"minecraft:magma_block":5,"minecraft:iron_ore":11,"minecraft:spruce_log":1,"minecraft:grass":8,"minecraft:bookshelf":4,"minecraft:oak_log":4,"minecraft:coal_ore":5,"minecraft:rail":1,"minecraft:dirt":6,"minecraft:polished_andesite":1,"minecraft:stone":31,"minecraft:fern":1},"minecraft:killed":{"minecraft:husk":1,"minecraft:frog":1,"mowziesmobs:umvuthana_follower_raptor":4,"minecraft:skeleton":4,"minecraft:zombie":12,"mowziesmobs:umvuthana_raptor":1},"minecraft:crafted":{"minecraft:oak_planks":4,"minecraft:crafting_table":1,"rpgsmw:stone_spear":1,"minecraft:spruce_planks":4,"rpgsmw:iron_spear":1,"minecraft:wooden_pickaxe":1,"spartanshields:wooden_tower_shield":1,"rpgsmw:stone_greatsword":1,"minecraft:stone_axe":1,"spartanshields:stone_tower_shield":1,"minecraft:stick":36,"minecraft:iron_pickaxe":1,"minecraft:iron_ingot":4,"minecraft:stone_pickaxe":1,"minecraft:stone_sword":1,"minecraft:acacia_planks":40,"rpgsmw:woodenfiber":3,"minecraft:torch":52},"minecraft:dropped":{"minecraft:note_block":1,"minecraft:waxed_cut_copper_stairs":1,"minecraft:rotten_flesh":5,"minecraft:cobblestone":1,"minecraft:rail":1,"minecraft:polished_andesite":2,"minecraft:dark_oak_fence":1,"minecraft:spruce_trapdoor":2,"minecraft:polished_andesite_stairs":1,"minecraft:calcite":1}},"DataVersion":3120}