{"stats":{"minecraft:killed":{"alexsmobs:lobster":6,"born_in_chaos_v1:restless_spirit":4,"born_in_chaos_v1:zombie_lumberjack":1,"minecraft:spider":3,"undead_revamp2:thesmoker":2,"born_in_chaos_v1:baby_skeleton_minion":2,"minecraft:skeleton":2,"ecologics:coconut_crab":1,"luminousworld:charaxes":1,"born_in_chaos_v1:bonescaller":1,"born_in_chaos_v1:diamond_termite":5,"minecraft:creeper":1,"born_in_chaos_v1:zombie_fisherman":2,"luminousworld:savannah_skeleton":7,"minecraft:zombie":7,"born_in_chaos_v1:dread_hound":1,"born_in_chaos_v1:corpse_fly":50,"enemyexpansion:botfly":1,"born_in_chaos_v1:door_knight":1,"mowziesmobs:umvuthana_raptor":1,"born_in_chaos_v1:siamese_skeletonsleft":1,"undead_revamp2:theimmortal":6,"enemyexpansion:direwolf":2,"born_in_chaos_v1:zombie_bruiser":1,"born_in_chaos_v1:maggot":5,"luminousworld:swamp_skeleton":3,"undead_revamp2:sucker":4,"luminousworld:savannah_zombie":5,"undead_revamp2:the_moonflower":3,"mowziesmobs:umvuthana_follower_raptor":4,"born_in_chaos_v1:decrepit_skeleton":3,"undead_revamp2:thesomnolence":21,"naturalist:catfish":1,"luminousworld:swamp_zombie":2,"alexsmobs:gazelle":3,"born_in_chaos_v1:dark_vortex":1,"born_in_chaos_v1:nightmare_stalker":1,"creeperoverhaul:savannah_creeper":2},"minecraft:used":{"minecraft:moss_block":4,"stalwart_dungeons:iron_hammer":123,"naturalist:cooked_catfish":1,"minecraft:polished_basalt":7,"minecraft:chest":1,"minecraft:shield":78,"minecraft:iron_sword":162,"minecraft:rotten_flesh":36,"minecraft:iron_chestplate":1,"minecraft:honey_bottle":2,"born_in_chaos_v1:corpse_maggot":1,"minecraft:glass":3,"minecraft:stripped_dark_oak_wood":3,"minecraft:packed_mud":19,"minecraft:green_wool":4,"minecraft:dark_oak_slab":31,"minecraft:golden_sword":29,"iceandfire:earplugs":1,"minecraft:furnace":4,"minecraft:diorite":31,"minecraft:stone_pickaxe":301,"minecraft:ender_pearl":1,"minecraft:wooden_pickaxe":44,"luminousworld:groundpebbles_1":1,"minecraft:diamond_axe":130,"minecraft:clay":2,"minecraft:golden_apple":3,"minecraft:sand":1,"iceandfire:silver_pickaxe":28,"minecraft:black_terracotta":21,"iceandfire:armor_copper_metal_chestplate":2,"minecraft:acacia_door":1,"born_in_chaos_v1:monster_flesh":1,"ecologics:coconut_slice":10,"luminousworld:cooked_trout":1,"minecraft:andesite":45,"minecraft:stone_sword":138,"iceandfire:silver_sword":183,"iceandfire:armor_copper_metal_leggings":1,"minecraft:tropical_fish":1,"minecraft:stone_shovel":2,"minecraft:spruce_planks":71,"luminousworld:bao_bob_log":3,"vanillaplustools:stone_hammer":32,"minecraft:wooden_shovel":15,"born_in_chaos_v1:fried_maggot":31,"minecraft:torch":53,"iceandfire:armor_copper_metal_boots":1,"minecraft:dirt":6,"minecraft:granite":8,"minecraft:iron_hoe":1,"minecraft:dark_oak_planks":64,"minecraft:wooden_axe":129,"minecraft:mud_bricks":7,"luminousworld:savannah_soil":20,"iceandfire:armor_copper_metal_helmet":1,"tombstone:gift":8,"minecraft:acacia_planks":301,"minecraft:cobbled_deepslate":39,"minecraft:golden_axe":21,"minecraft:cooked_mutton":1,"minecraft:water_bucket":43,"luminousworld:ishstone":18,"minecraft:crafting_table":15,"quark:acacia_chest":3,"minecraft:mud":6,"minecraft:gray_terracotta":21,"minecraft:diamond_pickaxe":32,"minecraft:iron_pickaxe":3,"minecraft:suspicious_stew":1,"minecraft:stone_axe":88,"minecraft:fishing_rod":4,"minecraft:cobblestone":67,"minecraft:azalea_leaves":7,"minecraft:bucket":44,"alexsmobs:animal_dictionary":1},"minecraft:mined":{"minecraft:dark_oak_planks":8,"minecraft:spruce_planks":5,"minecraft:black_terracotta":21,"minecraft:granite":29,"minecraft:acacia_log":56,"luminousworld:bao_bob_wood":3,"minecraft:mud_bricks":17,"luminousworld:savanna_grass_2":10,"minecraft:spawner":14,"minecraft:tall_seagrass":1,"minecraft:glowstone":13,"minecraft:iron_ore":14,"minecraft:fire":3,"minecraft:stripped_dark_oak_wood":19,"minecraft:dark_oak_stairs":1,"minecraft:flowering_azalea_leaves":1,"minecraft:spruce_wood":32,"minecraft:azalea_leaves":1,"minecraft:player_head":1,"minecraft:spruce_slab":1,"minecraft:gray_terracotta":15,"minecraft:deepslate_redstone_ore":4,"luminousworld:tall_deadbush":9,"minecraft:clay":2,"minecraft:dark_oak_wood":6,"minecraft:poppy":1,"minecraft:chest":2,"minecraft:cobblestone":14,"minecraft:dark_oak_slab":2,"minecraft:mud":8,"luminousworld:bao_bob_log":35,"minecraft:grass":4,"minecraft:sand":2,"minecraft:dirt":10,"minecraft:sandstone_wall":1,"luminousworld:savannah_grass_4":28,"minecraft:deepslate":46,"minecraft:emerald_block":6,"luminousworld:savannah_ground":1,"iceandfire:silver_ore":10,"born_in_chaos_v1:infected_diamond_ore":2,"minecraft:glow_lichen":2,"iceandfire:deepslate_silver_ore":1,"minecraft:moss_block":7,"minecraft:packed_mud":19,"minecraft:polished_basalt":8,"minecraft:acacia_wood":97,"placeablesmod:water_bucket_block":1,"minecraft:green_terracotta":2,"minecraft:andesite":86,"minecraft:bookshelf":38,"minecraft:deepslate_iron_ore":5,"minecraft:vine":1,"minecraft:smooth_quartz_stairs":3,"luminousworld:groundpebbles_2":1,"minecraft:stone":172,"minecraft:green_wool":36,"luminousworld:savannah_soil":29,"minecraft:birch_stairs":2,"minecraft:acacia_leaves":9,"minecraft:crafting_table":4,"luminousworld:savannah_grass_1":22,"minecraft:campfire":1,"minecraft:copper_ore":12,"minecraft:lily_pad":1,"minecraft:diorite":39,"supplementaries:urn":2,"minecraft:spruce_stairs":3,"minecraft:mangrove_leaves":3,"minecraft:coal_ore":5,"luminousworld:ishstone":18,"minecraft:cyan_carpet":1,"minecraft:acacia_planks":1,"luminousworld:elephant_grass":9},"minecraft:broken":{"minecraft:stone_pickaxe":1,"minecraft:wooden_axe":2,"minecraft:golden_axe":1,"iceandfire:earplugs":1,"iceandfire:armor_copper_metal_boots":1},"minecraft:killed_by":{"mutantmonsters:mutant_zombie":5,"undead_revamp2:sucker":2,"undead_revamp2:the_moonflower":1,"minecraft:wither_skeleton":3,"born_in_chaos_v1:nightmare_stalker":3,"enemyexpansion:slugger":1,"quark:forgotten":1,"born_in_chaos_v1:corpse_fly":6,"luminousworld:swamp_skeleton":2,"born_in_chaos_v1:diamond_termite":1,"born_in_chaos_v1:siamese_skeletons":1,"minecraft:zombie":2,"born_in_chaos_v1:siamese_skeletonsright":2,"undead_revamp2:theimmortal":2,"enemyexpansion:faller":1,"undead_revamp2:thehunter":1,"minecraft:skeleton":4,"iceandfire:ghost":1,"luminousworld:savannah_zombie":1,"mowziesmobs:umvuthana_raptor":1,"born_in_chaos_v1:dread_hound":1,"luminousworld:savannah_skeleton":2},"minecraft:picked_up":{"minecraft:wheat":2,"minecraft:suspicious_stew":1,"alexsmobs:gazelle_horn":1,"minecraft:string":12,"minecraft:raw_copper":44,"aether:diamond_gloves":2,"minecraft:gold_nugget":1,"minecraft:cobbled_deepslate":51,"minecraft:spruce_planks":7,"minecraft:iron_pickaxe":1,"minecraft:azalea_leaves":3,"minecraft:smooth_quartz_stairs":2,"ecologics:crab_claw":2,"minecraft:stick":2,"minecraft:torch":3,"minecraft:acacia_log":57,"minecraft:spruce_stairs":6,"luminousworld:savannah_soil":28,"minecraft:sandstone_wall":1,"tombstone:grave_dust":14,"minecraft:diorite":31,"minecraft:green_terracotta":1,"minecraft:honey_bottle":2,"minecraft:rotten_flesh":37,"minecraft:tropical_fish":1,"minecraft:polished_basalt":8,"minecraft:green_wool":34,"luminousworld:tall_deadbush":11,"supplementaries:ash":5,"minecraft:cobblestone":262,"luminousworld:savannah_ground":1,"minecraft:feather":2,"minecraft:water_bucket":1,"minecraft:andesite":86,"minecraft:dirt":10,"minecraft:cut_sandstone_slab":1,"minecraft:glass":3,"minecraft:bone":27,"minecraft:acacia_planks":2,"undead_revamp2:blacpetalblock":1,"minecraft:gray_terracotta":21,"luminousworld:elephant_grass":7,"minecraft:glowstone_dust":38,"minecraft:moss_block":4,"minecraft:black_terracotta":21,"minecraft:sand":4,"minecraft:chiseled_sandstone":2,"alexsmobs:animal_dictionary":1,"minecraft:iron_hoe":1,"minecraft:diamond":5,"minecraft:granite":33,"minecraft:golden_apple":5,"minecraft:emerald":9,"luminousworld:bao_bob_log":28,"iceandfire:raw_silver":11,"minecraft:charcoal":2,"minecraft:fishing_rod":1,"luminousworld:groundpebbles_1":1,"minecraft:mud":6,"minecraft:crafting_table":4,"born_in_chaos_v1:diamond_termite_shard":4,"minecraft:clay_ball":8,"born_in_chaos_v1:seedof_chaos":2,"ecologics:seashell":2,"luminousworld:trout":1,"minecraft:chain":1,"minecraft:shield":1,"minecraft:blue_orchid":9,"minecraft:cyan_carpet":2,"minecraft:player_head":3,"minecraft:iron_nugget":1,"minecraft:poppy":1,"minecraft:spruce_slab":1,"naturalist:catfish":1,"minecraft:chest":2,"minecraft:raw_iron":18,"ecologics:coconut_slice":10,"minecraft:copper_ingot":2,"minecraft:carrot":1,"minecraft:redstone":17,"minecraft:dark_oak_planks":9,"minecraft:arrow":6,"minecraft:stripped_dark_oak_wood":17,"minecraft:gold_ingot":7,"minecraft:mutton":1,"born_in_chaos_v1:corpse_maggot":53,"minecraft:mud_bricks":7,"born_in_chaos_v1:monster_flesh":1,"minecraft:salmon":1,"luminousworld:ishstone":18,"minecraft:acacia_wood":92,"minecraft:packed_mud":19,"minecraft:lily_pad":1,"minecraft:gunpowder":14,"minecraft:spruce_wood":26,"minecraft:iron_ingot":4,"minecraft:stone_pickaxe":4,"minecraft:acacia_sapling":8,"minecraft:dark_oak_stairs":1,"minecraft:book":114,"minecraft:dark_oak_slab":3,"minecraft:emerald_block":6,"born_in_chaos_v1:ethereal_spirit":6,"born_in_chaos_v1:dark_rod":1,"minecraft:slime_ball":7,"minecraft:chainmail_leggings":1,"minecraft:iron_helmet":1,"tombstone:magic_scroll":1,"minecraft:dark_oak_wood":6,"minecraft:mangrove_propagule":1,"minecraft:coal":5},"minecraft:dropped":{"minecraft:moss_block":2,"minecraft:dark_oak_stairs":1,"minecraft:glass_bottle":1,"minecraft:dark_oak_slab":2,"minecraft:dark_oak_button":1,"minecraft:chain":1,"minecraft:sand":1,"minecraft:cyan_carpet":2,"minecraft:bone":5,"minecraft:green_wool":5,"minecraft:cobbled_deepslate":1,"luminousworld:tall_deadbush":3,"minecraft:honey_bottle":1,"minecraft:sandstone_wall":1,"minecraft:azalea_leaves":1,"minecraft:acacia_sapling":5,"minecraft:spruce_slab":1,"minecraft:glass":3,"minecraft:smooth_quartz_stairs":2,"minecraft:mangrove_propagule":1,"iceandfire:armor_copper_metal_chestplate":1,"minecraft:cobblestone":97,"minecraft:copper_ingot":2,"minecraft:spruce_stairs":6,"minecraft:stick":7,"iceandfire:silver_sword":1,"luminousworld:savannah_ground":1,"born_in_chaos_v1:fused_bone":1,"minecraft:acacia_planks":1,"minecraft:green_terracotta":1,"minecraft:player_head":2,"minecraft:bowl":1,"iceandfire:armor_copper_metal_helmet":1,"aether:diamond_gloves":1,"minecraft:blue_orchid":6,"minecraft:stone_pickaxe":4},"minecraft:custom":{"minecraft:interact_with_crafting_table":80,"minecraft:open_barrel":4,"minecraft:leave_game":5,"minecraft:time_since_death":4954,"minecraft:sprint_one_cm":625475,"minecraft:damage_blocked_by_shield":2281,"minecraft:drop":61,"minecraft:play_time":335824,"minecraft:deaths":45,"minecraft:jump":4091,"minecraft:walk_on_water_one_cm":112757,"minecraft:interact_with_furnace":84,"minecraft:damage_dealt":31761,"minecraft:crouch_one_cm":31087,"tombstone:undead_killed":53,"minecraft:mob_kills":180,"minecraft:damage_dealt_resisted":1037,"minecraft:climb_one_cm":22312,"minecraft:walk_one_cm":945231,"minecraft:sneak_time":11960,"minecraft:walk_under_water_one_cm":163457,"minecraft:total_world_time":335824,"minecraft:time_since_rest":3960,"minecraft:damage_taken":13933,"minecraft:damage_absorbed":107,"minecraft:swim_one_cm":124451,"minecraft:fly_one_cm":671374,"minecraft:open_chest":57,"minecraft:fall_one_cm":64504},"minecraft:crafted":{"naturalist:cooked_catfish":1,"minecraft:smooth_stone":1,"minecraft:stone":1,"minecraft:cooked_mutton":1,"iceandfire:armor_copper_metal_boots":2,"minecraft:glass":3,"iceandfire:armor_copper_metal_chestplate":2,"stalwart_dungeons:iron_hammer":1,"minecraft:golden_sword":1,"minecraft:golden_axe":1,"minecraft:wooden_shovel":1,"minecraft:diamond_axe":1,"minecraft:crafting_table":11,"minecraft:spruce_planks":108,"minecraft:wooden_pickaxe":3,"minecraft:copper_ingot":36,"iceandfire:earplugs":1,"minecraft:dark_oak_slab":30,"minecraft:iron_chestplate":1,"minecraft:diamond_pickaxe":1,"minecraft:charcoal":8,"minecraft:shield":3,"minecraft:stick":92,"minecraft:iron_ingot":23,"minecraft:stone_sword":2,"minecraft:acacia_door":3,"iceandfire:silver_sword":2,"minecraft:stone_shovel":1,"vanillaplustools:stone_hammer":1,"minecraft:furnace":4,"iceandfire:armor_copper_metal_leggings":1,"iceandfire:armor_copper_metal_helmet":1,"quark:acacia_chest":3,"born_in_chaos_v1:fried_maggot":31,"minecraft:stone_pickaxe":12,"minecraft:dark_oak_planks":80,"iceandfire:silver_ingot":7,"minecraft:iron_sword":2,"luminousworld:cooked_trout":1,"minecraft:dark_oak_button":1,"minecraft:bucket":2,"minecraft:stone_axe":1,"minecraft:glowstone":9,"minecraft:wooden_axe":3,"minecraft:acacia_planks":480,"minecraft:torch":52,"iceandfire:silver_pickaxe":1,"luminousworld:baobab_plank":56,"minecraft:clay":2}},"DataVersion":3465}