{"stats":{"minecraft:custom":{"minecraft:mob_kills":108,"minecraft:interact_with_crafting_table":44,"minecraft:damage_dealt_resisted":1037,"minecraft:leave_game":3,"minecraft:time_since_death":3205,"minecraft:climb_one_cm":686,"minecraft:sprint_one_cm":255119,"minecraft:walk_one_cm":432697,"minecraft:damage_blocked_by_shield":1265,"minecraft:drop":24,"minecraft:play_time":148067,"minecraft:deaths":20,"minecraft:sneak_time":1445,"minecraft:walk_under_water_one_cm":40712,"minecraft:jump":1744,"minecraft:walk_on_water_one_cm":28777,"minecraft:total_world_time":148067,"minecraft:interact_with_furnace":49,"minecraft:time_since_rest":2996,"minecraft:damage_taken":6327,"minecraft:damage_dealt":18840,"minecraft:swim_one_cm":15907,"minecraft:fly_one_cm":347323,"minecraft:open_chest":19,"minecraft:crouch_one_cm":1254,"tombstone:undead_killed":27,"minecraft:fall_one_cm":28347},"minecraft:picked_up":{"minecraft:fishing_rod":1,"luminousworld:groundpebbles_1":1,"minecraft:mud":5,"minecraft:wheat":2,"born_in_chaos_v1:seedof_chaos":2,"ecologics:seashell":2,"luminousworld:trout":1,"alexsmobs:gazelle_horn":1,"minecraft:string":9,"minecraft:raw_copper":44,"minecraft:cobbled_deepslate":12,"minecraft:poppy":1,"naturalist:catfish":1,"ecologics:crab_claw":2,"minecraft:stick":1,"minecraft:raw_iron":16,"ecologics:coconut_slice":10,"minecraft:acacia_log":36,"luminousworld:savannah_soil":28,"tombstone:grave_dust":4,"minecraft:diorite":31,"minecraft:honey_bottle":2,"minecraft:arrow":2,"minecraft:rotten_flesh":24,"minecraft:tropical_fish":1,"luminousworld:tall_deadbush":11,"minecraft:mutton":1,"minecraft:cobblestone":212,"born_in_chaos_v1:corpse_maggot":25,"luminousworld:savannah_ground":1,"minecraft:feather":2,"born_in_chaos_v1:monster_flesh":1,"minecraft:andesite":42,"luminousworld:ishstone":18,"minecraft:gunpowder":9,"minecraft:dirt":8,"minecraft:bone":16,"minecraft:acacia_planks":1,"minecraft:stone_pickaxe":2,"minecraft:iron_ingot":2,"luminousworld:elephant_grass":5,"minecraft:acacia_sapling":8,"born_in_chaos_v1:ethereal_spirit":2,"minecraft:sand":2,"born_in_chaos_v1:dark_rod":1,"minecraft:granite":33,"minecraft:emerald":2,"luminousworld:bao_bob_log":26,"minecraft:coal":5,"iceandfire:raw_silver":9},"minecraft:used":{"stalwart_dungeons:iron_hammer":58,"minecraft:stone_sword":138,"iceandfire:silver_sword":183,"minecraft:tropical_fish":1,"minecraft:stone_shovel":2,"naturalist:cooked_catfish":1,"minecraft:shield":64,"minecraft:iron_sword":58,"luminousworld:bao_bob_log":3,"minecraft:wooden_shovel":15,"born_in_chaos_v1:fried_maggot":14,"minecraft:rotten_flesh":20,"minecraft:iron_chestplate":1,"minecraft:torch":46,"iceandfire:armor_copper_metal_boots":1,"minecraft:dirt":6,"minecraft:granite":8,"minecraft:honey_bottle":2,"born_in_chaos_v1:corpse_maggot":1,"minecraft:wooden_axe":25,"iceandfire:earplugs":1,"luminousworld:savannah_soil":20,"minecraft:furnace":3,"tombstone:gift":6,"minecraft:cooked_mutton":1,"minecraft:water_bucket":2,"minecraft:diorite":31,"minecraft:stone_pickaxe":300,"minecraft:wooden_pickaxe":15,"luminousworld:groundpebbles_1":1,"luminousworld:ishstone":4,"minecraft:crafting_table":3,"quark:acacia_chest":1,"minecraft:mud":5,"iceandfire:armor_copper_metal_chestplate":1,"minecraft:acacia_door":1,"born_in_chaos_v1:monster_flesh":1,"minecraft:stone_axe":59,"ecologics:coconut_slice":10,"minecraft:fishing_rod":4,"minecraft:cobblestone":25,"minecraft:andesite":4,"minecraft:bucket":2,"alexsmobs:animal_dictionary":1},"minecraft:dropped":{"minecraft:glass_bottle":1,"minecraft:cobblestone":97,"iceandfire:silver_sword":1,"luminousworld:savannah_ground":1,"born_in_chaos_v1:fused_bone":1,"minecraft:sand":1,"minecraft:acacia_planks":1,"minecraft:bone":5,"minecraft:cobbled_deepslate":1,"luminousworld:tall_deadbush":3,"minecraft:honey_bottle":1,"minecraft:acacia_sapling":5,"minecraft:stone_pickaxe":1},"minecraft:killed":{"alexsmobs:lobster":6,"undead_revamp2:theimmortal":2,"born_in_chaos_v1:restless_spirit":1,"minecraft:spider":3,"undead_revamp2:thesmoker":2,"born_in_chaos_v1:zombie_bruiser":1,"born_in_chaos_v1:maggot":4,"born_in_chaos_v1:baby_skeleton_minion":2,"ecologics:coconut_crab":1,"luminousworld:charaxes":1,"luminousworld:savannah_zombie":5,"born_in_chaos_v1:bonescaller":1,"mowziesmobs:umvuthana_follower_raptor":2,"born_in_chaos_v1:decrepit_skeleton":1,"born_in_chaos_v1:zombie_fisherman":1,"luminousworld:savannah_skeleton":5,"undead_revamp2:thesomnolence":20,"minecraft:zombie":5,"naturalist:catfish":1,"born_in_chaos_v1:dread_hound":1,"born_in_chaos_v1:corpse_fly":22,"alexsmobs:gazelle":3,"enemyexpansion:botfly":1,"born_in_chaos_v1:dark_vortex":1,"born_in_chaos_v1:nightmare_stalker":1,"born_in_chaos_v1:door_knight":1,"creeperoverhaul:savannah_creeper":2,"born_in_chaos_v1:siamese_skeletonsleft":1},"minecraft:killed_by":{"undead_revamp2:theimmortal":2,"born_in_chaos_v1:siamese_skeletonsright":2,"mutantmonsters:mutant_zombie":4,"born_in_chaos_v1:nightmare_stalker":3,"quark:forgotten":1,"born_in_chaos_v1:corpse_fly":2,"born_in_chaos_v1:siamese_skeletons":1,"minecraft:zombie":1,"luminousworld:savannah_zombie":1,"born_in_chaos_v1:dread_hound":1,"luminousworld:savannah_skeleton":2},"minecraft:mined":{"iceandfire:silver_ore":8,"minecraft:granite":29,"minecraft:acacia_log":35,"luminousworld:bao_bob_wood":3,"iceandfire:deepslate_silver_ore":1,"luminousworld:savanna_grass_2":7,"minecraft:iron_ore":14,"minecraft:andesite":42,"minecraft:deepslate_iron_ore":3,"luminousworld:groundpebbles_2":1,"minecraft:stone":136,"luminousworld:savannah_soil":29,"minecraft:acacia_leaves":5,"luminousworld:tall_deadbush":8,"luminousworld:savannah_grass_1":20,"minecraft:poppy":1,"minecraft:copper_ore":12,"minecraft:cobblestone":3,"minecraft:diorite":31,"supplementaries:urn":1,"minecraft:mud":7,"luminousworld:bao_bob_log":33,"minecraft:mangrove_leaves":1,"minecraft:grass":3,"minecraft:coal_ore":5,"luminousworld:ishstone":18,"minecraft:sand":2,"minecraft:dirt":8,"luminousworld:savannah_grass_4":25,"luminousworld:elephant_grass":7,"luminousworld:savannah_ground":1},"minecraft:crafted":{"naturalist:cooked_catfish":1,"minecraft:smooth_stone":1,"minecraft:stone_shovel":1,"vanillaplustools:stone_hammer":1,"minecraft:furnace":3,"minecraft:stone":1,"minecraft:cooked_mutton":1,"iceandfire:armor_copper_metal_boots":1,"quark:acacia_chest":1,"born_in_chaos_v1:fried_maggot":14,"minecraft:stone_pickaxe":12,"iceandfire:armor_copper_metal_chestplate":1,"stalwart_dungeons:iron_hammer":1,"minecraft:wooden_shovel":1,"iceandfire:silver_ingot":6,"minecraft:crafting_table":3,"minecraft:wooden_pickaxe":2,"minecraft:iron_sword":1,"minecraft:copper_ingot":13,"iceandfire:earplugs":1,"minecraft:bucket":1,"minecraft:stone_axe":1,"minecraft:iron_chestplate":1,"minecraft:charcoal":8,"minecraft:shield":2,"minecraft:stick":68,"minecraft:iron_ingot":19,"minecraft:wooden_axe":1,"minecraft:stone_sword":2,"minecraft:acacia_door":3,"minecraft:acacia_planks":80,"minecraft:torch":48,"iceandfire:silver_sword":2,"luminousworld:baobab_plank":56},"minecraft:broken":{"minecraft:stone_pickaxe":1,"iceandfire:earplugs":1}},"DataVersion":3465}