{"stats":{"minecraft:crafted":{"minecraft:furnace":1,"iceandfire:armor_silver_metal_chestplate":1,"minecraft:leather":4,"minecraft:chest":1,"iceandfire:silver_axe":1,"minecraft:cooked_beef":6,"sophisticatedbackpacks:backpack":1,"iceandfire:silver_ingot":18,"minecraft:cooked_porkchop":6,"minecraft:crafting_table":4,"minecraft:spruce_planks":88,"minecraft:wooden_pickaxe":1,"minecraft:stone_axe":1,"minecraft:air":0,"minecraft:shield":1,"minecraft:stick":24,"minecraft:white_bed":1,"minecraft:torch":24,"iceandfire:silver_pickaxe":1,"iceandfire:silver_sword":1},"minecraft:killed":{"takesapillage:legioner":1,"luminousworld:frost_bitten_skeleton":1,"undead_revamp2:thesmoker":1,"undead_revamp2:theswarmer":1,"creeperoverhaul:snowy_creeper":1,"minecraft:skeleton":2,"takesapillage:skirmisher":1,"enemyexpansion:sprinter":1,"minecraft:zombie":2,"born_in_chaos_v1:nightmare_stalker":1,"minecraft:cow":1},"minecraft:used":{"minecraft:iron_bars":1,"iceandfire:silver_sword":125,"minecraft:flint_and_steel":2,"minecraft:spruce_planks":47,"minecraft:shield":7,"minecraft:netherrack":17,"minecraft:torch":14,"minecraft:stick":1,"minecraft:lantern":1,"minecraft:golden_carrot":9,"minecraft:hay_block":3,"minecraft:furnace":1,"tombstone:gift":1,"minecraft:cooked_beef":3,"undead_revamp2:wincallerfan":1,"minecraft:wooden_pickaxe":35,"minecraft:deepslate_bricks":8,"minecraft:crafting_table":5,"undead_revamp2:bostroxset_chestplate":9,"minecraft:white_bed":1,"iceandfire:silver_axe":17,"iceandfire:armor_silver_metal_chestplate":9,"endrem:corrupted_eye":1,"iceandfire:silver_pickaxe":69,"minecraft:stone_axe":102,"minecraft:cobblestone":7,"minecraft:cobweb":4},"minecraft:custom":{"minecraft:mob_kills":17,"minecraft:interact_with_anvil":1,"minecraft:interact_with_crafting_table":14,"minecraft:open_barrel":4,"minecraft:interact_with_campfire":4,"minecraft:damage_dealt_resisted":468,"minecraft:leave_game":4,"minecraft:time_since_death":24729,"minecraft:climb_one_cm":15875,"minecraft:sprint_one_cm":101851,"minecraft:walk_one_cm":196464,"minecraft:damage_blocked_by_shield":190,"minecraft:drop":40,"minecraft:play_time":48629,"minecraft:deaths":8,"minecraft:sneak_time":825,"minecraft:walk_under_water_one_cm":17098,"minecraft:jump":495,"minecraft:interact_with_brewingstand":1,"minecraft:walk_on_water_one_cm":10930,"minecraft:total_world_time":48629,"minecraft:interact_with_furnace":7,"tombstone:raider_killed":2,"minecraft:sleep_in_bed":1,"minecraft:time_since_rest":6636,"minecraft:damage_taken":3199,"minecraft:damage_dealt":5709,"minecraft:swim_one_cm":6488,"minecraft:fly_one_cm":105885,"minecraft:open_chest":23,"minecraft:crouch_one_cm":2527,"tombstone:undead_killed":8,"minecraft:interact_with_smoker":4,"minecraft:fall_one_cm":13461},"minecraft:mined":{"minecraft:spruce_planks":2,"iceandfire:frozen_cobblestone":1,"minecraft:carved_pumpkin":1,"minecraft:cobbled_deepslate_slab":1,"minecraft:redstone_wire":3,"minecraft:deepslate_bricks":9,"minecraft:spruce_leaves":7,"minecraft:hay_block":41,"minecraft:cobbled_deepslate":1,"minecraft:stripped_spruce_log":10,"minecraft:anvil":1,"minecraft:bookshelf":9,"minecraft:rail":1,"minecraft:iron_bars":2,"minecraft:stone":28,"minecraft:white_wool":3,"minecraft:spruce_slab":1,"minecraft:scaffolding":1,"minecraft:red_wool":1,"ecologics:thin_ice":1,"minecraft:crafting_table":1,"minecraft:campfire":4,"minecraft:cobblestone":2,"minecraft:oak_planks":17,"minecraft:cracked_deepslate_bricks":5,"minecraft:ice":1,"minecraft:spruce_log":15,"minecraft:grass":3,"minecraft:coal_ore":7,"iceandfire:silver_pile":26,"minecraft:cobweb":4,"minecraft:cracked_stone_bricks":7,"born_in_chaos_v1:infernal_evil_pumpkin_s":1,"minecraft:stone_bricks":4,"minecraft:netherrack":17,"minecraft:yellow_stained_glass":3,"minecraft:mossy_stone_bricks":2},"minecraft:dropped":{"minecraft:stripped_spruce_log":8,"minecraft:cobblestone":6,"minecraft:red_wool":1,"minecraft:item_frame":5,"minecraft:stick":5,"minecraft:flint":18,"iceandfire:armor_silver_metal_chestplate":1,"tombstone:grave_dust":1,"minecraft:paper":4,"minecraft:spruce_sapling":1,"luminousworld:clovers_1":1,"minecraft:redstone":2,"iceandfire:silver_nugget":6,"minecraft:stone_axe":1,"alexsmobs:animal_dictionary":2,"minecraft:spruce_planks":5,"minecraft:golden_leggings":1,"minecraft:carved_pumpkin":2,"minecraft:stone_bricks":9,"minecraft:spruce_slab":1,"minecraft:wooden_pickaxe":1,"minecraft:scaffolding":2},"minecraft:picked_up":{"undead_revamp2:bostroxingot":3,"minecraft:charcoal":8,"minecraft:crafting_table":1,"minecraft:anvil":1,"iceandfire:armor_silver_metal_chestplate":1,"minecraft:string":4,"undead_revamp2:bostroxset_chestplate":1,"minecraft:item_frame":5,"minecraft:cracked_stone_bricks":2,"minecraft:tnt_minecart":1,"minecraft:spruce_planks":6,"minecraft:beef":6,"minecraft:spruce_slab":1,"minecraft:stick":3,"iceandfire:dragonbone":13,"minecraft:porkchop":6,"born_in_chaos_v1:nightmare_claw":1,"minecraft:redstone":4,"minecraft:brown_carpet":1,"iceandfire:dragon_skull_ice":2,"minecraft:arrow":4,"minecraft:rotten_flesh":4,"minecraft:hay_block":41,"minecraft:deepslate_bricks":8,"minecraft:carved_pumpkin":2,"minecraft:gold_ingot":4,"minecraft:mutton":4,"undead_revamp2:wincallerfan":1,"minecraft:iron_bars":1,"minecraft:rail":1,"minecraft:white_wool":3,"minecraft:cobblestone":28,"minecraft:flint":18,"minecraft:paper":2,"minecraft:lantern":1,"born_in_chaos_v1:monster_skin":3,"minecraft:cooked_mutton":3,"minecraft:stone_bricks":9,"minecraft:iron_ingot":3,"minecraft:mossy_stone_bricks":1,"minecraft:oak_planks":15,"minecraft:book":27,"minecraft:scaffolding":3,"luminousworld:clovers_1":1,"minecraft:red_wool":1,"minecraft:stripped_spruce_log":18,"minecraft:spruce_sapling":1,"minecraft:spruce_log":15,"alexsmobs:animal_dictionary":1,"minecraft:bread":2,"minecraft:netherrack":17,"minecraft:coal":6,"iceandfire:silver_nugget":168},"minecraft:killed_by":{"takesapillage:legioner":3,"takesapillage:archer":2,"minecraft:vindicator":1,"born_in_chaos_v1:dread_hound":1}},"DataVersion":3465}