{"stats":{"minecraft:broken":{"spartanshields:stone_tower_shield":1,"iceandfire:silver_pickaxe":1,"rpgsmw:steel_paladin_armour_helmet":1,"minecraft:stone_pickaxe":4,"mowziesmobs:umvuthana_mask_bliss":1,"rpgsmw:steel_paladin_armour_chestplate":1,"minecraft:iron_pickaxe":1},"minecraft:killed":{"minecraft:cave_spider":2,"minecraft:witch":1,"minecraft:spider":22,"minecraft:skeleton":53,"minecraft:chicken":5,"mowziesmobs:umvuthana_crane":9,"alexsmobs:kangaroo":14,"epicsamurai:enenra":3,"minecraft:pig":15,"alexsmobs:grizzly_bear":1,"minecraft:salmon":14,"epicsamurai:kitsune":8,"minecraft:creeper":9,"minecraft:sheep":11,"minecraft:zombie":123,"iceandfire:lightning_dragon":1,"mowziesmobs:umvuthana_raptor":1,"minecraft:cow":10,"alexsmobs:raccoon":2,"epicsamurai:onibi":14,"minecraft:phantom":1,"minecraft:horse":7,"iceandfire:fire_dragon":1,"mowziesmobs:umvuthana":23,"minecraft:husk":1,"minecraft:bat":1,"minecraft:frog":1,"minecraft:wandering_trader":1,"mowziesmobs:umvuthana_follower_raptor":4,"alexsmobs:rhinoceros":3,"minecraft:hoglin":3,"alexsmobs:catfish":2,"iceandfire:ghost":29,"alexsmobs:gazelle":1,"minecraft:wither_skeleton":5},"minecraft:crafted":{"rpgsmw:blue_fabric":15,"rpgsmw:paladin_diamond_armor_chestplate":1,"minecraft:smooth_stone":3,"rpgsmw:steel_paladin_armour_chestplate":3,"minecraft:oak_planks":488,"epicsamurai:silver_ingot":19,"minecraft:barrel":2,"minecraft:cooked_chicken":1,"spartanshields:wooden_tower_shield":4,"iceandfire:silver_shovel":1,"rpgsmw:red_fabric":6,"minecraft:stone":5,"rpgsmw:steelnugget":9,"minecraft:cooked_mutton":13,"rpgsmw:steel_sword":2,"minecraft:glass":3,"rpgsmw:copper_paladin_armour_helmet":1,"epicsamurai:red_samurai_leggings":1,"rpgsmw:steel_paladin_armour_leggings":3,"minecraft:chest":2,"rpgsmw:steel_ring":3,"rpgsmw:steel_greatsword":2,"rpgsmw:woodenfiber":16,"rpgsmw:steelrainforcedstick":5,"rpgsmw:steel_spear":3,"minecraft:smoker":2,"iceandfire:silver_axe":1,"minecraft:glass_bottle":3,"minecraft:oak_slab":6,"minecraft:cooked_porkchop":24,"minecraft:crafting_table":15,"minecraft:spruce_planks":4,"minecraft:wooden_pickaxe":6,"epicsamurai:green_samurai_boots":1,"minecraft:copper_ingot":24,"rpgsmw:stone_greatsword":1,"minecraft:gold_block":3,"spartanshields:silver_tower_shield":2,"epicsamurai:steel_nugget":27,"minecraft:yellow_dye":1,"minecraft:stick":320,"minecraft:iron_ingot":179,"minecraft:iron_pickaxe":2,"minecraft:iron_block":4,"minecraft:stone_sword":2,"minecraft:gold_ingot":79,"minecraft:redstone_torch":4,"rpgsmw:paladin_diamond_armor_helmet":1,"rpgsmw:steel_paladin_armour_boots":3,"minecraft:furnace":13,"minecraft:blast_furnace":1,"minecraft:bone_meal":9,"rpgsmw:iron_knife":1,"rpgsmw:paladin_diamond_armor_leggings":1,"spartanshields:stone_tower_shield":1,"rpgsmw:iron_greatsword":1,"rpgsmw:steel_paladin_armour_helmet":3,"minecraft:leather":5,"spartanshields:copper_tower_shield":1,"minecraft:stone_pickaxe":7,"minecraft:wheat":342,"rpgsmw:fabric":29,"minecraft:cooked_beef":3,"minecraft:red_dye":7,"rpgsmw:gold_paladin_ring":1,"rpgsmw:steel_paladin_ring":3,"iceandfire:silver_ingot":12,"rpgsmw:stone_spear":1,"rpgsmw:steel":9,"alexsmobs:cooked_kangaroo_meat":13,"rpgsmw:iron_spear":1,"minecraft:cooked_salmon":11,"minecraft:bucket":2,"minecraft:stone_axe":1,"minecraft:bread":132,"minecraft:jungle_planks":200,"minecraft:blue_dye":17,"minecraft:oak_boat":3,"rpgsmw:paladin_diamond_armor_boots":1,"minecraft:golden_apple":2,"minecraft:gold_nugget":9,"rpgsmw:gold_ring":1,"minecraft:wooden_axe":1,"rpgsmw:copper_paladin_armour_boots":1,"minecraft:acacia_planks":132,"epicsamurai:steel_ingot":101,"minecraft:torch":636,"iceandfire:silver_pickaxe":3,"iceandfire:silver_hoe":1},"minecraft:used":{"alexsmobs:emu_egg":3,"minecraft:beetroot":6,"minecraft:chest":6,"minecraft:stripped_jungle_wood":15,"minecraft:rotten_flesh":55,"minecraft:mutton":8,"rpgsmw:steel_paladin_armour_chestplate":2,"minecraft:carrot":25,"minecraft:tuff":15,"rpgsmw:steel_paladin_armour_boots":1,"minecraft:lava_bucket":2,"iceandfire:ghost_chest":1,"rpgsmw:steel_sword":76,"minecraft:magma_block":1,"minecraft:bow":44,"minecraft:furnace":13,"minecraft:egg":3,"rpgsmw:steel_spear":745,"minecraft:potato":5,"alexsmobs:raw_catfish":1,"minecraft:diorite":11,"minecraft:oak_planks":5,"minecraft:stone_pickaxe":752,"epicsamurai:green_samurai_boots":1,"rpgsmw:stone_spear":70,"minecraft:wooden_pickaxe":23,"minecraft:golden_apple":6,"minecraft:blast_furnace":8,"spartanshields:stone_tower_shield":59,"iceandfire:silver_axe":241,"minecraft:redstone_torch":5,"iceandfire:silver_pickaxe":1028,"rpgsmw:steel_greatsword":304,"minecraft:melon_slice":4,"minecraft:bread":145,"minecraft:cyan_bed":1,"rpgsmw:steel_paladin_armour_leggings":2,"minecraft:andesite":40,"minecraft:oak_boat":4,"minecraft:bone_meal":7,"minecraft:cobweb":3,"rpgsmw:stone_greatsword":50,"minecraft:stone_sword":40,"minecraft:acacia_log":10,"minecraft:cooked_salmon":6,"minecraft:netherrack":4,"simpletomb:grave_key":56,"minecraft:torch":647,"minecraft:dirt":424,"alexsmobs:cooked_kangaroo_meat":4,"minecraft:granite":4,"minecraft:wooden_axe":9,"iceandfire:crackled_dirt":1,"rpgsmw:iron_greatsword":87,"minecraft:barrel":2,"rpgsmw:steel_paladin_armour_helmet":2,"rpgsmw:iron_spear":56,"minecraft:beef":8,"spartanshields:silver_tower_shield":28,"minecraft:cooked_beef":3,"minecraft:cobbled_deepslate":173,"minecraft:acacia_planks":10,"minecraft:light_gray_bed":2,"minecraft:wheat_seeds":99,"minecraft:cooked_mutton":12,"minecraft:water_bucket":143,"minecraft:glass_bottle":2,"rpgsmw:paladin_diamond_armor_chestplate":1,"minecraft:red_bed":5,"minecraft:crafting_table":29,"minecraft:white_bed":3,"minecraft:smoker":2,"alexsmobs:kangaroo_meat":9,"minecraft:chicken":4,"minecraft:iron_pickaxe":249,"iceandfire:graveyard_soil":2,"spartanshields:copper_tower_shield":50,"iceandfire:ash":1,"minecraft:stone_axe":115,"iceandfire:silver_hoe":146,"minecraft:cobblestone":394,"minecraft:potion":2,"minecraft:porkchop":7,"minecraft:cooked_porkchop":16,"minecraft:bucket":146,"minecraft:pumpkin_pie":5,"minecraft:yellow_bed":1,"iceandfire:silver_shovel":419,"minecraft:splash_potion":1},"minecraft:killed_by":{"minecraft:zombie_villager":1,"mowziesmobs:umvuthi":6,"minecraft:cave_spider":1,"mowziesmobs:umvuthana":1,"minecraft:zombie":6,"minecraft:husk":1,"minecraft:player":6,"minecraft:spider":2,"minecraft:iron_golem":1,"minecraft:skeleton":15,"iceandfire:cockatrice":1,"epicsamurai:kitsune":1},"minecraft:custom":{"minecraft:interact_with_crafting_table":155,"minecraft:open_barrel":54,"minecraft:leave_game":15,"minecraft:time_since_death":182045,"minecraft:damage_resisted":5519,"minecraft:sprint_one_cm":1847512,"minecraft:damage_blocked_by_shield":4838,"minecraft:drop":161,"minecraft:play_noteblock":3,"minecraft:talked_to_villager":14,"minecraft:play_time":881200,"minecraft:deaths":54,"minecraft:jump":14922,"minecraft:walk_on_water_one_cm":302199,"minecraft:interact_with_furnace":120,"minecraft:sleep_in_bed":34,"minecraft:waystone_activated":2,"minecraft:damage_dealt":75677,"minecraft:player_kills":6,"minecraft:crouch_one_cm":13364,"minecraft:interact_with_smoker":9,"minecraft:mob_kills":431,"minecraft:damage_dealt_resisted":125,"minecraft:climb_one_cm":8987,"minecraft:walk_one_cm":2467790,"minecraft:sneak_time":8002,"minecraft:walk_under_water_one_cm":186161,"minecraft:boat_one_cm":17419,"minecraft:interact_with_blast_furnace":144,"minecraft:total_world_time":881200,"spartanshields:shield_bash_hits":10,"minecraft:tune_noteblock":27,"minecraft:interact_with_stonecutter":1,"minecraft:time_since_rest":17572,"minecraft:damage_taken":31557,"minecraft:damage_absorbed":199,"minecraft:trigger_trapped_chest":28,"minecraft:swim_one_cm":200790,"minecraft:fly_one_cm":2648396,"minecraft:open_chest":245,"minecraft:fall_one_cm":512196},"minecraft:dropped":{"rpgsmw:stone_spear":2,"minecraft:glass_bottle":1,"minecraft:stripped_birch_wood":1,"rpgsmw:copper_paladin_armour_helmet":1,"iceandfire:ectoplasm":1,"minecraft:rail":5,"minecraft:dirt":15,"minecraft:dark_oak_fence":1,"minecraft:yellow_dye":2,"minecraft:mutton":2,"epicsamurai:jade":11,"minecraft:gold_nugget":3,"minecraft:pumpkin_pie":2,"minecraft:bone_meal":2,"minecraft:dark_oak_planks":4,"minecraft:bone":1,"minecraft:note_block":1,"minecraft:waxed_cut_copper_stairs":3,"mowziesmobs:umvuthana_mask_rage":1,"minecraft:cobbled_deepslate":10,"minecraft:wheat":2,"minecraft:pointed_dripstone":9,"minecraft:beetroot":6,"minecraft:rotten_flesh":11,"minecraft:cooked_mutton":1,"minecraft:poppy":1,"rpgsmw:iron_greatsword":3,"minecraft:jungle_log":4,"minecraft:acacia_sapling":1,"minecraft:beef":2,"minecraft:netherrack":1,"minecraft:egg":2,"minecraft:bread":2,"minecraft:wheat_seeds":14,"simpletomb:grave_key":1,"minecraft:cobblestone":16,"rpgsmw:stone_greatsword":3,"minecraft:granite":7,"minecraft:copper_ingot":2,"rpgsmw:rangal":1,"minecraft:stick":12,"minecraft:polished_andesite":2,"minecraft:blue_dye":3,"rpgsmw:steel_spear":1,"minecraft:diorite":2,"minecraft:torch":3,"minecraft:fire_charge":1,"minecraft:polished_andesite_stairs":1,"minecraft:red_dye":2,"minecraft:acacia_planks":8,"minecraft:raw_copper":11,"minecraft:blast_furnace":1,"minecraft:spruce_planks":7,"mowziesmobs:umvuthana_mask_misery":1,"minecraft:spruce_trapdoor":2,"minecraft:andesite":20,"minecraft:yellow_bed":1,"minecraft:oak_sapling":3,"minecraft:golden_sword":2,"minecraft:spider_eye":7,"rpgsmw:steel_greatsword":1,"rpgsmw:iron_knife":1,"minecraft:stone_pickaxe":1,"minecraft:wooden_pickaxe":2,"minecraft:calcite":3},"minecraft:picked_up":{"minecraft:iron_chestplate":1,"minecraft:wheat":60,"epicsamurai:steel_ingot":19,"minecraft:oak_stairs":5,"minecraft:wither_rose":1,"minecraft:potion":1,"minecraft:golden_sword":2,"minecraft:string":62,"minecraft:raw_copper":281,"minecraft:beetroot":6,"rpgsmw:stone_greatsword":2,"minecraft:gold_nugget":308,"minecraft:cobbled_deepslate":337,"minecraft:spruce_planks":7,"minecraft:red_dye":1,"minecraft:redstone_torch":1,"minecraft:calcite":3,"minecraft:furnace":3,"minecraft:stick":4,"iceandfire:ghost_chest":1,"minecraft:acacia_fence":1,"iceandfire:crackled_dirt":2,"minecraft:torch":65,"minecraft:acacia_log":54,"iceandfire:silver_ore":36,"minecraft:porkchop":32,"minecraft:pointed_dripstone":9,"minecraft:diorite":52,"minecraft:waxed_cut_copper_stairs":3,"minecraft:rotten_flesh":105,"minecraft:light_gray_bed":2,"rpgsmw:stone_spear":1,"rpgsmw:steel_greatsword":1,"iceandfire:fire_dragon_heart":1,"minecraft:blue_dye":3,"alexsmobs:emu_egg":3,"minecraft:stripped_birch_wood":1,"minecraft:cobblestone":668,"minecraft:magma_block":5,"rpgsmw:steel_spear":1,"minecraft:feather":30,"minecraft:andesite":60,"minecraft:jungle_log":101,"minecraft:potato":17,"minecraft:tuff":44,"minecraft:lapis_lazuli":115,"minecraft:dirt":541,"minecraft:bone":70,"minecraft:acacia_planks":10,"minecraft:bow":7,"minecraft:wheat_seeds":200,"minecraft:raw_gold":47,"epicsamurai:raw_silver":29,"minecraft:oak_planks":13,"minecraft:cooked_porkchop":4,"minecraft:sand":32,"minecraft:jungle_planks":4,"iceandfire:lightning_dragon_heart":1,"minecraft:cyan_bed":1,"alexsmobs:animal_dictionary":1,"minecraft:polished_andesite":2,"alexsmobs:kangaroo_hide":11,"rpgsmw:rangal":1,"minecraft:diamond":25,"minecraft:granite":24,"minecraft:bone_meal":2,"minecraft:golden_apple":1,"minecraft:golden_horse_armor":1,"minecraft:bread":27,"epicsamurai:ruby":16,"minecraft:oak_sapling":3,"minecraft:netherrack":5,"minecraft:dark_oak_fence":2,"rpgsmw:steelnugget":1,"iceandfire:dragon_skull_lightning":1,"minecraft:charcoal":8,"minecraft:crafting_table":15,"iceandfire:witherbone":7,"minecraft:splash_potion":1,"minecraft:chicken":5,"minecraft:clay_ball":24,"minecraft:wooden_pickaxe":1,"minecraft:gold_block":1,"minecraft:cornflower":12,"minecraft:red_bed":5,"minecraft:item_frame":2,"epicsamurai:jade":25,"iceandfire:graveyard_soil":18,"minecraft:beef":21,"minecraft:oak_boat":3,"minecraft:poppy":8,"minecraft:chest":4,"minecraft:sugar_cane":8,"iceandfire:dragonscales_electric":43,"rpgsmw:biril":4,"minecraft:spruce_trapdoor":2,"minecraft:egg":5,"minecraft:raw_iron":194,"iceandfire:dragonbone":61,"minecraft:copper_ingot":2,"minecraft:note_block":1,"minecraft:spruce_fence":1,"minecraft:fire_charge":1,"rpgsmw:iron_greatsword":2,"minecraft:carrot":3,"minecraft:redstone":301,"minecraft:mangrove_trapdoor":1,"minecraft:iron_horse_armor":1,"minecraft:dark_oak_planks":7,"minecraft:arrow":50,"minecraft:diamond_chestplate":1,"minecraft:pumpkin_pie":5,"minecraft:hay_block":38,"mowziesmobs:umvuthana_mask_bliss":1,"minecraft:saddle":1,"minecraft:gold_ingot":2,"iceandfire:deepslate_silver_ore":2,"minecraft:mutton":22,"minecraft:bone_block":34,"minecraft:rail":5,"alexsmobs:kangaroo_meat":22,"minecraft:white_wool":11,"minecraft:stripped_oak_log":6,"rpgsmw:copper_paladin_armour_helmet":1,"minecraft:golden_carrot":20,"minecraft:salmon":11,"minecraft:leather":18,"minecraft:yellow_dye":1,"minecraft:oak_log":147,"iceandfire:ectoplasm":3,"minecraft:yellow_bed":2,"minecraft:gunpowder":11,"minecraft:cobblestone_stairs":3,"minecraft:apple":2,"mowziesmobs:umvuthana_mask_rage":2,"alexsmobs:cockroach_wing_fragment":1,"minecraft:iron_ingot":10,"minecraft:stone_pickaxe":1,"minecraft:cobweb":6,"epicsamurai:aquamarine":5,"mowziesmobs:umvuthana_mask_misery":2,"iceandfire:fire_dragon_flesh":3,"minecraft:acacia_sapling":2,"minecraft:book":12,"epicsamurai:onyx":12,"minecraft:polished_andesite_stairs":1,"iceandfire:ash":5,"minecraft:dandelion":2,"minecraft:dripstone_block":1,"minecraft:blast_furnace":8,"minecraft:white_bed":3,"minecraft:spruce_log":1,"minecraft:spider_eye":13,"alexsmobs:raw_catfish":2,"minecraft:stripped_jungle_wood":18,"mowziesmobs:umvuthana_mask_fear":2,"minecraft:melon_seeds":4,"minecraft:coal":239},"minecraft:mined":{"minecraft:dark_oak_planks":3,"minecraft:spruce_planks":8,"minecraft:white_bed":2,"iceandfire:graveyard_soil":18,"minecraft:farmland":3,"minecraft:cobblestone_stairs":3,"minecraft:jungle_leaves":1,"minecraft:spruce_trapdoor":1,"minecraft:granite":23,"minecraft:acacia_log":53,"minecraft:grass_block":342,"minecraft:jungle_log":100,"minecraft:light_gray_bed":1,"minecraft:spawner":5,"minecraft:tall_seagrass":1,"epicsamurai:deepslate_jade_ore":20,"minecraft:magma_block":5,"minecraft:iron_ore":98,"minecraft:cobbled_deepslate":2,"minecraft:fire":7,"minecraft:deepslate_lapis_ore":11,"iceandfire:crackled_dirt":2,"iceandfire:gold_pile":37,"minecraft:dirt_path":1,"minecraft:oak_stairs":2,"minecraft:quartz_slab":1,"epicsamurai:deepslate_silver_ore":32,"minecraft:waxed_cut_copper_stairs":1,"minecraft:deepslate_redstone_ore":49,"minecraft:red_bed":5,"minecraft:melon_stem":1,"minecraft:clay":6,"minecraft:torch":18,"minecraft:note_block":1,"minecraft:blast_furnace":8,"minecraft:polished_andesite_stairs":1,"minecraft:poppy":7,"iceandfire:ghost_chest":1,"minecraft:chest":4,"minecraft:cobblestone":13,"minecraft:cyan_bed":1,"minecraft:oak_planks":25,"minecraft:wall_torch":19,"minecraft:wheat":49,"minecraft:wither_rose":1,"minecraft:grass":137,"minecraft:oak_log":142,"minecraft:acacia_fence":1,"minecraft:sand":32,"minecraft:dirt":137,"minecraft:stripped_birch_wood":6,"minecraft:netherrack":6,"minecraft:oak_leaves":60,"minecraft:deepslate":341,"minecraft:tuff":45,"iceandfire:silver_ore":29,"epicsamurai:deepslate_onyx_ore":5,"minecraft:mossy_cobblestone":1,"minecraft:deepslate_diamond_ore":1,"minecraft:dark_oak_fence":1,"epicsamurai:deepslate_ruby_ore":13,"minecraft:spruce_fence":1,"minecraft:stripped_jungle_wood":18,"iceandfire:deepslate_silver_ore":2,"minecraft:mangrove_trapdoor":1,"minecraft:hay_block":38,"minecraft:redstone_ore":20,"minecraft:carrots":3,"minecraft:furnace":3,"minecraft:andesite":57,"minecraft:gold_block":1,"minecraft:bookshelf":4,"minecraft:potatoes":2,"minecraft:shroomlight":1,"minecraft:deepslate_iron_ore":78,"minecraft:vine":24,"minecraft:rail":1,"minecraft:stripped_oak_log":6,"minecraft:white_tulip":1,"minecraft:stone":652,"minecraft:bone_block":33,"minecraft:acacia_leaves":9,"minecraft:glass_pane":1,"minecraft:dandelion":3,"epicsamurai:deepslate_aquamarine_ore":4,"minecraft:crafting_table":14,"minecraft:cornflower":12,"minecraft:campfire":4,"minecraft:copper_ore":51,"minecraft:tall_grass":15,"minecraft:lapis_ore":6,"minecraft:deepslate_gold_ore":35,"minecraft:diorite":51,"rpgsmw:mineral_ore":4,"minecraft:birch_leaves":10,"minecraft:spruce_log":1,"iceandfire:ash":1,"minecraft:yellow_bed":1,"minecraft:coal_ore":239,"minecraft:cobweb":40,"minecraft:polished_andesite":1,"minecraft:gold_ore":14,"epicsamurai:ruby_ore":3,"minecraft:fern":2}},"DataVersion":3120}