{"stats":{"minecraft:used":{"minecraft:shield":46,"minecraft:iron_chestplate":3,"minecraft:lantern":1,"minecraft:hay_block":3,"minecraft:furnace":6,"minecraft:diamond_boots":1,"minecraft:wooden_pickaxe":35,"minecraft:diamond_axe":96,"minecraft:golden_apple":9,"minecraft:glow_berries":8,"undead_revamp2:bostroxset_chestplate":21,"iceandfire:silver_axe":40,"endrem:corrupted_eye":1,"iceandfire:silver_pickaxe":410,"iceandfire:dragonbone_sword":227,"minecraft:bread":40,"minecraft:diamond_sword":118,"minecraft:smithing_table":1,"minecraft:dark_oak_fence":2,"minecraft:cobweb":6,"minecraft:iron_bars":1,"iceandfire:silver_sword":194,"minecraft:flint_and_steel":8,"minecraft:spruce_planks":47,"minecraft:tinted_glass":9,"minecraft:netherrack":17,"minecraft:stick":1,"minecraft:torch":126,"minecraft:dirt":217,"minecraft:diamond_helmet":1,"minecraft:dark_oak_planks":101,"minecraft:mud_bricks":21,"minecraft:diamond_chestplate":1,"minecraft:golden_carrot":9,"tombstone:gift":1,"minecraft:cooked_beef":6,"minecraft:cobbled_deepslate":77,"minecraft:water_bucket":23,"undead_revamp2:wincallerfan":1,"minecraft:deepslate_bricks":8,"minecraft:crafting_table":12,"minecraft:red_bed":4,"minecraft:white_bed":3,"iceandfire:armor_silver_metal_chestplate":19,"minecraft:stone_axe":102,"minecraft:cobblestone":10,"minecraft:cooked_porkchop":3,"minecraft:bucket":24,"minecraft:stripped_oak_log":2,"iceandfire:silver_shovel":215,"minecraft:diamond_leggings":1},"minecraft:killed":{"luminousworld:frost_bitten_skeleton":1,"undead_revamp2:thesmoker":1,"iceandfire:stymphalian_bird":3,"undead_revamp2:theswarmer":2,"minecraft:skeleton":34,"undead_revamp2:thespitter":1,"naturalist:snake":1,"minecraft:zombie":14,"enemyexpansion:vampire":1,"minecraft:cow":1,"undead_revamp2:thegliter":2,"takesapillage:legioner":1,"enemyexpansion:intruder":1,"undead_revamp2:bomber":1,"born_in_chaos_v1:maggot":5,"creeperoverhaul:snowy_creeper":1,"luminousworld:swamp_skeleton":3,"born_in_chaos_v1:barrel_zombie":1,"earthmobsmod:bouldering_zombie":1,"iceandfire:cyclops":1,"born_in_chaos_v1:baby_skeleton":1,"takesapillage:skirmisher":1,"enemyexpansion:sprinter":1,"minecraft:ravager":1,"born_in_chaos_v1:decrepit_skeleton":1,"undead_revamp2:thesomnolence":1,"luminousworld:swamp_zombie":4,"born_in_chaos_v1:nightmare_stalker":1,"minecraft:wither_skeleton":3,"enemyexpansion:slugger":2},"minecraft:crafted":{"minecraft:oak_planks":36,"hangglider:hang_glider":1,"ecologics:walnut_planks":32,"iceandfire:silver_shovel":1,"iceandfire:armor_silver_metal_chestplate":1,"minecraft:diamond_helmet":1,"minecraft:diamond_leggings":1,"minecraft:iron_boots":1,"sophisticatedbackpacks:copper_backpack":1,"minecraft:chest":1,"iceandfire:silver_axe":1,"sophisticatedbackpacks:backpack":1,"minecraft:cooked_porkchop":6,"minecraft:crafting_table":11,"minecraft:spruce_planks":88,"minecraft:wooden_pickaxe":1,"minecraft:iron_helmet":1,"minecraft:smithing_table":1,"minecraft:copper_ingot":9,"minecraft:iron_chestplate":1,"minecraft:shield":1,"minecraft:stick":52,"minecraft:iron_ingot":37,"minecraft:gold_ingot":12,"iceandfire:silver_sword":1,"hangglider:glider_framework":1,"minecraft:furnace":6,"hangglider:glider_wing":2,"minecraft:leather":19,"minecraft:diamond_boots":1,"minecraft:dark_oak_planks":104,"minecraft:wheat":342,"sophisticatedbackpacks:iron_backpack":1,"minecraft:cooked_beef":6,"iceandfire:dragonbone_sword":1,"minecraft:diamond_sword":1,"iceandfire:silver_ingot":18,"minecraft:red_bed":1,"sophisticatedbackpacks:gold_backpack":1,"minecraft:bucket":1,"minecraft:stone_axe":1,"minecraft:bread":114,"minecraft:air":0,"minecraft:white_wool":3,"minecraft:iron_leggings":1,"minecraft:white_bed":2,"iceandfire:silver_pickaxe":1,"minecraft:torch":104,"minecraft:diamond_chestplate":1},"minecraft:picked_up":{"minecraft:redstone_block":2,"minecraft:chainmail_boots":1,"minecraft:anvil":1,"iceandfire:manuscript":120,"iceandfire:armor_silver_metal_chestplate":1,"minecraft:string":19,"minecraft:raw_copper":33,"minecraft:cobbled_deepslate":120,"minecraft:tnt_minecart":8,"minecraft:gold_nugget":29,"minecraft:spruce_planks":7,"minecraft:stick":3,"ecologics:walnut_log":8,"minecraft:torch":33,"minecraft:porkchop":6,"tombstone:grave_dust":7,"minecraft:diorite":2,"born_in_chaos_v1:nightmare_claw":1,"minecraft:brown_carpet":1,"minecraft:rotten_flesh":26,"iceandfire:fire_dragon_heart":1,"minecraft:carved_pumpkin":2,"supplementaries:ash":22,"minecraft:waxed_cut_copper":1,"minecraft:iron_bars":1,"minecraft:cobblestone":65,"minecraft:flint":46,"supplementaries:flax_seeds":7,"minecraft:lapis_lazuli":10,"minecraft:dirt":218,"minecraft:lantern":1,"born_in_chaos_v1:monster_skin":3,"minecraft:bone":54,"minecraft:acacia_planks":2,"minecraft:wheat_seeds":2,"minecraft:raw_gold":15,"minecraft:mossy_stone_bricks":2,"minecraft:oak_planks":51,"minecraft:black_terracotta":2,"earthmobsmod:harder_flesh":4,"iceandfire:dragon_skull_fire":1,"minecraft:stripped_spruce_log":18,"iceandfire:stymphalian_bird_feather":20,"alexsmobs:animal_dictionary":1,"undead_revamp2:acidsack":1,"minecraft:dark_prismarine":2,"minecraft:dark_prismarine_slab":1,"minecraft:diamond":9,"minecraft:bread":8,"minecraft:emerald":3,"minecraft:netherrack":17,"minecraft:dark_oak_fence":1,"iceandfire:silver_nugget":168,"minecraft:crafting_table":1,"undead_revamp2:bostroxingot":3,"minecraft:charcoal":8,"minecraft:waxed_oxidized_cut_copper":10,"iceandfire:witherbone":1,"minecraft:red_bed":4,"minecraft:moss_carpet":3,"undead_revamp2:bostroxset_chestplate":1,"minecraft:item_frame":5,"iceandfire:bestiary":3,"minecraft:cracked_stone_bricks":8,"minecraft:beef":6,"minecraft:iron_nugget":30,"minecraft:spruce_slab":1,"minecraft:tinted_glass":9,"minecraft:chest":1,"minecraft:raw_iron":54,"iceandfire:dragonscales_green":16,"iceandfire:dragonbone":24,"sophisticatedbackpacks:backpack":2,"minecraft:redstone":51,"minecraft:dark_oak_planks":27,"iceandfire:dragon_skull_ice":7,"iceandfire:cyclops_eye":1,"minecraft:arrow":61,"minecraft:deepslate_bricks":8,"minecraft:hay_block":41,"minecraft:stripped_dark_oak_wood":26,"tombstone:essence_of_undeath":1,"minecraft:gold_ingot":4,"undead_revamp2:wincallerfan":1,"minecraft:glow_berries":37,"minecraft:mutton":9,"minecraft:white_wool":8,"minecraft:skeleton_skull":1,"minecraft:rail":6,"minecraft:stripped_oak_log":8,"born_in_chaos_v1:corpse_maggot":1,"minecraft:mud_bricks":21,"minecraft:leather":7,"minecraft:packed_mud":7,"minecraft:oak_log":2,"minecraft:gunpowder":17,"minecraft:paper":2,"minecraft:cooked_mutton":12,"minecraft:stone_bricks":10,"minecraft:gray_carpet":1,"minecraft:iron_ingot":42,"minecraft:cobweb":9,"tombstone:bag_of_seeds":1,"minecraft:glass_bottle":1,"iceandfire:fire_dragon_flesh":1,"minecraft:flowering_azalea":4,"minecraft:dark_oak_stairs":2,"minecraft:book":81,"minecraft:scaffolding":3,"minecraft:dark_oak_slab":1,"luminousworld:clovers_1":1,"iceandfire:ash":3,"minecraft:red_wool":4,"minecraft:gravel":3,"minecraft:spruce_sapling":1,"minecraft:spruce_log":15,"minecraft:white_bed":1,"minecraft:diamond_axe":1,"minecraft:waxed_oxidized_cut_copper_slab":4,"tombstone:magic_scroll":2,"minecraft:coal":18},"minecraft:mined":{"minecraft:dark_oak_planks":17,"minecraft:spruce_planks":3,"minecraft:white_bed":1,"minecraft:black_terracotta":2,"minecraft:carved_pumpkin":1,"minecraft:cave_vines_plant":4,"minecraft:grass_block":109,"minecraft:deepslate_bricks":9,"minecraft:mud_bricks":22,"minecraft:spawner":7,"minecraft:dark_oak_trapdoor":1,"minecraft:iron_ore":4,"minecraft:cobbled_deepslate":2,"minecraft:fire":1,"minecraft:moss_carpet":1,"minecraft:deepslate_lapis_ore":2,"minecraft:anvil":1,"minecraft:stripped_dark_oak_wood":26,"minecraft:dark_oak_stairs":2,"minecraft:iron_bars":2,"ecologics:walnut_log":8,"minecraft:spruce_slab":1,"minecraft:waxed_cut_copper":5,"minecraft:deepslate_redstone_ore":8,"minecraft:red_bed":4,"minecraft:chest":1,"minecraft:cobblestone":4,"minecraft:oak_planks":17,"minecraft:deepslate_copper_ore":5,"minecraft:dark_oak_slab":1,"minecraft:tinted_glass":10,"minecraft:waxed_copper_block":1,"minecraft:grass":5,"minecraft:oak_log":2,"minecraft:dirt":111,"born_in_chaos_v1:infernal_evil_pumpkin_s":1,"minecraft:netherrack":17,"minecraft:yellow_stained_glass":3,"minecraft:oak_leaves":1,"minecraft:deepslate":107,"minecraft:dark_prismarine":2,"minecraft:deepslate_diamond_ore":10,"iceandfire:frozen_cobblestone":1,"minecraft:glow_lichen":1,"minecraft:dark_oak_fence":2,"minecraft:cobbled_deepslate_slab":1,"minecraft:redstone_wire":3,"minecraft:spruce_leaves":7,"minecraft:moss_block":3,"minecraft:hay_block":41,"minecraft:waxed_oxidized_cut_copper":6,"minecraft:packed_mud":8,"minecraft:waxed_oxidized_cut_copper_slab":1,"minecraft:stripped_spruce_log":10,"minecraft:bookshelf":29,"minecraft:deepslate_iron_ore":50,"minecraft:rail":1,"minecraft:stripped_oak_log":9,"minecraft:stone":62,"minecraft:white_wool":3,"minecraft:mud_brick_slab":1,"minecraft:scaffolding":1,"minecraft:red_wool":4,"ecologics:thin_ice":1,"minecraft:crafting_table":1,"ecologics:walnut_leaves":1,"minecraft:rose_bush":1,"minecraft:campfire":4,"minecraft:tall_grass":1,"minecraft:copper_ore":5,"minecraft:deepslate_gold_ore":13,"minecraft:cracked_deepslate_bricks":5,"minecraft:sculk":1,"minecraft:diorite":1,"supplementaries:urn":13,"minecraft:ice":1,"minecraft:spruce_log":15,"minecraft:dark_prismarine_slab":3,"minecraft:coal_ore":18,"iceandfire:silver_pile":26,"minecraft:gravel":5,"minecraft:gray_carpet":2,"minecraft:cobweb":18,"minecraft:cracked_stone_bricks":7,"minecraft:acacia_planks":2,"minecraft:stone_bricks":4,"minecraft:mossy_stone_bricks":2},"minecraft:broken":{"minecraft:golden_leggings":1,"minecraft:shield":1},"minecraft:dropped":{"minecraft:diamond_axe":1,"minecraft:dark_oak_slab":1,"minecraft:glow_berries":36,"iceandfire:fire_dragon_flesh":1,"minecraft:red_wool":1,"minecraft:cracked_stone_bricks":6,"minecraft:rail":2,"minecraft:item_frame":5,"minecraft:flint":45,"minecraft:packed_mud":7,"minecraft:tnt_minecart":6,"iceandfire:ash":3,"luminousworld:clovers_1":1,"minecraft:stone_axe":1,"minecraft:iron_nugget":30,"alexsmobs:animal_dictionary":2,"minecraft:rotten_flesh":4,"minecraft:oak_planks":36,"minecraft:cooked_mutton":9,"minecraft:waxed_oxidized_cut_copper_slab":2,"supplementaries:flax_seeds":6,"iceandfire:bestiary":3,"minecraft:spruce_slab":1,"minecraft:arrow":14,"minecraft:scaffolding":2,"iceandfire:manuscript":120,"minecraft:bread":6,"minecraft:stripped_spruce_log":8,"minecraft:wheat_seeds":1,"minecraft:cobblestone":12,"minecraft:coal":1,"minecraft:stick":5,"minecraft:cobweb":9,"minecraft:diorite":1,"iceandfire:armor_silver_metal_chestplate":1,"tombstone:grave_dust":1,"minecraft:flowering_azalea":4,"minecraft:paper":4,"minecraft:string":3,"iceandfire:dragon_skull_fire":1,"minecraft:spruce_sapling":1,"minecraft:redstone":2,"iceandfire:silver_nugget":6,"minecraft:moss_carpet":3,"iceandfire:dragon_skull_ice":5,"minecraft:spruce_planks":5,"minecraft:mossy_stone_bricks":1,"minecraft:golden_leggings":1,"minecraft:waxed_oxidized_cut_copper":6,"minecraft:carved_pumpkin":2,"minecraft:stone_bricks":9,"minecraft:wooden_pickaxe":1},"minecraft:custom":{"minecraft:interact_with_crafting_table":55,"minecraft:open_barrel":17,"minecraft:leave_game":9,"minecraft:time_since_death":22936,"minecraft:sprint_one_cm":233968,"minecraft:damage_blocked_by_shield":2530,"minecraft:drop":113,"minecraft:play_time":189333,"minecraft:deaths":26,"minecraft:jump":1897,"minecraft:interact_with_brewingstand":1,"minecraft:walk_on_water_one_cm":61071,"minecraft:interact_with_furnace":52,"minecraft:sleep_in_bed":4,"minecraft:damage_dealt":25916,"minecraft:crouch_one_cm":9340,"tombstone:undead_killed":74,"minecraft:interact_with_smoker":4,"minecraft:interact_with_smithing_table":1,"minecraft:mob_kills":106,"minecraft:interact_with_anvil":1,"minecraft:interact_with_campfire":4,"minecraft:damage_dealt_resisted":498,"minecraft:climb_one_cm":42094,"minecraft:walk_one_cm":605594,"minecraft:sneak_time":4438,"minecraft:walk_under_water_one_cm":52753,"minecraft:total_world_time":189333,"tombstone:raider_killed":3,"minecraft:time_since_rest":1969,"minecraft:damage_taken":11890,"minecraft:damage_absorbed":364,"minecraft:swim_one_cm":20434,"minecraft:fly_one_cm":403031,"minecraft:open_chest":67,"minecraft:fall_one_cm":42597},"minecraft:killed_by":{"minecraft:wither_skeleton":1,"minecraft:vindicator":1,"minecraft:zombie":5,"undead_revamp2:thegliter":1,"takesapillage:legioner":3,"takesapillage:archer":2,"minecraft:skeleton":8,"born_in_chaos_v1:dread_hound":1,"iceandfire:troll":2}},"DataVersion":3465}