{"stats":{"minecraft:used":{"minecraft:spruce_planks":32,"minecraft:bell":1,"minecraft:dirt":22,"minecraft:spruce_stairs":1,"minecraft:carrot":7,"minecraft:snowball":6,"minecraft:item_frame":10,"tombstone:gift":2,"minecraft:potato":9,"minecraft:iron_leggings":1,"minecraft:dark_oak_stairs":2,"minecraft:stone_pickaxe":16,"minecraft:oak_planks":1,"minecraft:wooden_pickaxe":31,"minecraft:redstone_block":1,"minecraft:blue_bed":1,"minecraft:crafting_table":4,"minecraft:oak_log":2,"minecraft:bread":8,"minecraft:iron_pickaxe":41,"minecraft:stone_button":2,"minecraft:gravel":2,"minecraft:cobblestone":3,"alexsmobs:animal_dictionary":3,"iceandfire:dread_stone_bricks_cracked":4},"minecraft:picked_up":{"iceandfire:dread_stone_bricks":2,"minecraft:crafting_table":3,"minecraft:wheat":16,"minecraft:redstone_block":2,"iceandfire:witherbone":3,"minecraft:iron_leggings":1,"minecraft:item_frame":10,"minecraft:sea_pickle":1,"iceandfire:bestiary":1,"minecraft:spruce_planks":2,"minecraft:iron_nugget":2,"minecraft:iron_pickaxe":1,"minecraft:spruce_slab":2,"minecraft:stick":5,"minecraft:torch":3,"minecraft:spruce_stairs":3,"minecraft:stone_button":2,"minecraft:cherry_log":1,"tombstone:grave_dust":3,"minecraft:carrot":9,"minecraft:dark_oak_planks":5,"minecraft:arrow":2,"minecraft:cyan_terracotta":2,"minecraft:gold_ingot":3,"supplementaries:ash":1,"minecraft:iron_bars":1,"minecraft:cobblestone":12,"born_in_chaos_v1:corpse_maggot":1,"minecraft:potato":107,"minecraft:oak_log":13,"iceandfire:dread_stone_bricks_cracked":5,"minecraft:gunpowder":2,"minecraft:blue_bed":2,"minecraft:dirt":26,"minecraft:bone":12,"minecraft:wheat_seeds":51,"minecraft:bell":2,"minecraft:oak_planks":1,"minecraft:dark_oak_stairs":4,"luminousworld:clovers_1":1,"minecraft:daylight_detector":2,"iceandfire:podium_spruce":1,"minecraft:gravel":2,"minecraft:sand":1,"minecraft:spruce_sapling":1,"minecraft:spruce_log":16,"minecraft:dark_prismarine":6,"luminousworld:whiteoaklog":6,"minecraft:slime_ball":1,"luminousworld:yellowpetunias":3,"minecraft:honey_block":7,"iceandfire:dread_stone_bricks_mossy":1,"minecraft:emerald":3,"minecraft:bread":1,"minecraft:chainmail_helmet":1,"minecraft:oak_sapling":7,"minecraft:coal":2},"minecraft:broken":{"minecraft:chainmail_helmet":1},"minecraft:killed":{"luminousworld:frost_bitten_skeleton":1,"minecraft:skeleton":1,"born_in_chaos_v1:baby_skeleton":1,"luminousworld:mourning_cloak":2,"luminousworld:zebra_longwing":2},"minecraft:custom":{"minecraft:mob_kills":9,"minecraft:interact_with_crafting_table":6,"minecraft:open_barrel":1,"minecraft:bell_ring":74,"minecraft:damage_dealt_resisted":6,"minecraft:leave_game":1,"minecraft:time_since_death":2444,"minecraft:climb_one_cm":2388,"minecraft:sprint_one_cm":374405,"minecraft:walk_one_cm":226838,"minecraft:drop":60,"minecraft:talked_to_villager":5,"minecraft:play_time":92884,"minecraft:deaths":19,"minecraft:sneak_time":703,"minecraft:walk_under_water_one_cm":48078,"minecraft:jump":2264,"minecraft:walk_on_water_one_cm":21213,"minecraft:total_world_time":92884,"minecraft:sleep_in_bed":2,"minecraft:time_since_rest":45,"minecraft:damage_taken":5566,"minecraft:damage_dealt":1834,"minecraft:swim_one_cm":43172,"minecraft:fly_one_cm":614076,"minecraft:open_chest":25,"minecraft:crouch_one_cm":2215,"tombstone:undead_killed":3,"minecraft:fall_one_cm":46122},"minecraft:killed_by":{"minecraft:player":3,"minecraft:wither_skeleton":2,"minecraft:creeper":1,"minecraft:pillager":2,"born_in_chaos_v1:swarmer":1,"born_in_chaos_v1:zombie_bruiser":2,"iceandfire:dread_thrall":1,"iceandfire:dread_ghoul":1,"iceandfire:dread_knight":1,"undead_revamp2:thespectre":1,"illagerinvasion:inquisitor":1},"minecraft:dropped":{"minecraft:daylight_detector":1,"minecraft:dark_oak_stairs":2,"minecraft:wheat_seeds":50,"minecraft:cobblestone":2,"iceandfire:dread_stone_bricks_cracked":1,"minecraft:spruce_stairs":1,"minecraft:coal":1,"minecraft:item_frame":4,"minecraft:cyan_terracotta":2,"minecraft:dirt":4,"tombstone:grave_key":4,"tombstone:grave_dust":4,"minecraft:sand":1,"luminousworld:clovers_1":1,"minecraft:redstone_block":1,"minecraft:bone":12,"minecraft:iron_nugget":3,"minecraft:wheat":4,"iceandfire:witherbone":3,"tombstone:gift":1,"iceandfire:dread_stone_bricks_mossy":2,"minecraft:potato":50,"minecraft:gunpowder":2,"minecraft:spruce_planks":2,"born_in_chaos_v1:corpse_maggot":1,"minecraft:oak_sapling":4,"minecraft:slime_ball":1,"minecraft:stone_pickaxe":1,"iceandfire:manuscript":1},"minecraft:mined":{"minecraft:dark_oak_planks":1,"minecraft:dark_prismarine":6,"minecraft:spruce_planks":1,"luminousworld:yellowpetunias":1,"luminousworld:grassvariant_4":5,"minecraft:grass_block":15,"luminousworld:grassvariant_2":1,"minecraft:spruce_leaves":2,"minecraft:carrots":8,"minecraft:dark_oak_stairs":4,"minecraft:bell":2,"minecraft:potatoes":51,"luminousworld:snowgrass":2,"minecraft:packed_ice":2,"iceandfire:dread_stone_bricks_cracked":2,"minecraft:stone":9,"iceandfire:podium_spruce":1,"minecraft:redstone_block":1,"minecraft:cyan_terracotta":1,"ecologics:thin_ice":1,"minecraft:crafting_table":4,"minecraft:torch":3,"minecraft:honey_block":16,"minecraft:cobblestone":3,"minecraft:oak_planks":1,"minecraft:blue_bed":2,"luminousworld:whiteoaklog":6,"minecraft:spruce_stairs":2,"minecraft:wheat":22,"minecraft:ice":1,"minecraft:spruce_log":16,"minecraft:grass":1,"iceandfire:dread_stone_bricks_mossy":1,"luminousworld:clovers_5":1,"minecraft:oak_log":12,"minecraft:gravel":2,"minecraft:sand":1,"minecraft:dirt":13,"minecraft:acacia_planks":1,"iceandfire:dread_stone_bricks":2,"minecraft:oak_leaves":7,"minecraft:daylight_detector":1},"minecraft:crafted":{"minecraft:oak_planks":44,"luminousworld:white_oak_plank":24,"minecraft:stone_pickaxe":2,"minecraft:crafting_table":2,"minecraft:spruce_planks":60,"minecraft:wooden_pickaxe":2,"minecraft:bread":4,"minecraft:stick":8}},"DataVersion":3465}