{"stats":{"minecraft:used":{"minecraft:armor_stand":1,"minecraft:spruce_slab":2,"minecraft:chest":1,"minecraft:spruce_planks":37,"minecraft:bell":1,"minecraft:dirt":23,"minecraft:spruce_stairs":1,"minecraft:carrot":10,"ecologics:seashell":1,"minecraft:snowball":6,"minecraft:item_frame":10,"minecraft:goat_horn":5,"tombstone:gift":2,"minecraft:potato":9,"minecraft:iron_leggings":1,"minecraft:dark_oak_stairs":2,"minecraft:stone_pickaxe":47,"minecraft:oak_planks":16,"minecraft:leather_chestplate":2,"luminousworld:yellow_grassflowers":2,"minecraft:wooden_pickaxe":57,"minecraft:redstone_block":1,"minecraft:blue_bed":1,"naturalist:duck_egg":1,"minecraft:crafting_table":9,"minecraft:oak_log":2,"earthmobsmod:duck_egg":1,"minecraft:chicken":1,"minecraft:iron_pickaxe":44,"minecraft:bread":8,"minecraft:stone_button":2,"minecraft:leather_helmet":1,"minecraft:gravel":2,"minecraft:blue_candle":3,"minecraft:wooden_sword":20,"minecraft:cobblestone":3,"minecraft:porkchop":2,"minecraft:smooth_stone_slab":2,"alexsmobs:animal_dictionary":3,"minecraft:experience_bottle":1,"iceandfire:dread_stone_bricks_cracked":4},"minecraft:picked_up":{"minecraft:blue_candle":3,"iceandfire:dread_stone_bricks":2,"minecraft:crafting_table":6,"luminousworld:groundpebbles_1":4,"minecraft:wheat":16,"iceandfire:witherbone":3,"minecraft:redstone_block":2,"minecraft:chicken":1,"ecologics:seashell":3,"minecraft:smooth_stone_slab":2,"minecraft:iron_leggings":1,"minecraft:armor_stand":1,"minecraft:item_frame":10,"minecraft:sea_pickle":1,"iceandfire:bestiary":1,"earthmobsmod:duck_egg":1,"minecraft:spruce_planks":3,"minecraft:player_head":1,"minecraft:iron_nugget":2,"minecraft:iron_pickaxe":1,"minecraft:spruce_slab":2,"minecraft:chest":1,"minecraft:stick":5,"ecologics:coconut_slice":2,"minecraft:torch":4,"minecraft:spruce_stairs":3,"minecraft:porkchop":3,"minecraft:cherry_log":1,"minecraft:stone_button":2,"tombstone:grave_dust":3,"minecraft:carrot":9,"minecraft:dark_oak_planks":5,"minecraft:arrow":2,"luminousworld:yellow_grassflowers":2,"ecologics:coconut_log":3,"minecraft:cyan_terracotta":2,"minecraft:gold_ingot":3,"supplementaries:ash":3,"minecraft:iron_bars":1,"minecraft:cobblestone":24,"born_in_chaos_v1:corpse_maggot":1,"minecraft:leather_chestplate":1,"minecraft:feather":1,"minecraft:potato":107,"minecraft:oak_log":19,"iceandfire:dread_stone_bricks_cracked":5,"minecraft:gunpowder":2,"minecraft:dirt":27,"minecraft:blue_bed":2,"minecraft:bone":16,"minecraft:wheat_seeds":51,"minecraft:bell":2,"minecraft:oak_planks":16,"minecraft:dark_oak_stairs":4,"luminousworld:clovers_1":1,"minecraft:cooked_porkchop":4,"minecraft:daylight_detector":2,"iceandfire:podium_spruce":1,"minecraft:gravel":2,"minecraft:sand":1,"minecraft:stripped_spruce_log":4,"minecraft:spruce_sapling":1,"minecraft:spruce_log":17,"minecraft:leather_helmet":1,"naturalist:duck_egg":1,"luminousworld:whiteoaklog":8,"minecraft:dark_prismarine":6,"minecraft:purple_bed":1,"minecraft:slime_ball":1,"luminousworld:yellowpetunias":3,"minecraft:honey_block":7,"iceandfire:dread_stone_bricks_mossy":1,"minecraft:blue_ice":1,"minecraft:emerald":3,"minecraft:bread":1,"minecraft:chainmail_helmet":1,"minecraft:oak_sapling":7,"minecraft:coal":27},"minecraft:broken":{"minecraft:chainmail_helmet":1},"minecraft:killed":{"earthmobsmod:duck":1,"luminousworld:frost_bitten_skeleton":1,"minecraft:skeleton":1,"enemyexpansion:goblin":1,"minecraft:pig":1,"born_in_chaos_v1:baby_skeleton":1,"born_in_chaos_v1:decrepit_skeleton":1,"luminousworld:mourning_cloak":2,"minecraft:zombie":1,"luminousworld:zebra_longwing":2},"minecraft:custom":{"minecraft:mob_kills":14,"minecraft:interact_with_crafting_table":14,"minecraft:open_barrel":1,"minecraft:bell_ring":74,"minecraft:damage_dealt_resisted":6,"minecraft:leave_game":4,"minecraft:time_since_death":2428,"minecraft:climb_one_cm":2388,"minecraft:sprint_one_cm":498262,"minecraft:walk_one_cm":325741,"minecraft:drop":66,"minecraft:talked_to_villager":5,"minecraft:play_time":126889,"minecraft:deaths":25,"minecraft:sneak_time":790,"minecraft:walk_under_water_one_cm":60324,"minecraft:jump":3168,"minecraft:walk_on_water_one_cm":29628,"minecraft:total_world_time":126889,"minecraft:sleep_in_bed":3,"minecraft:time_since_rest":2311,"minecraft:damage_taken":8486,"minecraft:damage_dealt":3104,"minecraft:swim_one_cm":63848,"minecraft:fly_one_cm":856336,"minecraft:open_chest":37,"minecraft:crouch_one_cm":2337,"tombstone:undead_killed":5,"minecraft:fall_one_cm":82668},"minecraft:killed_by":{"mutantmonsters:mutant_zombie":1,"minecraft:player":3,"minecraft:wither_skeleton":2,"minecraft:creeper":1,"minecraft:pillager":3,"born_in_chaos_v1:swarmer":1,"born_in_chaos_v1:zombie_bruiser":2,"iceandfire:dread_thrall":1,"alexsmobs:bison":1,"iceandfire:dread_ghoul":1,"iceandfire:dread_knight":1,"undead_revamp2:thespectre":1,"minecraft:hoglin":1,"illagerinvasion:inquisitor":1,"ecologics:coconut_crab":1},"minecraft:dropped":{"minecraft:daylight_detector":1,"minecraft:dark_oak_stairs":2,"minecraft:wheat_seeds":50,"minecraft:cobblestone":2,"iceandfire:dread_stone_bricks_cracked":1,"minecraft:spruce_stairs":1,"minecraft:coal":1,"minecraft:item_frame":4,"minecraft:cyan_terracotta":2,"minecraft:dirt":4,"tombstone:grave_key":7,"tombstone:grave_dust":4,"minecraft:sand":1,"luminousworld:clovers_1":1,"minecraft:redstone_block":1,"minecraft:bone":12,"minecraft:iron_nugget":3,"minecraft:wheat":4,"iceandfire:witherbone":3,"tombstone:gift":1,"iceandfire:dread_stone_bricks_mossy":2,"minecraft:potato":50,"minecraft:gunpowder":2,"minecraft:spruce_planks":2,"luminousworld:groundpebbles_1":3,"born_in_chaos_v1:corpse_maggot":1,"minecraft:oak_sapling":4,"minecraft:slime_ball":1,"minecraft:stone_pickaxe":1,"iceandfire:manuscript":1},"minecraft:mined":{"minecraft:dark_oak_planks":1,"minecraft:dark_prismarine":6,"luminousworld:groundpebbles_1":3,"minecraft:spruce_planks":2,"luminousworld:yellowpetunias":1,"luminousworld:grassvariant_4":7,"minecraft:grass_block":16,"luminousworld:grassvariant_2":4,"ecologics:coconut_log":3,"minecraft:spruce_leaves":5,"luminousworld:yellow_grassflowers":2,"minecraft:carrots":8,"minecraft:stripped_spruce_log":4,"minecraft:dark_oak_stairs":5,"minecraft:bell":2,"minecraft:potatoes":51,"luminousworld:snowgrass":3,"minecraft:packed_ice":2,"iceandfire:dread_stone_bricks_cracked":2,"minecraft:stone":20,"iceandfire:podium_spruce":1,"minecraft:player_head":1,"minecraft:redstone_block":1,"minecraft:cyan_terracotta":1,"ecologics:thin_ice":1,"minecraft:crafting_table":7,"minecraft:torch":3,"minecraft:honey_block":16,"minecraft:chest":1,"minecraft:cobblestone":4,"minecraft:oak_planks":16,"minecraft:blue_bed":2,"minecraft:blue_candle":1,"luminousworld:whiteoaklog":8,"minecraft:spruce_stairs":2,"minecraft:purple_bed":1,"ecologics:seashell":3,"minecraft:wheat":22,"minecraft:ice":1,"minecraft:spruce_log":17,"minecraft:smooth_stone_slab":1,"minecraft:grass":2,"iceandfire:dread_stone_bricks_mossy":1,"minecraft:coal_ore":24,"minecraft:oak_log":18,"luminousworld:clovers_5":1,"minecraft:gravel":2,"minecraft:sand":1,"minecraft:dirt":13,"minecraft:acacia_planks":1,"iceandfire:dread_stone_bricks":2,"minecraft:oak_leaves":7,"minecraft:daylight_detector":1},"minecraft:crafted":{"minecraft:wooden_sword":2,"minecraft:oak_planks":68,"ecologics:coconut_planks":12,"luminousworld:white_oak_plank":32,"minecraft:stone_pickaxe":3,"minecraft:dark_oak_planks":12,"minecraft:crafting_table":7,"minecraft:spruce_planks":80,"minecraft:wooden_pickaxe":4,"minecraft:bread":4,"minecraft:stick":28,"minecraft:torch":4}},"DataVersion":3465}