{"stats":{"minecraft:mined":{"luminousworld:snowgrass":2,"minecraft:packed_ice":1,"minecraft:ice":1,"iceandfire:podium_spruce":1,"ecologics:thin_ice":1},"minecraft:custom":{"minecraft:time_since_rest":9751,"minecraft:open_chest":11,"minecraft:play_time":9751,"minecraft:sprint_one_cm":34345,"minecraft:damage_taken":305,"minecraft:walk_one_cm":78389,"minecraft:sneak_time":8,"minecraft:walk_under_water_one_cm":513,"minecraft:jump":264,"minecraft:damage_dealt":188,"minecraft:time_since_death":9751,"minecraft:walk_on_water_one_cm":2458,"minecraft:total_world_time":9751,"minecraft:climb_one_cm":24,"minecraft:swim_one_cm":8416,"minecraft:talked_to_villager":5,"minecraft:fall_one_cm":6659,"minecraft:fly_one_cm":72501},"minecraft:used":{"minecraft:bread":4,"alexsmobs:animal_dictionary":2,"minecraft:snowball":6},"minecraft:picked_up":{"iceandfire:podium_spruce":1,"iceandfire:bestiary":1}},"DataVersion":3465}