{"stats":{"minecraft:used":{"minecraft:water_bucket":1,"luminousworld:snow_poppy":1,"minecraft:flint_and_steel":1,"minecraft:oak_planks":1,"minecraft:spruce_planks":14,"minecraft:iron_sword":154,"luminousworld:ishstone":15,"minecraft:blue_bed":2,"minecraft:torch":11,"minecraft:dirt":41,"minecraft:crafting_table":3,"minecraft:painting":3,"minecraft:spruce_log":3,"minecraft:polished_diorite":1,"alexscaves:cooked_radgill":1,"minecraft:packed_ice":1,"minecraft:honey_block":3,"minecraft:diamond_pickaxe":168,"minecraft:lava_bucket":1,"minecraft:bread":15,"minecraft:spruce_sapling":1,"minecraft:crimson_planks":4,"minecraft:red_carpet":4,"minecraft:cobblestone":1,"minecraft:sweet_berries":16,"minecraft:bucket":3,"tombstone:gift":4},"minecraft:picked_up":{"iceandfire:dread_stone_bricks":9,"minecraft:crafting_table":2,"luminousworld:ishstone":34,"iceandfire:dread_stone_bricks_cracked":7,"iceandfire:manuscript":1,"minecraft:blue_bed":2,"minecraft:dirt":41,"minecraft:raw_copper":80,"minecraft:iron_leggings":1,"minecraft:red_carpet":4,"minecraft:experience_bottle":2,"minecraft:bone":6,"iceandfire:dread_shard":8,"minecraft:iron_nugget":1,"minecraft:oak_planks":1,"minecraft:stripped_crimson_hyphae":1,"luminousworld:clovers_1":1,"iceandfire:dread_sword":1,"minecraft:stripped_spruce_log":1,"minecraft:spruce_log":11,"minecraft:dark_oak_planks":1,"minecraft:arrow":1,"minecraft:polished_diorite":1,"luminousworld:snow_poppy":1,"minecraft:honey_block":3,"minecraft:crossbow":1,"minecraft:painting":6,"minecraft:emerald":5,"minecraft:bread":2,"minecraft:chainmail_helmet":3,"minecraft:coal":68,"minecraft:snowball":15,"iceandfire:raw_silver":4,"minecraft:cobblestone":7},"minecraft:killed":{"born_in_chaos_v1:mr_pumpkin":2,"luminousworld:frost_bitten_skeleton":1,"iceandfire:dread_thrall":4,"iceandfire:dread_ghoul":1},"minecraft:custom":{"minecraft:mob_kills":9,"minecraft:interact_with_crafting_table":7,"minecraft:open_barrel":5,"minecraft:damage_dealt_resisted":87,"minecraft:leave_game":1,"minecraft:time_since_death":8544,"minecraft:sleep_in_bed":2,"minecraft:climb_one_cm":1569,"minecraft:time_since_rest":8516,"minecraft:sprint_one_cm":300721,"minecraft:damage_taken":3626,"minecraft:walk_one_cm":127877,"minecraft:drop":23,"minecraft:damage_dealt":3402,"minecraft:swim_one_cm":14203,"minecraft:talked_to_villager":6,"minecraft:fly_one_cm":300928,"minecraft:open_chest":57,"minecraft:crouch_one_cm":402,"minecraft:play_time":60047,"tombstone:undead_killed":6,"minecraft:deaths":12,"minecraft:sneak_time":138,"minecraft:walk_under_water_one_cm":1078,"minecraft:jump":1172,"minecraft:walk_on_water_one_cm":6659,"minecraft:total_world_time":60047,"minecraft:fall_one_cm":37468},"minecraft:killed_by":{"minecraft:vindicator":3,"illagerinvasion:inquisitor":1,"born_in_chaos_v1:zombie_bruiser":1,"iceandfire:dread_knight":2},"minecraft:dropped":{"minecraft:iron_sword":1,"minecraft:sweet_berries":3,"minecraft:iron_nugget":1,"alexsmobs:animal_dictionary":1,"minecraft:cobblestone":6,"iceandfire:dread_stone_bricks_cracked":3,"minecraft:chainmail_helmet":3,"alexscaves:radgill":2,"minecraft:gunpowder":2,"iceandfire:dread_sword":1,"minecraft:melon_seeds":2,"iceandfire:dread_stone_bricks":4,"minecraft:iron_leggings":1,"minecraft:painting":3,"minecraft:dark_oak_planks":1,"luminousworld:clovers_1":1},"minecraft:mined":{"minecraft:dark_oak_planks":1,"minecraft:red_carpet":1,"minecraft:redstone_block":1,"iceandfire:silver_ore":4,"minecraft:crafting_table":2,"minecraft:stripped_crimson_hyphae":1,"minecraft:grass_block":33,"minecraft:melon":1,"iceandfire:dread_spawner":4,"minecraft:copper_ore":20,"minecraft:polished_diorite":1,"luminousworld:snow_poppy":1,"minecraft:diorite":1,"minecraft:blue_bed":2,"minecraft:fire":1,"minecraft:ice":1,"minecraft:blue_ice":2,"minecraft:spruce_log":13,"minecraft:stripped_spruce_log":3,"iceandfire:dread_stone_bricks_mossy":2,"luminousworld:ishstone":34,"minecraft:coal_ore":68,"minecraft:dirt":10,"minecraft:packed_ice":7,"minecraft:cobweb":1,"minecraft:stone":9,"luminousworld:clovers_3":1,"iceandfire:dread_stone_bricks_cracked":13,"minecraft:cake":1,"iceandfire:dread_stone_bricks":8},"minecraft:crafted":{"minecraft:crimson_planks":4,"minecraft:crafting_table":1,"minecraft:spruce_planks":36,"minecraft:bucket":1,"minecraft:iron_chestplate":1,"minecraft:diamond_pickaxe":1,"minecraft:stick":36,"minecraft:torch":32}},"DataVersion":3465}