{"stats":{"minecraft:dropped":{"minecraft:iron_sword":2,"minecraft:crossbow":1,"minecraft:leather":4,"iceandfire:ectoplasm":3,"iceandfire:dread_stone_bricks_cracked":10,"minecraft:red_carpet":6,"born_in_chaos_v1:monster_flesh":2,"iceandfire:dread_sword":1,"minecraft:stone_button":3,"minecraft:snowball":15,"iceandfire:dread_stone_bricks":4,"minecraft:chain":2,"minecraft:dark_oak_planks":1,"minecraft:white_wool":2,"luminousworld:clovers_1":1,"minecraft:gravel":1,"minecraft:iron_nugget":1,"minecraft:cobbled_deepslate":8,"alexsmobs:animal_dictionary":1,"minecraft:wheat":2,"minecraft:rotten_flesh":11,"minecraft:carrot":1,"supplementaries:flax_seeds":1,"supplementaries:ash":4,"minecraft:gunpowder":2,"minecraft:melon_seeds":2,"born_in_chaos_v1:corpse_maggot":1,"ecologics:coconut_husk":2,"minecraft:chest":1,"minecraft:painting":3,"minecraft:iron_bars":2,"minecraft:wheat_seeds":4,"luminousworld:ishstone":6,"minecraft:poisonous_potato":1,"minecraft:iron_helmet":1,"minecraft:cobblestone":6,"minecraft:amethyst_block":6,"minecraft:acacia_log":1,"minecraft:chainmail_helmet":3,"iceandfire:armor_silver_metal_chestplate":1,"minecraft:iron_leggings":1,"minecraft:smooth_basalt":2,"iceandfire:silver_nugget":46,"minecraft:blue_terracotta":5,"minecraft:sweet_berries":3,"minecraft:raw_iron":1,"earthmobsmod:harder_flesh":1,"alexscaves:radgill":2,"minecraft:stone":3,"minecraft:flower_pot":1,"luminousworld:groundpebbles_1":1,"minecraft:andesite":64,"minecraft:stone_bricks":1,"minecraft:spruce_log":2,"minecraft:calcite":6},"minecraft:killed_by":{"born_in_chaos_v1:zombie_bruiser":1,"minecraft:vindicator":3,"iceandfire:ice_dragon":3,"minecraft:player":1,"iceandfire:dread_knight":2,"illagerinvasion:inquisitor":1,"iceandfire:ghost":1},"minecraft:mined":{"minecraft:dark_oak_planks":1,"minecraft:spruce_planks":3,"iceandfire:dread_torch":1,"minecraft:granite":98,"minecraft:stripped_crimson_hyphae":1,"minecraft:grass_block":45,"iceandfire:dread_spawner":4,"minecraft:polished_diorite":1,"luminousworld:snow_poppy":1,"minecraft:mud_bricks":18,"minecraft:iron_ore":49,"minecraft:fire":1,"minecraft:anvil":1,"minecraft:dark_oak_stairs":1,"minecraft:iron_bars":2,"minecraft:potted_cornflower":1,"iceandfire:dread_stone_bricks_cracked":20,"minecraft:deepslate_redstone_ore":12,"iceandfire:dragon_ice_spikes":1,"born_in_chaos_v1:infected_deepslate_diamond_ore":1,"minecraft:calcite":3,"minecraft:melon":1,"iceandfire:ghost_chest":1,"minecraft:chest":2,"iceandfire:frozen_dirt":2,"iceandfire:sapphire_ore":8,"minecraft:wall_torch":3,"minecraft:amethyst_block":3,"minecraft:blue_terracotta":8,"minecraft:wheat":1,"minecraft:blue_ice":2,"minecraft:lilac":1,"minecraft:yellow_glazed_terracotta":9,"iceandfire:dread_stone_bricks_mossy":2,"minecraft:dirt":44,"minecraft:smooth_basalt":2,"iceandfire:dread_stone_bricks":11,"minecraft:deepslate":32,"minecraft:yellow_terracotta":1,"minecraft:red_carpet":2,"minecraft:tuff":1,"iceandfire:silver_ore":41,"minecraft:deepslate_diamond_ore":4,"luminousworld:grassvariant_4":1,"iceandfire:frozen_cobblestone":4,"luminousworld:clovers_4":1,"minecraft:spruce_leaves":10,"minecraft:hay_block":7,"minecraft:packed_mud":5,"minecraft:carrots":10,"minecraft:snow":1,"minecraft:andesite":197,"minecraft:stripped_spruce_log":19,"minecraft:gold_block":1,"minecraft:potatoes":21,"minecraft:deepslate_iron_ore":29,"minecraft:vine":1,"luminousworld:snowgrass":5,"minecraft:packed_ice":9,"luminousworld:clovers_3":1,"minecraft:stone":557,"minecraft:cake":1,"minecraft:mud_brick_slab":2,"minecraft:redstone_block":1,"minecraft:glass_pane":1,"minecraft:crafting_table":6,"minecraft:copper_ore":20,"minecraft:lapis_ore":3,"minecraft:deepslate_gold_ore":11,"minecraft:diorite":15,"minecraft:blue_bed":5,"supplementaries:urn":14,"minecraft:red_terracotta":4,"minecraft:ice":1,"minecraft:spruce_log":40,"minecraft:coal_ore":124,"iceandfire:silver_pile":1,"luminousworld:ishstone":35,"minecraft:gravel":9,"minecraft:cobweb":5,"minecraft:cracked_stone_bricks":1,"minecraft:stone_bricks":1},"minecraft:killed":{"born_in_chaos_v1:mr_pumpkin":2,"born_in_chaos_v1:zombie_lumberjack":1,"luminousworld:frost_bitten_skeleton":6,"minecraft:skeleton":3,"ecologics:coconut_crab":1,"artifacts:mimic":1,"minecraft:pig":1,"minecraft:zombie_villager":1,"undead_revamp2:thebidyupside":1,"minecraft:zombie":4,"born_in_chaos_v1:dread_hound":1,"enemyexpansion:vampire":1,"born_in_chaos_v1:corpse_fly":5,"iceandfire:dread_ghoul":1,"minecraft:cow":4,"luminousworld:frostbitten_zombie":8,"creeperoverhaul:snowy_creeper":2,"iceandfire:dread_thrall":6,"earthmobsmod:bouldering_zombie":1,"undead_revamp2:the_moonflower":2,"enemyexpansion:sprinter":2,"born_in_chaos_v1:decrepit_skeleton":1,"luminousworld:mourning_cloak":1,"endermanoverhaul:cave_enderman":1,"iceandfire:ghost":1,"enemyexpansion:huntsman":1,"iceandfire:ice_dragon":1,"enemyexpansion:slugger":1},"minecraft:broken":{"minecraft:iron_leggings":1},"minecraft:used":{"minecraft:iron_shovel":29,"minecraft:chest":5,"minecraft:shield":5,"minecraft:iron_sword":233,"minecraft:rotten_flesh":5,"minecraft:iron_chestplate":1,"minecraft:carrot":17,"minecraft:acacia_button":1,"minecraft:snowball":1,"minecraft:stripped_spruce_log":1,"born_in_chaos_v1:corpse_maggot":2,"minecraft:honey_block":3,"iceandfire:dread_torch":5,"minecraft:packed_ice":1,"minecraft:lava_bucket":1,"minecraft:red_carpet":4,"minecraft:sweet_berries":16,"minecraft:furnace":4,"iceandfire:frozen_cobblestone":3,"minecraft:potato":42,"minecraft:diorite":9,"minecraft:oak_planks":1,"iceandfire:dragonbone_sword_ice":239,"minecraft:blue_bed":5,"minecraft:golden_apple":1,"minecraft:bread":50,"minecraft:stone_button":1,"minecraft:gravel":4,"ecologics:coconut_slice":2,"minecraft:andesite":2,"minecraft:bone_meal":3,"luminousworld:snow_poppy":1,"minecraft:flint_and_steel":9,"minecraft:spruce_planks":61,"minecraft:torch":62,"minecraft:dirt":72,"minecraft:granite":4,"minecraft:polished_diorite":1,"minecraft:iron_axe":58,"minecraft:crimson_planks":4,"tombstone:gift":6,"minecraft:cooked_beef":5,"iceandfire:dragonbone_pickaxe":810,"minecraft:cobbled_deepslate":2,"minecraft:cooked_mutton":1,"minecraft:water_bucket":22,"luminousworld:ishstone":28,"minecraft:stonecutter":1,"minecraft:crafting_table":7,"minecraft:painting":3,"minecraft:spruce_log":3,"alexscaves:cooked_radgill":1,"minecraft:diamond_pickaxe":554,"minecraft:spruce_sapling":1,"minecraft:cobblestone":42,"minecraft:cooked_porkchop":2,"minecraft:bucket":24,"minecraft:pumpkin_pie":8,"iceandfire:dread_stone_bricks_cracked":4},"minecraft:crafted":{"minecraft:smooth_stone":2,"minecraft:stone":16,"minecraft:heavy_weighted_pressure_plate":1,"minecraft:chest":4,"iceandfire:dread_torch":4,"sophisticatedbackpacks:backpack":1,"minecraft:crafting_table":2,"minecraft:spruce_planks":136,"minecraft:acacia_button":1,"minecraft:birch_planks":8,"iceandfire:dragonbone_sword_ice":1,"minecraft:iron_chestplate":1,"minecraft:diamond_pickaxe":1,"minecraft:shield":1,"minecraft:stick":60,"minecraft:gold_ingot":9,"minecraft:spruce_button":10,"minecraft:furnace":4,"minecraft:stone_button":8,"minecraft:bone_meal":3,"minecraft:iron_axe":1,"minecraft:wheat":63,"iceandfire:dragonbone_sword":1,"minecraft:crimson_planks":4,"iceandfire:silver_ingot":28,"minecraft:bucket":1,"minecraft:bread":21,"iceandfire:dragonbone_pickaxe":1,"minecraft:air":0,"minecraft:iron_shovel":1,"minecraft:stonecutter":1,"minecraft:acacia_planks":4,"minecraft:torch":80},"minecraft:picked_up":{"iceandfire:dread_stone_bricks":9,"minecraft:wheat":2,"minecraft:flower_pot":1,"minecraft:anvil":1,"minecraft:enchanted_book":3,"minecraft:amethyst_block":6,"iceandfire:manuscript":1,"minecraft:string":4,"minecraft:raw_copper":80,"minecraft:iron_leggings":1,"minecraft:experience_bottle":2,"minecraft:cobbled_deepslate":19,"minecraft:spruce_planks":3,"minecraft:calcite":6,"minecraft:torch":15,"minecraft:acacia_log":2,"iceandfire:dread_sword":1,"iceandfire:dread_torch":1,"tombstone:grave_dust":4,"minecraft:diorite":10,"minecraft:rotten_flesh":19,"supplementaries:ash":27,"minecraft:iron_bars":2,"minecraft:snowball":16,"minecraft:cobblestone":450,"minecraft:birch_log":2,"iceandfire:sapphire_gem":8,"minecraft:cooked_beef":9,"minecraft:andesite":232,"minecraft:potato":76,"supplementaries:flax_seeds":1,"minecraft:lapis_lazuli":10,"minecraft:dirt":84,"iceandfire:dragonbone_sword_ice":3,"minecraft:bone":16,"minecraft:bow":1,"minecraft:wheat_seeds":8,"minecraft:raw_gold":11,"minecraft:oak_planks":1,"minecraft:cooked_porkchop":2,"minecraft:poisonous_potato":1,"earthmobsmod:harder_flesh":2,"minecraft:stripped_spruce_log":17,"minecraft:red_terracotta":3,"minecraft:bundle":1,"minecraft:blue_terracotta":5,"minecraft:diamond":4,"minecraft:deepslate":1,"luminousworld:snow_poppy":1,"minecraft:crossbow":1,"minecraft:granite":68,"minecraft:bread":2,"minecraft:emerald":12,"minecraft:chainmail_helmet":4,"iceandfire:silver_nugget":61,"iceandfire:raw_silver":40,"luminousworld:groundpebbles_1":1,"born_in_chaos_v1:diamond_termite_shard":1,"minecraft:crafting_table":6,"artifacts:night_vision_goggles":1,"minecraft:gold_block":1,"iceandfire:frozen_cobblestone":3,"minecraft:acacia_button":1,"minecraft:chain":2,"minecraft:cracked_stone_bricks":1,"iceandfire:dread_shard":8,"minecraft:iron_nugget":1,"minecraft:sugar_cane":7,"minecraft:chest":3,"minecraft:stripped_crimson_hyphae":1,"minecraft:raw_iron":83,"minecraft:stone":3,"ecologics:coconut_slice":8,"minecraft:stone_button":4,"minecraft:carrot":31,"minecraft:redstone":58,"minecraft:dark_oak_planks":1,"minecraft:arrow":2,"minecraft:hay_block":7,"minecraft:white_wool":2,"born_in_chaos_v1:corpse_maggot":3,"born_in_chaos_v1:monster_flesh":2,"luminousworld:ishstone":41,"minecraft:leather":8,"iceandfire:ectoplasm":7,"iceandfire:dread_stone_bricks_cracked":13,"minecraft:blue_bed":5,"minecraft:cooked_mutton":1,"minecraft:red_carpet":17,"minecraft:stone_bricks":1,"minecraft:iron_ingot":3,"minecraft:iron_sword":1,"minecraft:smooth_basalt":2,"luminousworld:clovers_1":1,"minecraft:gravel":5,"minecraft:spruce_log":38,"minecraft:polished_diorite":1,"minecraft:honey_block":3,"minecraft:chainmail_leggings":1,"minecraft:painting":6,"iceandfire:ice_dragon_flesh":2,"minecraft:coal":124},"minecraft:custom":{"minecraft:interact_with_crafting_table":49,"minecraft:open_barrel":24,"minecraft:leave_game":5,"minecraft:time_since_death":28407,"minecraft:sprint_one_cm":931413,"minecraft:damage_blocked_by_shield":150,"minecraft:drop":105,"minecraft:play_noteblock":1,"minecraft:talked_to_villager":9,"minecraft:play_time":223568,"minecraft:deaths":17,"minecraft:jump":6976,"minecraft:walk_on_water_one_cm":24015,"minecraft:interact_with_furnace":27,"minecraft:sleep_in_bed":4,"minecraft:damage_dealt":18551,"minecraft:crouch_one_cm":6850,"tombstone:undead_killed":40,"minecraft:interact_with_smithing_table":1,"minecraft:mob_kills":70,"minecraft:interact_with_anvil":4,"minecraft:damage_dealt_resisted":305,"minecraft:climb_one_cm":1709,"minecraft:walk_one_cm":419860,"minecraft:sneak_time":2473,"minecraft:walk_under_water_one_cm":6722,"minecraft:total_world_time":223568,"minecraft:tune_noteblock":1,"minecraft:interact_with_stonecutter":3,"minecraft:time_since_rest":28238,"minecraft:damage_taken":7793,"minecraft:damage_absorbed":40,"minecraft:swim_one_cm":15991,"minecraft:fly_one_cm":882030,"minecraft:open_chest":166,"minecraft:fall_one_cm":95937}},"DataVersion":3465}