{"stats":{"minecraft:crafted":{"minecraft:smooth_stone":2,"minecraft:spruce_button":10,"minecraft:stone_button":8,"minecraft:furnace":4,"minecraft:stone":16,"minecraft:bone_meal":3,"minecraft:heavy_weighted_pressure_plate":1,"minecraft:iron_axe":1,"minecraft:chest":3,"iceandfire:dread_torch":4,"minecraft:wheat":63,"iceandfire:dragonbone_sword":1,"minecraft:crimson_planks":4,"iceandfire:silver_ingot":28,"minecraft:crafting_table":2,"minecraft:spruce_planks":136,"minecraft:bucket":1,"minecraft:acacia_button":1,"minecraft:birch_planks":8,"iceandfire:dragonbone_pickaxe":1,"minecraft:bread":21,"minecraft:air":0,"iceandfire:dragonbone_sword_ice":1,"minecraft:iron_chestplate":1,"minecraft:diamond_pickaxe":1,"minecraft:shield":1,"minecraft:stick":60,"minecraft:stonecutter":1,"minecraft:iron_shovel":1,"minecraft:gold_ingot":9,"minecraft:acacia_planks":4,"minecraft:torch":80},"minecraft:killed":{"luminousworld:frostbitten_zombie":8,"born_in_chaos_v1:mr_pumpkin":2,"born_in_chaos_v1:zombie_lumberjack":1,"luminousworld:frost_bitten_skeleton":3,"creeperoverhaul:snowy_creeper":2,"minecraft:skeleton":2,"iceandfire:dread_thrall":6,"artifacts:mimic":1,"minecraft:pig":1,"earthmobsmod:bouldering_zombie":1,"minecraft:zombie_villager":1,"undead_revamp2:the_moonflower":2,"enemyexpansion:sprinter":2,"undead_revamp2:thebidyupside":1,"endermanoverhaul:cave_enderman":1,"minecraft:zombie":1,"iceandfire:ghost":1,"born_in_chaos_v1:dread_hound":1,"enemyexpansion:vampire":1,"born_in_chaos_v1:corpse_fly":5,"enemyexpansion:huntsman":1,"iceandfire:ice_dragon":1,"iceandfire:dread_ghoul":1,"enemyexpansion:slugger":1},"minecraft:broken":{"minecraft:iron_leggings":1},"minecraft:used":{"luminousworld:snow_poppy":1,"minecraft:iron_shovel":12,"minecraft:flint_and_steel":9,"minecraft:chest":3,"minecraft:spruce_planks":61,"minecraft:iron_sword":233,"minecraft:rotten_flesh":4,"minecraft:iron_chestplate":1,"minecraft:torch":60,"minecraft:dirt":53,"minecraft:carrot":17,"minecraft:stripped_spruce_log":1,"minecraft:polished_diorite":1,"born_in_chaos_v1:corpse_maggot":2,"minecraft:packed_ice":1,"iceandfire:dread_torch":5,"minecraft:honey_block":3,"minecraft:lava_bucket":1,"minecraft:iron_axe":37,"minecraft:crimson_planks":4,"minecraft:red_carpet":4,"minecraft:sweet_berries":16,"minecraft:furnace":4,"tombstone:gift":5,"iceandfire:frozen_cobblestone":3,"iceandfire:dragonbone_pickaxe":107,"minecraft:potato":42,"minecraft:cobbled_deepslate":2,"minecraft:cooked_mutton":1,"minecraft:water_bucket":21,"minecraft:diorite":9,"minecraft:oak_planks":1,"iceandfire:dragonbone_sword_ice":189,"minecraft:stonecutter":1,"luminousworld:ishstone":28,"minecraft:blue_bed":5,"minecraft:golden_apple":1,"minecraft:crafting_table":7,"minecraft:painting":3,"minecraft:spruce_log":3,"alexscaves:cooked_radgill":1,"minecraft:diamond_pickaxe":420,"minecraft:bread":50,"minecraft:stone_button":1,"minecraft:gravel":4,"minecraft:spruce_sapling":1,"minecraft:cobblestone":42,"minecraft:cooked_porkchop":2,"minecraft:andesite":2,"minecraft:bucket":23,"minecraft:pumpkin_pie":8,"minecraft:bone_meal":3,"iceandfire:dread_stone_bricks_cracked":4},"minecraft:dropped":{"minecraft:iron_sword":2,"minecraft:wheat_seeds":4,"luminousworld:ishstone":6,"minecraft:poisonous_potato":1,"minecraft:crossbow":1,"minecraft:iron_helmet":1,"minecraft:cobblestone":6,"minecraft:amethyst_block":6,"iceandfire:ectoplasm":3,"iceandfire:dread_stone_bricks_cracked":10,"minecraft:acacia_log":1,"minecraft:chainmail_helmet":3,"minecraft:red_carpet":6,"born_in_chaos_v1:monster_flesh":2,"minecraft:stone_button":3,"iceandfire:dread_sword":1,"minecraft:snowball":15,"iceandfire:dread_stone_bricks":4,"iceandfire:armor_silver_metal_chestplate":1,"minecraft:iron_leggings":1,"minecraft:chain":2,"minecraft:dark_oak_planks":1,"minecraft:white_wool":2,"luminousworld:clovers_1":1,"minecraft:smooth_basalt":2,"iceandfire:silver_nugget":46,"minecraft:blue_terracotta":5,"minecraft:sweet_berries":3,"minecraft:iron_nugget":1,"alexsmobs:animal_dictionary":1,"minecraft:cobbled_deepslate":8,"minecraft:wheat":2,"minecraft:raw_iron":1,"minecraft:rotten_flesh":9,"earthmobsmod:harder_flesh":1,"minecraft:carrot":1,"supplementaries:flax_seeds":1,"alexscaves:radgill":2,"supplementaries:ash":2,"minecraft:stone":3,"minecraft:flower_pot":1,"minecraft:gunpowder":2,"luminousworld:groundpebbles_1":1,"minecraft:melon_seeds":2,"born_in_chaos_v1:corpse_maggot":1,"minecraft:stone_bricks":1,"minecraft:painting":3,"minecraft:iron_bars":2,"minecraft:calcite":6},"minecraft:custom":{"minecraft:interact_with_smithing_table":1,"minecraft:interact_with_anvil":4,"minecraft:mob_kills":55,"minecraft:interact_with_crafting_table":45,"minecraft:open_barrel":24,"minecraft:damage_dealt_resisted":87,"minecraft:leave_game":4,"minecraft:time_since_death":87448,"minecraft:climb_one_cm":1709,"minecraft:sprint_one_cm":804546,"minecraft:walk_one_cm":320211,"minecraft:drop":93,"minecraft:talked_to_villager":9,"minecraft:play_time":187665,"minecraft:sneak_time":2396,"minecraft:deaths":16,"minecraft:walk_under_water_one_cm":4355,"minecraft:jump":5831,"minecraft:walk_on_water_one_cm":23564,"minecraft:total_world_time":187665,"minecraft:interact_with_furnace":27,"minecraft:tune_noteblock":1,"minecraft:interact_with_stonecutter":2,"minecraft:sleep_in_bed":4,"minecraft:time_since_rest":76997,"minecraft:damage_taken":7279,"minecraft:damage_absorbed":40,"minecraft:damage_dealt":15264,"minecraft:swim_one_cm":15991,"minecraft:fly_one_cm":798595,"minecraft:open_chest":156,"minecraft:crouch_one_cm":6361,"tombstone:undead_killed":32,"minecraft:fall_one_cm":84638},"minecraft:mined":{"minecraft:yellow_terracotta":1,"minecraft:dark_oak_planks":1,"minecraft:red_carpet":2,"minecraft:tuff":1,"minecraft:spruce_planks":3,"iceandfire:silver_ore":21,"minecraft:deepslate_diamond_ore":4,"iceandfire:dread_torch":1,"iceandfire:frozen_cobblestone":4,"minecraft:granite":4,"minecraft:stripped_crimson_hyphae":1,"minecraft:grass_block":43,"luminousworld:clovers_4":1,"iceandfire:dread_spawner":4,"minecraft:polished_diorite":1,"minecraft:spruce_leaves":10,"luminousworld:snow_poppy":1,"minecraft:mud_bricks":18,"minecraft:hay_block":7,"minecraft:packed_mud":5,"minecraft:carrots":10,"minecraft:iron_ore":11,"minecraft:fire":1,"minecraft:snow":1,"minecraft:andesite":4,"minecraft:stripped_spruce_log":4,"minecraft:anvil":1,"minecraft:dark_oak_stairs":1,"minecraft:gold_block":1,"minecraft:potatoes":21,"minecraft:deepslate_iron_ore":29,"minecraft:vine":1,"minecraft:iron_bars":2,"luminousworld:snowgrass":5,"minecraft:packed_ice":9,"minecraft:potted_cornflower":1,"luminousworld:clovers_3":1,"iceandfire:dread_stone_bricks_cracked":20,"minecraft:stone":117,"minecraft:cake":1,"minecraft:deepslate_redstone_ore":12,"minecraft:mud_brick_slab":2,"minecraft:redstone_block":1,"born_in_chaos_v1:infected_deepslate_diamond_ore":1,"minecraft:crafting_table":5,"iceandfire:dragon_ice_spikes":1,"minecraft:calcite":3,"minecraft:melon":1,"iceandfire:ghost_chest":1,"iceandfire:frozen_dirt":2,"iceandfire:sapphire_ore":6,"minecraft:copper_ore":20,"minecraft:deepslate_gold_ore":11,"minecraft:lapis_ore":3,"minecraft:blue_bed":5,"minecraft:wall_torch":2,"minecraft:diorite":12,"minecraft:amethyst_block":3,"supplementaries:urn":13,"minecraft:red_terracotta":4,"minecraft:blue_terracotta":8,"minecraft:ice":1,"minecraft:wheat":1,"minecraft:blue_ice":2,"minecraft:spruce_log":38,"minecraft:yellow_glazed_terracotta":9,"iceandfire:dread_stone_bricks_mossy":2,"minecraft:coal_ore":79,"iceandfire:silver_pile":1,"luminousworld:ishstone":34,"minecraft:gravel":9,"minecraft:dirt":24,"minecraft:smooth_basalt":2,"minecraft:cobweb":2,"minecraft:cracked_stone_bricks":1,"minecraft:stone_bricks":1,"iceandfire:dread_stone_bricks":11,"minecraft:deepslate":32},"minecraft:picked_up":{"iceandfire:dread_stone_bricks":9,"minecraft:anvil":1,"luminousworld:groundpebbles_1":1,"minecraft:crafting_table":5,"born_in_chaos_v1:diamond_termite_shard":1,"minecraft:wheat":2,"artifacts:night_vision_goggles":1,"minecraft:flower_pot":1,"minecraft:gold_block":1,"minecraft:enchanted_book":2,"iceandfire:frozen_cobblestone":3,"minecraft:chain":2,"minecraft:amethyst_block":6,"iceandfire:manuscript":1,"minecraft:raw_copper":80,"minecraft:iron_leggings":1,"minecraft:experience_bottle":2,"minecraft:cracked_stone_bricks":1,"minecraft:cobbled_deepslate":19,"minecraft:spruce_planks":3,"iceandfire:dread_shard":8,"minecraft:calcite":6,"minecraft:iron_nugget":1,"minecraft:sugar_cane":7,"minecraft:stripped_crimson_hyphae":1,"minecraft:raw_iron":47,"minecraft:stone":3,"minecraft:torch":14,"minecraft:acacia_log":2,"iceandfire:dread_sword":1,"iceandfire:dread_torch":1,"minecraft:stone_button":4,"tombstone:grave_dust":3,"minecraft:diorite":9,"minecraft:carrot":31,"minecraft:redstone":58,"minecraft:dark_oak_planks":1,"minecraft:arrow":1,"minecraft:rotten_flesh":13,"minecraft:hay_block":7,"supplementaries:ash":14,"minecraft:iron_bars":2,"minecraft:snowball":16,"minecraft:white_wool":2,"minecraft:cobblestone":108,"minecraft:birch_log":2,"born_in_chaos_v1:corpse_maggot":3,"iceandfire:sapphire_gem":6,"born_in_chaos_v1:monster_flesh":2,"minecraft:andesite":4,"luminousworld:ishstone":40,"minecraft:potato":76,"supplementaries:flax_seeds":1,"iceandfire:ectoplasm":7,"iceandfire:dread_stone_bricks_cracked":13,"minecraft:lapis_lazuli":10,"minecraft:dirt":62,"minecraft:blue_bed":5,"iceandfire:dragonbone_sword_ice":1,"minecraft:cooked_mutton":1,"minecraft:bone":9,"minecraft:red_carpet":13,"minecraft:stone_bricks":1,"minecraft:wheat_seeds":8,"minecraft:raw_gold":11,"minecraft:iron_ingot":3,"minecraft:iron_sword":1,"minecraft:oak_planks":1,"minecraft:cooked_porkchop":2,"minecraft:smooth_basalt":2,"luminousworld:clovers_1":1,"minecraft:gravel":5,"minecraft:poisonous_potato":1,"earthmobsmod:harder_flesh":2,"minecraft:stripped_spruce_log":2,"minecraft:spruce_log":36,"minecraft:red_terracotta":3,"minecraft:bundle":1,"minecraft:blue_terracotta":5,"minecraft:deepslate":1,"minecraft:diamond":4,"minecraft:polished_diorite":1,"minecraft:honey_block":3,"minecraft:granite":4,"luminousworld:snow_poppy":1,"minecraft:crossbow":1,"minecraft:painting":6,"minecraft:chainmail_helmet":4,"minecraft:bread":2,"iceandfire:ice_dragon_flesh":2,"minecraft:emerald":12,"iceandfire:silver_nugget":61,"minecraft:coal":79,"iceandfire:raw_silver":21},"minecraft:killed_by":{"born_in_chaos_v1:zombie_bruiser":1,"iceandfire:dread_knight":2,"minecraft:vindicator":3,"illagerinvasion:inquisitor":1,"iceandfire:ice_dragon":3,"iceandfire:ghost":1}},"DataVersion":3465}