{"stats":{"minecraft:crafted":{"minecraft:crimson_planks":4,"minecraft:iron_chestplate":1,"minecraft:diamond_pickaxe":1,"minecraft:crafting_table":1,"minecraft:spruce_planks":8,"minecraft:stick":8,"minecraft:bucket":1,"minecraft:torch":4},"minecraft:dropped":{"minecraft:iron_sword":1,"minecraft:sweet_berries":3,"minecraft:painting":3},"minecraft:mined":{"minecraft:red_carpet":1,"minecraft:blue_ice":2,"minecraft:spruce_log":4,"minecraft:crafting_table":2,"minecraft:stripped_crimson_hyphae":1,"minecraft:coal_ore":8,"minecraft:grass_block":13,"minecraft:melon":1,"minecraft:dirt":9,"minecraft:packed_ice":5,"luminousworld:snow_poppy":1,"minecraft:cake":1,"minecraft:blue_bed":1},"minecraft:custom":{"minecraft:time_since_rest":2866,"minecraft:sprint_one_cm":167991,"minecraft:damage_taken":2211,"minecraft:walk_one_cm":51187,"minecraft:mob_kills":3,"minecraft:drop":5,"minecraft:damage_dealt":1130,"minecraft:talked_to_villager":3,"minecraft:interact_with_crafting_table":7,"minecraft:swim_one_cm":14203,"minecraft:fly_one_cm":190253,"minecraft:open_barrel":4,"minecraft:open_chest":29,"minecraft:crouch_one_cm":218,"minecraft:play_time":25940,"minecraft:deaths":8,"minecraft:sneak_time":55,"minecraft:walk_under_water_one_cm":794,"minecraft:damage_dealt_resisted":87,"minecraft:jump":657,"minecraft:leave_game":1,"minecraft:walk_on_water_one_cm":6599,"minecraft:time_since_death":3066,"minecraft:climb_one_cm":1158,"minecraft:total_world_time":25940,"minecraft:fall_one_cm":22273},"minecraft:used":{"luminousworld:snow_poppy":1,"minecraft:diamond_pickaxe":9,"minecraft:bread":4,"minecraft:iron_sword":51,"minecraft:spruce_sapling":1,"minecraft:crimson_planks":4,"minecraft:torch":1,"minecraft:dirt":20,"minecraft:cobblestone":1,"minecraft:sweet_berries":16,"minecraft:crafting_table":3,"minecraft:bucket":1,"tombstone:gift":4,"minecraft:painting":3,"minecraft:spruce_log":1,"alexscaves:cooked_radgill":1},"minecraft:picked_up":{"minecraft:stripped_crimson_hyphae":1,"minecraft:crafting_table":2,"minecraft:spruce_log":4,"minecraft:dirt":20,"minecraft:blue_bed":1,"minecraft:iron_leggings":1,"minecraft:red_carpet":4,"luminousworld:snow_poppy":1,"minecraft:crossbow":1,"minecraft:painting":6,"minecraft:emerald":2,"minecraft:bread":2,"minecraft:snowball":15,"minecraft:coal":8,"minecraft:oak_planks":1,"minecraft:cobblestone":1},"minecraft:killed_by":{"minecraft:vindicator":3,"illagerinvasion:inquisitor":1,"born_in_chaos_v1:zombie_bruiser":1},"minecraft:killed":{"born_in_chaos_v1:mr_pumpkin":2}},"DataVersion":3465}