{"stats":{"minecraft:used":{"luminousworld:snow_poppy":1,"minecraft:flint_and_steel":9,"minecraft:chest":3,"minecraft:spruce_planks":22,"minecraft:iron_sword":233,"minecraft:rotten_flesh":2,"minecraft:iron_chestplate":1,"minecraft:torch":35,"minecraft:dirt":47,"minecraft:carrot":11,"minecraft:stripped_spruce_log":1,"minecraft:polished_diorite":1,"born_in_chaos_v1:corpse_maggot":2,"minecraft:packed_ice":1,"iceandfire:dread_torch":5,"minecraft:honey_block":3,"minecraft:lava_bucket":1,"minecraft:iron_axe":25,"minecraft:crimson_planks":4,"minecraft:red_carpet":4,"minecraft:sweet_berries":16,"minecraft:furnace":2,"tombstone:gift":5,"minecraft:potato":24,"iceandfire:frozen_cobblestone":3,"iceandfire:dragonbone_pickaxe":8,"minecraft:cooked_mutton":1,"minecraft:water_bucket":10,"minecraft:oak_planks":1,"iceandfire:dragonbone_sword_ice":78,"luminousworld:ishstone":28,"minecraft:blue_bed":5,"minecraft:crafting_table":7,"minecraft:painting":3,"minecraft:spruce_log":3,"alexscaves:cooked_radgill":1,"minecraft:diamond_pickaxe":281,"minecraft:bread":40,"minecraft:stone_button":1,"minecraft:spruce_sapling":1,"minecraft:cobblestone":7,"minecraft:bucket":12,"minecraft:bone_meal":3,"iceandfire:dread_stone_bricks_cracked":4},"minecraft:picked_up":{"iceandfire:dread_stone_bricks":9,"luminousworld:groundpebbles_1":1,"minecraft:crafting_table":5,"minecraft:wheat":2,"minecraft:flower_pot":1,"minecraft:gold_block":1,"minecraft:enchanted_book":2,"iceandfire:frozen_cobblestone":3,"minecraft:chain":2,"minecraft:amethyst_block":6,"iceandfire:manuscript":1,"minecraft:raw_copper":80,"minecraft:iron_leggings":1,"minecraft:experience_bottle":2,"minecraft:cobbled_deepslate":6,"minecraft:calcite":6,"iceandfire:dread_shard":8,"minecraft:iron_nugget":1,"minecraft:sugar_cane":7,"minecraft:stripped_crimson_hyphae":1,"minecraft:raw_iron":3,"minecraft:torch":2,"minecraft:acacia_log":2,"iceandfire:dread_sword":1,"iceandfire:dread_torch":1,"minecraft:stone_button":4,"tombstone:grave_dust":2,"minecraft:carrot":26,"minecraft:dark_oak_planks":1,"minecraft:arrow":1,"minecraft:rotten_flesh":4,"minecraft:hay_block":7,"supplementaries:ash":2,"minecraft:iron_bars":2,"minecraft:cobblestone":36,"minecraft:snowball":15,"minecraft:white_wool":2,"minecraft:birch_log":2,"born_in_chaos_v1:corpse_maggot":3,"iceandfire:sapphire_gem":6,"born_in_chaos_v1:monster_flesh":2,"luminousworld:ishstone":40,"minecraft:potato":67,"iceandfire:ectoplasm":7,"iceandfire:dread_stone_bricks_cracked":13,"minecraft:lapis_lazuli":10,"minecraft:dirt":48,"minecraft:blue_bed":5,"iceandfire:dragonbone_sword_ice":1,"minecraft:cooked_mutton":1,"minecraft:red_carpet":10,"minecraft:bone":9,"minecraft:wheat_seeds":8,"minecraft:iron_ingot":3,"minecraft:oak_planks":1,"minecraft:smooth_basalt":2,"luminousworld:clovers_1":1,"minecraft:poisonous_potato":1,"minecraft:stripped_spruce_log":2,"minecraft:spruce_log":31,"minecraft:diamond":2,"minecraft:polished_diorite":1,"minecraft:honey_block":3,"luminousworld:snow_poppy":1,"minecraft:crossbow":1,"minecraft:painting":6,"minecraft:emerald":6,"iceandfire:ice_dragon_flesh":2,"minecraft:bread":2,"minecraft:chainmail_helmet":4,"iceandfire:silver_nugget":61,"minecraft:coal":77,"iceandfire:raw_silver":21},"minecraft:killed":{"luminousworld:frostbitten_zombie":4,"born_in_chaos_v1:mr_pumpkin":2,"born_in_chaos_v1:zombie_lumberjack":1,"luminousworld:frost_bitten_skeleton":2,"creeperoverhaul:snowy_creeper":2,"iceandfire:dread_thrall":6,"enemyexpansion:sprinter":1,"minecraft:zombie":1,"born_in_chaos_v1:dread_hound":1,"iceandfire:ghost":1,"born_in_chaos_v1:corpse_fly":3,"iceandfire:ice_dragon":1,"iceandfire:dread_ghoul":1,"enemyexpansion:slugger":1},"minecraft:custom":{"minecraft:interact_with_anvil":3,"minecraft:mob_kills":30,"minecraft:interact_with_crafting_table":27,"minecraft:open_barrel":8,"minecraft:damage_dealt_resisted":87,"minecraft:leave_game":2,"minecraft:time_since_death":31186,"minecraft:climb_one_cm":1709,"minecraft:sprint_one_cm":595813,"minecraft:walk_one_cm":244090,"minecraft:drop":82,"minecraft:talked_to_villager":9,"minecraft:play_time":131403,"minecraft:deaths":16,"minecraft:sneak_time":1852,"minecraft:walk_under_water_one_cm":1947,"minecraft:jump":2583,"minecraft:walk_on_water_one_cm":14035,"minecraft:total_world_time":131403,"minecraft:interact_with_furnace":9,"minecraft:sleep_in_bed":4,"minecraft:time_since_rest":20735,"minecraft:damage_taken":6203,"minecraft:damage_dealt":9911,"minecraft:swim_one_cm":15153,"minecraft:fly_one_cm":626918,"minecraft:open_chest":113,"minecraft:crouch_one_cm":4714,"tombstone:undead_killed":18,"minecraft:fall_one_cm":66210},"minecraft:killed_by":{"born_in_chaos_v1:zombie_bruiser":1,"iceandfire:dread_knight":2,"minecraft:vindicator":3,"illagerinvasion:inquisitor":1,"iceandfire:ice_dragon":3,"iceandfire:ghost":1},"minecraft:dropped":{"minecraft:iron_sword":2,"minecraft:wheat_seeds":4,"luminousworld:ishstone":6,"minecraft:poisonous_potato":1,"minecraft:crossbow":1,"minecraft:iron_helmet":1,"minecraft:cobblestone":6,"minecraft:amethyst_block":6,"iceandfire:ectoplasm":3,"iceandfire:dread_stone_bricks_cracked":10,"minecraft:acacia_log":1,"minecraft:chainmail_helmet":3,"minecraft:red_carpet":6,"born_in_chaos_v1:monster_flesh":2,"minecraft:stone_button":3,"iceandfire:dread_sword":1,"minecraft:snowball":15,"iceandfire:dread_stone_bricks":4,"iceandfire:armor_silver_metal_chestplate":1,"minecraft:iron_leggings":1,"minecraft:chain":2,"minecraft:dark_oak_planks":1,"minecraft:white_wool":2,"luminousworld:clovers_1":1,"minecraft:smooth_basalt":2,"iceandfire:silver_nugget":46,"minecraft:sweet_berries":3,"minecraft:iron_nugget":1,"alexsmobs:animal_dictionary":1,"minecraft:wheat":2,"minecraft:raw_iron":1,"minecraft:rotten_flesh":2,"minecraft:carrot":1,"alexscaves:radgill":2,"supplementaries:ash":2,"minecraft:flower_pot":1,"minecraft:gunpowder":2,"luminousworld:groundpebbles_1":1,"minecraft:melon_seeds":2,"born_in_chaos_v1:corpse_maggot":1,"minecraft:painting":3,"minecraft:iron_bars":2,"minecraft:calcite":6},"minecraft:mined":{"minecraft:dark_oak_planks":1,"minecraft:tuff":1,"minecraft:red_carpet":2,"iceandfire:silver_ore":21,"minecraft:deepslate_diamond_ore":2,"iceandfire:dread_torch":1,"iceandfire:frozen_cobblestone":4,"minecraft:stripped_crimson_hyphae":1,"minecraft:grass_block":38,"iceandfire:dread_spawner":4,"minecraft:polished_diorite":1,"minecraft:spruce_leaves":5,"luminousworld:snow_poppy":1,"minecraft:hay_block":7,"minecraft:carrots":9,"minecraft:iron_ore":3,"minecraft:fire":1,"minecraft:stripped_spruce_log":4,"minecraft:gold_block":1,"minecraft:potatoes":19,"minecraft:vine":1,"minecraft:iron_bars":2,"luminousworld:snowgrass":5,"minecraft:packed_ice":9,"minecraft:potted_cornflower":1,"luminousworld:clovers_3":1,"iceandfire:dread_stone_bricks_cracked":20,"minecraft:stone":45,"minecraft:cake":1,"minecraft:redstone_block":1,"minecraft:crafting_table":5,"iceandfire:dragon_ice_spikes":1,"minecraft:calcite":3,"minecraft:melon":1,"iceandfire:ghost_chest":1,"iceandfire:frozen_dirt":2,"iceandfire:sapphire_ore":6,"minecraft:copper_ore":20,"minecraft:lapis_ore":3,"minecraft:diorite":1,"minecraft:blue_bed":5,"minecraft:wall_torch":2,"minecraft:amethyst_block":3,"supplementaries:urn":1,"minecraft:wheat":1,"minecraft:blue_ice":2,"minecraft:ice":1,"minecraft:spruce_log":33,"iceandfire:dread_stone_bricks_mossy":2,"minecraft:coal_ore":77,"iceandfire:silver_pile":1,"luminousworld:ishstone":34,"minecraft:dirt":14,"minecraft:cobweb":2,"minecraft:smooth_basalt":2,"minecraft:deepslate":7,"iceandfire:dread_stone_bricks":11},"minecraft:crafted":{"minecraft:furnace":2,"minecraft:bone_meal":3,"minecraft:iron_axe":1,"minecraft:chest":3,"iceandfire:dread_torch":4,"minecraft:wheat":63,"iceandfire:dragonbone_sword":1,"minecraft:crimson_planks":4,"iceandfire:silver_ingot":19,"minecraft:crafting_table":2,"minecraft:spruce_planks":116,"minecraft:bucket":1,"minecraft:birch_planks":8,"minecraft:bread":21,"iceandfire:dragonbone_pickaxe":1,"minecraft:air":0,"iceandfire:dragonbone_sword_ice":1,"minecraft:iron_chestplate":1,"minecraft:diamond_pickaxe":1,"minecraft:shield":1,"minecraft:stick":56,"minecraft:gold_ingot":9,"minecraft:torch":80}},"DataVersion":3465}