{"stats":{"minecraft:killed":{"minecraft:witch":1,"born_in_chaos_v1:zombie_lumberjack":1,"minecraft:vindicator":2,"luminousworld:swallowtail":1,"enemyexpansion:direwolf":1,"born_in_chaos_v1:zombie_bruiser":1,"born_in_chaos_v1:maggot":1,"minecraft:skeleton":2,"alexsmobs:skelewag":1,"undead_revamp2:thespitter":1,"minecraft:pig":1,"minecraft:zombie_villager":1,"born_in_chaos_v1:decrepit_skeleton":7,"minecraft:pillager":1,"endermanoverhaul:cave_enderman":1,"minecraft:zombie":7,"born_in_chaos_v1:corpse_fly":1,"minecraft:villager":2},"minecraft:crafted":{"minecraft:wooden_sword":1,"minecraft:oak_planks":12,"iceandfire:armor_copper_metal_leggings":2,"ironchest:dirt_chest":1,"iceandfire:armor_copper_metal_helmet":2,"iceandfire:armor_copper_metal_boots":2,"minecraft:iron_axe":1,"minecraft:stone_pickaxe":2,"iceandfire:armor_copper_metal_chestplate":2,"minecraft:chest":5,"iceandfire:silver_ingot":6,"minecraft:crafting_table":1,"minecraft:spruce_planks":40,"minecraft:wooden_pickaxe":1,"minecraft:baked_potato":64,"minecraft:copper_ingot":156,"minecraft:birch_planks":20,"minecraft:air":0,"iceandfire:armor_silver_metal_helmet":1,"minecraft:stick":12,"minecraft:iron_pickaxe":1,"minecraft:iron_ingot":15,"minecraft:stone_sword":2},"minecraft:broken":{"minecraft:stone_sword":1,"minecraft:iron_axe":2},"minecraft:used":{"minecraft:iron_bars":2,"minecraft:stone_sword":143,"minecraft:spruce_planks":18,"minecraft:chest":7,"minecraft:stone":1,"minecraft:dirt":3,"minecraft:iron_axe":155,"minecraft:written_book":1,"minecraft:furnace":2,"minecraft:potato":28,"minecraft:cooked_mutton":2,"ironchest:dirt_chest":1,"minecraft:baked_potato":1,"minecraft:stone_pickaxe":107,"minecraft:wooden_pickaxe":16,"minecraft:chainmail_helmet":1,"minecraft:cauldron":1,"minecraft:blue_bed":6,"minecraft:golden_apple":1,"minecraft:sand":4,"minecraft:crafting_table":6,"tombstone:bag_of_seeds":1,"minecraft:oak_log":18,"iceandfire:armor_copper_metal_chestplate":1,"minecraft:iron_pickaxe":118,"tombstone:magic_scroll":2,"minecraft:spruce_trapdoor":1,"minecraft:wooden_sword":130,"minecraft:cobblestone":64,"minecraft:splash_potion":1},"minecraft:custom":{"minecraft:mob_kills":35,"minecraft:interact_with_crafting_table":18,"minecraft:open_barrel":2,"minecraft:eat_cake_slice":6,"minecraft:leave_game":5,"minecraft:time_since_death":1079,"minecraft:climb_one_cm":6557,"minecraft:sprint_one_cm":316739,"minecraft:walk_one_cm":387187,"minecraft:drop":25,"minecraft:talked_to_villager":11,"minecraft:play_time":133887,"minecraft:sneak_time":156,"minecraft:deaths":29,"minecraft:walk_under_water_one_cm":27013,"minecraft:jump":1541,"minecraft:interact_with_brewingstand":1,"minecraft:walk_on_water_one_cm":32872,"minecraft:total_world_time":133887,"minecraft:interact_with_furnace":39,"tombstone:raider_killed":4,"minecraft:interact_with_loom":1,"minecraft:sleep_in_bed":9,"minecraft:time_since_rest":704,"minecraft:damage_taken":7761,"minecraft:damage_absorbed":40,"minecraft:damage_dealt":10405,"minecraft:swim_one_cm":26750,"minecraft:fly_one_cm":155439,"minecraft:open_chest":47,"minecraft:crouch_one_cm":20,"tombstone:undead_killed":21,"tombstone:villager_killed":2,"minecraft:fall_one_cm":34641},"minecraft:dropped":{"alexsmobs:fish_bones":2,"born_in_chaos_v1:shattered_skull":2,"minecraft:cobblestone":8,"minecraft:dirt":8,"minecraft:torch":1,"minecraft:potion":1,"minecraft:wooden_sword":1,"minecraft:iron_pickaxe":1,"minecraft:gravel":4,"alexsmobs:animal_dictionary":1,"minecraft:pumpkin_seeds":5,"supplementaries:flax_seeds":1,"supplementaries:ash":1,"endrem:cold_eye":1,"iceandfire:bestiary":1,"minecraft:spruce_log":1,"minecraft:stone_pickaxe":1,"minecraft:written_book":1},"minecraft:mined":{"minecraft:spruce_planks":1,"iceandfire:silver_ore":6,"minecraft:brewing_stand":1,"minecraft:spruce_trapdoor":1,"minecraft:granite":2,"minecraft:grass_block":83,"minecraft:spruce_leaves":12,"minecraft:furnace":2,"minecraft:carrots":25,"minecraft:iron_ore":23,"minecraft:fire":2,"minecraft:potatoes":177,"minecraft:water_cauldron":1,"minecraft:vine":1,"minecraft:iron_bars":5,"minecraft:stone":71,"iceandfire:podium_spruce":1,"minecraft:crafting_table":5,"minecraft:torch":3,"minecraft:melon":2,"iceandfire:ghost_chest":1,"minecraft:chest":4,"minecraft:copper_ore":16,"minecraft:cobblestone":11,"minecraft:blue_bed":7,"minecraft:wall_torch":1,"supplementaries:urn":1,"minecraft:skeleton_skull":2,"minecraft:birch_log":5,"minecraft:wheat":55,"minecraft:white_carpet":1,"minecraft:spruce_log":17,"minecraft:grass":3,"minecraft:oak_log":21,"minecraft:coal_ore":54,"luminousworld:ishstone":2,"minecraft:sand":4,"minecraft:gravel":9,"minecraft:dirt":27,"minecraft:cobweb":3,"minecraft:oak_leaves":3},"minecraft:picked_up":{"minecraft:crafting_table":5,"minecraft:wheat":222,"minecraft:splash_potion":10,"minecraft:ladder":2,"minecraft:clay_ball":5,"iceandfire:armor_copper_metal_chestplate":1,"minecraft:wooden_pickaxe":1,"minecraft:potion":2,"minecraft:brewing_stand":3,"minecraft:string":9,"minecraft:raw_copper":162,"minecraft:iron_axe":1,"minecraft:wooden_sword":1,"minecraft:item_frame":12,"iceandfire:bestiary":1,"minecraft:spruce_planks":35,"minecraft:iron_pickaxe":2,"minecraft:melon_slice":33,"minecraft:chest":4,"minecraft:spruce_trapdoor":1,"minecraft:furnace":2,"minecraft:stick":10,"minecraft:raw_iron":33,"minecraft:stone":1,"born_in_chaos_v1:shattered_skull":3,"iceandfire:armor_copper_metal_leggings":1,"minecraft:copper_ingot":229,"minecraft:torch":4,"minecraft:cookie":4,"tombstone:grave_dust":5,"minecraft:carrot":105,"minecraft:cauldron":1,"twilightforest:magic_beans":1,"iceandfire:silver_ingot":2,"minecraft:arrow":13,"minecraft:rotten_flesh":26,"supplementaries:ash":3,"minecraft:iron_bars":4,"minecraft:skeleton_skull":8,"minecraft:cobblestone":82,"minecraft:birch_log":5,"born_in_chaos_v1:corpse_maggot":3,"luminousworld:ishstone":2,"minecraft:potato":314,"minecraft:flint":3,"minecraft:oak_log":24,"supplementaries:flax_seeds":2,"iceandfire:ectoplasm":2,"minecraft:gunpowder":16,"minecraft:blue_bed":7,"minecraft:dirt":120,"tombstone:gift":2,"minecraft:leather_boots":1,"minecraft:cooked_mutton":2,"minecraft:coast_armor_trim_smithing_template":4,"minecraft:bone":34,"minecraft:apple":2,"minecraft:wheat_seeds":333,"minecraft:stone_pickaxe":1,"minecraft:iron_ingot":19,"tombstone:bag_of_seeds":1,"endrem:witch_pupil":1,"alexsmobs:fish_bones":2,"iceandfire:podium_spruce":4,"minecraft:sweet_berries":6,"minecraft:gravel":4,"minecraft:sand":4,"minecraft:spruce_sapling":4,"minecraft:spruce_log":18,"minecraft:spider_eye":1,"minecraft:leather_helmet":1,"minecraft:pumpkin_seeds":10,"minecraft:iron_helmet":3,"minecraft:granite":2,"minecraft:golden_apple":1,"minecraft:emerald":6,"minecraft:bread":25,"minecraft:chainmail_helmet":2,"minecraft:baked_potato":111,"tombstone:magic_scroll":1,"minecraft:coal":52,"iceandfire:raw_silver":6},"minecraft:killed_by":{"minecraft:zombie_villager":1,"minecraft:player":4,"born_in_chaos_v1:nightmare_stalker":4,"endermanoverhaul:cave_enderman":3,"born_in_chaos_v1:zombie_bruiser":1,"enemyexpansion:equestrian":1,"born_in_chaos_v1:decaying_zombie":3,"minecraft:vindicator":2,"enemyexpansion:sprinter":1,"minecraft:skeleton":1,"born_in_chaos_v1:siamese_skeletons":1,"minecraft:zombie":1,"enemyexpansion:direwolf":1}},"DataVersion":3465}