{"stats":{"minecraft:broken":{"minecraft:leather_leggings":1},"minecraft:killed":{"minecraft:spider":1,"minecraft:skeleton":17,"minecraft:husk":5,"minecraft:iron_golem":3,"minecraft:creeper":2,"minecraft:zombie":13,"iceandfire:ghost":2},"minecraft:crafted":{"minecraft:oak_planks":16,"minecraft:coal":54,"spartanshields:wooden_tower_shield":2,"spartanshields:stone_tower_shield":1,"minecraft:stone_pickaxe":1,"minecraft:wheat":572,"rpgsmw:fabric":1,"spartanshields:iron_tower_shield":1,"minecraft:wooden_pickaxe":1,"minecraft:iron_sword":1,"minecraft:copper_ingot":9,"minecraft:mangrove_planks":24,"minecraft:stone_axe":1,"minecraft:bread":192,"rpgsmw:iron_rifle":1,"minecraft:stick":24,"minecraft:iron_pickaxe":1,"minecraft:gold_ingot":9,"minecraft:acacia_planks":8,"minecraft:torch":48},"minecraft:used":{"alexsmobs:emu_egg":4,"minecraft:iron_sword":208,"minecraft:rotten_flesh":1,"minecraft:netherrack":9,"simpletomb:grave_key":13,"minecraft:torch":28,"minecraft:dirt":45,"minecraft:carrot":18,"minecraft:bow":12,"minecraft:cobbled_deepslate":4,"minecraft:acacia_planks":7,"minecraft:calcite":2,"minecraft:stone_pickaxe":25,"minecraft:mangrove_planks":11,"minecraft:oak_planks":14,"minecraft:wooden_pickaxe":6,"spartanshields:iron_tower_shield":66,"minecraft:stripped_mangrove_wood":3,"minecraft:crafting_table":6,"minecraft:mushroom_stew":1,"minecraft:blast_furnace":1,"spartanshields:stone_tower_shield":25,"minecraft:cake":1,"minecraft:apple":4,"minecraft:bread":42,"minecraft:iron_pickaxe":147,"minecraft:stone_axe":63,"minecraft:cobblestone":20,"minecraft:pumpkin_pie":4,"alexsmobs:animal_dictionary":1},"minecraft:killed_by":{"minecraft:husk":3,"minecraft:player":2,"minecraft:skeleton":1,"minecraft:zombie":1,"iceandfire:ghost":1},"minecraft:custom":{"minecraft:mob_kills":43,"minecraft:interact_with_crafting_table":16,"minecraft:open_barrel":2,"minecraft:eat_cake_slice":9,"minecraft:time_since_death":23738,"minecraft:climb_one_cm":2705,"minecraft:sprint_one_cm":347739,"minecraft:walk_one_cm":369730,"minecraft:damage_blocked_by_shield":2925,"minecraft:drop":36,"minecraft:talked_to_villager":11,"minecraft:play_time":112698,"minecraft:deaths":9,"minecraft:sneak_time":1328,"minecraft:walk_under_water_one_cm":2841,"minecraft:jump":1710,"minecraft:interact_with_blast_furnace":7,"minecraft:walk_on_water_one_cm":20998,"minecraft:total_world_time":112698,"minecraft:interact_with_furnace":1,"spartanshields:shield_bash_hits":26,"minecraft:sleep_in_bed":3,"minecraft:time_since_rest":23761,"minecraft:damage_taken":4942,"minecraft:trigger_trapped_chest":2,"minecraft:damage_dealt":9925,"minecraft:swim_one_cm":8361,"minecraft:fly_one_cm":267905,"minecraft:player_kills":3,"minecraft:open_chest":18,"minecraft:crouch_one_cm":1710,"minecraft:fall_one_cm":55764},"minecraft:dropped":{"minecraft:bread":127,"minecraft:dark_oak_stairs":1,"minecraft:dripstone_block":3,"minecraft:oak_fence":3,"minecraft:cobblestone":20,"minecraft:mangrove_planks":1,"minecraft:leather_helmet":1,"minecraft:stick":2,"minecraft:dirt":12,"minecraft:oxeye_daisy":1,"spartanshields:stone_tower_shield":1,"minecraft:diorite":1,"minecraft:fire_charge":1,"minecraft:polished_andesite_stairs":1,"minecraft:glistering_melon_slice":2,"minecraft:string":3,"minecraft:cyan_carpet":1,"minecraft:cobbled_deepslate":10,"minecraft:bowl":1,"minecraft:rotten_flesh":22,"minecraft:oak_planks":1,"minecraft:carrot":4,"minecraft:poppy":10,"minecraft:potato":1,"minecraft:spruce_planks":2,"minecraft:leather_boots":1,"minecraft:bamboo":4,"minecraft:netherrack":6},"minecraft:picked_up":{"iceandfire:dragon_skull_lightning":1,"minecraft:crafting_table":7,"minecraft:gold_block":1,"minecraft:string":5,"minecraft:raw_copper":10,"minecraft:cyan_carpet":1,"minecraft:gold_nugget":13,"minecraft:cobbled_deepslate":14,"minecraft:spruce_planks":2,"rpgsmw:rawmiphrilignot":4,"minecraft:calcite":2,"minecraft:poppy":10,"minecraft:coal_block":6,"minecraft:stripped_mangrove_wood":9,"minecraft:stick":2,"minecraft:raw_iron":12,"iceandfire:dragonbone":45,"minecraft:oak_fence":3,"minecraft:torch":1,"minecraft:acacia_log":2,"iceandfire:silver_ore":7,"minecraft:diorite":1,"minecraft:carrot":4,"minecraft:orange_bed":1,"minecraft:arrow":20,"minecraft:rotten_flesh":23,"minecraft:hay_block":64,"alexsmobs:emu_egg":4,"iceandfire:deepslate_silver_ore":1,"minecraft:obsidian":4,"minecraft:cobblestone":52,"minecraft:oxeye_daisy":1,"minecraft:potato":1,"minecraft:oak_log":4,"iceandfire:ectoplasm":1,"minecraft:lapis_lazuli":37,"minecraft:dirt":57,"minecraft:bone":18,"minecraft:acacia_planks":2,"minecraft:bow":1,"minecraft:raw_gold":8,"minecraft:iron_ingot":10,"epicsamurai:raw_silver":1,"minecraft:oak_planks":13,"minecraft:dark_oak_stairs":1,"minecraft:book":9,"epicsamurai:onyx":3,"minecraft:polished_andesite_stairs":1,"minecraft:dripstone_block":3,"minecraft:blast_furnace":1,"minecraft:bread":4,"minecraft:netherrack":15,"minecraft:coal":6},"minecraft:mined":{"minecraft:dark_oak_planks":2,"minecraft:waxed_cut_copper_slab":1,"minecraft:spruce_planks":2,"iceandfire:silver_ore":7,"epicsamurai:deepslate_onyx_ore":3,"minecraft:granite":1,"minecraft:acacia_log":2,"minecraft:grass_block":2,"iceandfire:deepslate_silver_ore":1,"minecraft:coal_block":6,"minecraft:spawner":3,"minecraft:hay_block":64,"minecraft:iron_ore":3,"minecraft:deepslate_lapis_ore":2,"minecraft:stripped_dark_oak_wood":1,"minecraft:dark_oak_stairs":1,"minecraft:gold_block":1,"minecraft:bookshelf":3,"minecraft:deepslate_iron_ore":10,"epicsamurai:deepslate_silver_ore":1,"minecraft:stone":45,"minecraft:stripped_mangrove_wood":10,"minecraft:orange_bed":1,"minecraft:crafting_table":7,"minecraft:blast_furnace":1,"minecraft:calcite":2,"minecraft:tall_grass":3,"minecraft:lapis_ore":3,"minecraft:deepslate_gold_ore":8,"minecraft:oak_planks":11,"minecraft:birch_leaves":1,"minecraft:grass":11,"minecraft:coal_ore":6,"minecraft:oak_log":4,"minecraft:gravel":1,"minecraft:dripstone_block":3,"minecraft:dirt":25,"minecraft:cobweb":4,"minecraft:acacia_planks":2,"minecraft:netherrack":15,"minecraft:polished_deepslate_wall":1,"minecraft:oak_leaves":8,"minecraft:deepslate":48}},"DataVersion":3120}