{"stats":{"minecraft:custom":{"minecraft:mob_kills":64,"minecraft:animals_bred":6,"minecraft:interact_with_crafting_table":39,"minecraft:open_barrel":54,"minecraft:damage_dealt_resisted":87,"minecraft:leave_game":4,"minecraft:time_since_death":37942,"minecraft:climb_one_cm":47114,"minecraft:sprint_one_cm":638126,"minecraft:walk_one_cm":751988,"minecraft:damage_blocked_by_shield":1075,"minecraft:drop":42,"minecraft:talked_to_villager":5,"minecraft:play_time":309027,"minecraft:deaths":33,"minecraft:sneak_time":2226,"minecraft:walk_under_water_one_cm":173360,"minecraft:boat_one_cm":310680,"minecraft:jump":3168,"minecraft:walk_on_water_one_cm":169339,"minecraft:total_world_time":309027,"minecraft:interact_with_furnace":25,"minecraft:sleep_in_bed":6,"minecraft:time_since_rest":37222,"minecraft:damage_absorbed":20,"minecraft:damage_taken":18867,"minecraft:damage_dealt":11560,"minecraft:swim_one_cm":161025,"minecraft:fly_one_cm":464409,"minecraft:open_chest":93,"minecraft:crouch_one_cm":4585,"tombstone:undead_killed":31,"minecraft:fall_one_cm":171092},"minecraft:picked_up":{"iceandfire:dragon_skull_lightning":1,"luminousworld:groundpebbles_1":1,"minecraft:mud":3,"minecraft:crafting_table":1,"minecraft:wheat":138,"minecraft:enchanted_book":2,"quark:dark_oak_chest":1,"aether:leather_gloves":1,"minecraft:moss_carpet":1,"minecraft:string":4,"born_in_chaos_v1:mesh_door":2,"aether:diamond_gloves":1,"minecraft:item_frame":5,"minecraft:white_carpet":1,"minecraft:experience_bottle":5,"minecraft:cracked_stone_bricks":4,"minecraft:cobbled_deepslate":1,"minecraft:spruce_planks":5,"minecraft:beef":10,"born_in_chaos_v1:gnawed_bones":1,"minecraft:observer":1,"minecraft:melon_slice":39,"ecologics:coconut_slab":2,"ecologics:crab_claw":1,"iceandfire:dragonbone":13,"minecraft:stick":8,"minecraft:sandstone":51,"minecraft:acacia_fence":2,"ecologics:coconut_slice":3,"minecraft:torch":12,"minecraft:bowl":2,"minecraft:acacia_log":2,"luminousworld:savannah_soil":28,"tombstone:grave_dust":2,"minecraft:diorite":14,"minecraft:vine":1,"minecraft:carrot":14,"minecraft:dark_oak_planks":8,"minecraft:lime_carpet":2,"minecraft:arrow":5,"minecraft:rotten_flesh":14,"minecraft:tropical_fish":1,"minecraft:hay_block":91,"ecologics:coconut_log":28,"minecraft:stripped_dark_oak_wood":7,"minecraft:gold_ingot":7,"minecraft:mangrove_roots":1,"supplementaries:ash":2,"minecraft:cod":2,"minecraft:cobblestone":208,"born_in_chaos_v1:corpse_maggot":20,"luminousworld:savannah_ground":1,"minecraft:mud_bricks":5,"minecraft:cooked_beef":3,"minecraft:dark_oak_button":1,"born_in_chaos_v1:monster_flesh":2,"minecraft:salmon":1,"minecraft:andesite":1,"minecraft:jungle_log":2,"minecraft:leather":6,"ecologics:coconut_planks":1,"minecraft:orange_carpet":1,"minecraft:potato":6,"minecraft:packed_mud":31,"quark:blue_shard":2,"minecraft:oak_log":2,"minecraft:lily_pad":2,"minecraft:gunpowder":2,"minecraft:dirt":1,"born_in_chaos_v1:monster_skin":3,"minecraft:purple_carpet":12,"minecraft:bone":6,"minecraft:acacia_planks":20,"minecraft:gray_carpet":1,"minecraft:bow":1,"minecraft:wheat_seeds":54,"mowziesmobs:foliaath_seed":1,"minecraft:spruce_wood":11,"minecraft:iron_ingot":14,"minecraft:stone_pickaxe":2,"tombstone:bag_of_seeds":1,"aether:cold_aercloud":5,"minecraft:mossy_stone_bricks":4,"minecraft:pitcher_pod":3,"minecraft:moss_block":1,"minecraft:acacia_sapling":1,"minecraft:mossy_stone_brick_stairs":3,"quark:black_corundum":1,"minecraft:book":13,"minecraft:dark_oak_slab":1,"minecraft:black_candle":7,"quark:red_corundum_cluster":1,"minecraft:gravel":2,"minecraft:sand":39,"minecraft:jungle_planks":2,"minecraft:spruce_log":3,"quark:red_corundum":4,"minecraft:spider_eye":1,"minecraft:yellow_carpet":1,"minecraft:mangrove_wood":3,"minecraft:light_blue_carpet":1,"minecraft:bread":1,"minecraft:golden_apple":5,"minecraft:emerald":2,"minecraft:ender_pearl":1,"minecraft:cocoa_beans":4,"luminousworld:bao_bob_log":5,"minecraft:melon_seeds":2,"minecraft:coal":1,"iceandfire:raw_silver":1},"minecraft:used":{"minecraft:moss_block":1,"minecraft:tropical_fish":1,"minecraft:spruce_planks":27,"minecraft:shield":40,"minecraft:iron_sword":202,"vanillaplustools:stone_hammer":55,"luminousworld:savannah_ground":1,"ecologics:coconut_planks":37,"minecraft:rotten_flesh":5,"minecraft:torch":11,"minecraft:dirt":1,"minecraft:white_carpet":1,"minecraft:carrot":14,"minecraft:yellow_carpet":1,"minecraft:dark_oak_planks":16,"born_in_chaos_v1:corpse_maggot":12,"minecraft:iron_axe":81,"minecraft:packed_mud":25,"minecraft:barrel":3,"luminousworld:savannah_soil":4,"minecraft:cooked_beef":1,"minecraft:cobbled_deepslate":1,"tombstone:gift":8,"minecraft:potato":14,"minecraft:acacia_planks":16,"aether:cold_parachute":1,"minecraft:light_blue_carpet":1,"minecraft:mangrove_planks":4,"minecraft:stone_pickaxe":1,"minecraft:gray_carpet":1,"minecraft:oak_planks":1,"minecraft:wooden_pickaxe":26,"minecraft:salmon":2,"minecraft:golden_apple":1,"minecraft:orange_carpet":1,"minecraft:crafting_table":2,"minecraft:cod":2,"minecraft:spruce_log":2,"tombstone:bag_of_seeds":2,"minecraft:bread":9,"minecraft:iron_pickaxe":41,"minecraft:suspicious_stew":2,"minecraft:oak_button":2,"minecraft:stone_axe":64,"ecologics:coconut_slice":8,"born_in_chaos_v1:mesh_door":2,"quark:dark_oak_chest":2,"minecraft:cobblestone":137,"ecologics:coconut_log":4,"aether:golden_parachute":2,"minecraft:oak_boat":1,"minecraft:purple_carpet":12,"minecraft:experience_bottle":19},"minecraft:killed":{"undead_revamp2:theimmortal":1,"born_in_chaos_v1:zombie_lumberjack":1,"minecraft:spider":1,"undead_revamp2:thesmoker":1,"enemyexpansion:direwolf":1,"born_in_chaos_v1:maggot":3,"minecraft:skeleton":2,"luminousworld:swamp_skeleton":1,"ecologics:coconut_crab":1,"undead_revamp2:therod":1,"undead_revamp2:sucker":2,"luminousworld:savannah_zombie":4,"born_in_chaos_v1:bonescaller":1,"born_in_chaos_v1:baby_skeleton":1,"born_in_chaos_v1:swarmer":1,"undead_revamp2:the_moonflower":2,"minecraft:sheep":1,"born_in_chaos_v1:bloody_gadfly":1,"luminousworld:savannah_skeleton":7,"undead_revamp2:thesomnolence":1,"luminousworld:swamp_zombie":1,"minecraft:zombie":2,"iceandfire:ghost":2,"born_in_chaos_v1:dread_hound":3,"born_in_chaos_v1:corpse_fly":11,"alexsmobs:gazelle":1,"enemyexpansion:botfly":2,"born_in_chaos_v1:door_knight":1,"minecraft:cow":4,"enemyexpansion:wasp":1},"minecraft:dropped":{"minecraft:vine":1,"aether:golden_parachute":1,"minecraft:wheat_seeds":54,"aether:cold_aercloud":1,"mowziesmobs:foliaath_seed":1,"ecologics:coconut_slice":1,"minecraft:pitcher_pod":3,"minecraft:observer":1,"minecraft:jungle_planks":10,"minecraft:item_frame":5,"born_in_chaos_v1:monster_skin":1,"minecraft:lime_carpet":2,"tombstone:grave_dust":1,"minecraft:iron_shovel":1,"minecraft:string":5,"minecraft:lily_pad":1,"minecraft:acacia_planks":4,"minecraft:moss_carpet":1,"minecraft:mangrove_roots":1,"alexsmobs:animal_dictionary":1,"minecraft:cocoa_beans":4,"minecraft:wheat":3,"minecraft:rotten_flesh":8,"artifacts:villager_hat":1,"aether:leather_gloves":1,"luminousworld:savannah_soil":1,"minecraft:suspicious_stew":2,"quark:blue_shard":2,"minecraft:spruce_planks":5,"aether:diamond_gloves":1,"born_in_chaos_v1:corpse_maggot":10,"minecraft:melon_seeds":1,"minecraft:stone_pickaxe":2,"minecraft:acacia_fence":2},"minecraft:killed_by":{"undead_revamp2:thewolf":1,"mutantmonsters:mutant_zombie":1,"born_in_chaos_v1:baby_skeleton_minion":1,"minecraft:wither_skeleton":8,"quark:toretoise":1,"born_in_chaos_v1:corpse_fly":1,"undead_revamp2:thespitter":1,"enemyexpansion:sprinter":1,"minecraft:skeleton":10,"undead_revamp2:thesmoker":1},"minecraft:mined":{"minecraft:dark_oak_planks":8,"quark:red_corundum":4,"minecraft:spruce_planks":5,"aether:cold_aercloud":6,"iceandfire:silver_ore":1,"ecologics:coconut_planks":1,"minecraft:mangrove_roots":1,"minecraft:light_blue_carpet":1,"minecraft:glow_lichen":2,"minecraft:acacia_log":2,"minecraft:yellow_carpet":1,"minecraft:jungle_planks":2,"minecraft:jungle_log":2,"ecologics:coconut_log":29,"minecraft:mud_bricks":1,"minecraft:sandstone":51,"luminousworld:savanna_grass_2":4,"minecraft:spawner":1,"minecraft:hay_block":91,"minecraft:tall_seagrass":5,"minecraft:packed_mud":32,"minecraft:carrots":1,"minecraft:cobbled_deepslate":2,"minecraft:stripped_dark_oak_wood":9,"minecraft:mossy_stone_brick_stairs":3,"minecraft:bookshelf":6,"minecraft:potatoes":3,"minecraft:purple_carpet":12,"minecraft:black_candle":2,"minecraft:spruce_wood":11,"minecraft:stone":191,"quark:red_corundum_cluster":1,"born_in_chaos_v1:mesh_door":1,"luminousworld:savannah_soil":32,"minecraft:acacia_leaves":4,"ecologics:pot":1,"minecraft:melon_stem":2,"quark:dark_oak_chest":1,"minecraft:observer":1,"minecraft:blue_stained_glass":1,"minecraft:crafting_table":1,"minecraft:mangrove_wood":3,"luminousworld:savannah_grass_1":4,"minecraft:melon":8,"minecraft:tall_grass":10,"minecraft:glass":3,"minecraft:cobblestone":16,"minecraft:lily_pad":2,"quark:black_corundum":1,"minecraft:diorite":17,"minecraft:wall_torch":1,"minecraft:orange_carpet":1,"minecraft:seagrass":2,"minecraft:purple_wool":1,"minecraft:dark_oak_slab":1,"minecraft:wheat":70,"minecraft:mud":4,"minecraft:white_carpet":1,"minecraft:spruce_log":1,"luminousworld:bao_bob_log":5,"minecraft:mangrove_leaves":5,"minecraft:grass":4,"minecraft:acacia_fence":3,"minecraft:gravel":2,"minecraft:sand":4,"minecraft:dirt":1,"minecraft:gray_carpet":1,"minecraft:cracked_stone_bricks":4,"minecraft:acacia_planks":24,"luminousworld:savannah_grass_4":4,"luminousworld:elephant_grass":1,"minecraft:mossy_stone_bricks":4,"luminousworld:savannah_ground":3},"minecraft:crafted":{"minecraft:oak_planks":8,"minecraft:barrel":3,"vanillaplustools:stone_hammer":1,"hangglider:hang_glider":1,"ecologics:coconut_planks":76,"hangglider:glider_wing":2,"quark:dark_oak_chest":1,"minecraft:diamond_helmet":1,"minecraft:iron_axe":1,"minecraft:stone_pickaxe":10,"minecraft:diamond_boots":1,"luminousworld:baobab_slab":3,"minecraft:oak_button":2,"minecraft:dark_oak_planks":28,"aether:cold_parachute":1,"minecraft:wheat":324,"minecraft:crafting_table":1,"minecraft:spruce_planks":40,"minecraft:iron_sword":1,"minecraft:mangrove_planks":4,"minecraft:stone_axe":1,"minecraft:jungle_planks":8,"minecraft:oak_boat":1,"minecraft:shield":1,"minecraft:stick":36,"minecraft:iron_pickaxe":2,"minecraft:stone_sword":1,"minecraft:acacia_planks":8,"luminousworld:baobab_plank":20,"minecraft:diamond_chestplate":1,"hangglider:glider_framework":1},"minecraft:broken":{"aether:cold_parachute":1,"minecraft:iron_sword":1}},"DataVersion":3465}