{"stats":{"minecraft:picked_up":{"minecraft:stick":2,"minecraft:crafting_table":4,"minecraft:acacia_log":2,"minecraft:oak_log":4,"minecraft:rotten_flesh":1,"minecraft:bone":1,"minecraft:arrow":1,"minecraft:acacia_planks":2,"minecraft:calcite":2,"minecraft:coal_block":2,"minecraft:oak_planks":8,"minecraft:coal":5,"minecraft:cobblestone":32},"minecraft:mined":{"minecraft:birch_leaves":1,"minecraft:stripped_dark_oak_wood":1,"minecraft:crafting_table":4,"minecraft:acacia_log":2,"minecraft:grass":4,"minecraft:coal_ore":5,"minecraft:calcite":2,"minecraft:oak_log":4,"minecraft:coal_block":2,"minecraft:tall_grass":2,"minecraft:acacia_planks":2,"minecraft:stone":32,"minecraft:oak_planks":8,"minecraft:oak_leaves":6},"minecraft:killed_by":{"minecraft:skeleton":1},"minecraft:used":{"minecraft:calcite":2,"minecraft:stone_pickaxe":25,"minecraft:iron_pickaxe":10,"minecraft:oak_planks":6,"minecraft:wooden_pickaxe":6,"simpletomb:grave_key":3,"minecraft:stone_axe":29,"minecraft:cobblestone":17,"minecraft:crafting_table":3,"alexsmobs:animal_dictionary":1,"minecraft:acacia_planks":5},"minecraft:crafted":{"minecraft:oak_planks":16,"minecraft:stick":8,"minecraft:iron_pickaxe":1,"spartanshields:wooden_tower_shield":1,"minecraft:wooden_pickaxe":1,"minecraft:stone_pickaxe":1,"minecraft:iron_sword":1,"minecraft:acacia_planks":8,"minecraft:stone_axe":1,"spartanshields:stone_tower_shield":1},"minecraft:killed":{"minecraft:skeleton":2,"minecraft:zombie":1},"minecraft:custom":{"minecraft:time_since_rest":4570,"minecraft:sprint_one_cm":45753,"minecraft:damage_taken":608,"minecraft:walk_one_cm":76113,"minecraft:mob_kills":2,"minecraft:damage_dealt":364,"minecraft:interact_with_crafting_table":7,"minecraft:fly_one_cm":19937,"minecraft:player_kills":1,"minecraft:open_barrel":2,"minecraft:open_chest":2,"minecraft:crouch_one_cm":560,"minecraft:play_time":17577,"minecraft:deaths":2,"minecraft:sneak_time":169,"minecraft:jump":225,"minecraft:interact_with_blast_furnace":2,"minecraft:time_since_death":4543,"minecraft:total_world_time":17577,"minecraft:fall_one_cm":8599}},"DataVersion":3120}