{"stats":{"minecraft:crafted":{"minecraft:oak_planks":108,"spartanshields:wooden_tower_shield":4,"minecraft:cooked_mutton":2,"iceandfire:copper_axe":1,"minecraft:chest":1,"minecraft:wooden_shovel":1,"minecraft:crafting_table":3,"minecraft:wooden_pickaxe":4,"spartanshields:iron_tower_shield":2,"minecraft:copper_ingot":12,"rpgsmw:bullet":64,"rpgsmw:iron_rifle":2,"minecraft:stick":96,"minecraft:iron_ingot":12,"minecraft:iron_pickaxe":3,"minecraft:gold_ingot":9,"minecraft:wooden_sword":1,"minecraft:raw_iron":9,"minecraft:coal":54,"minecraft:furnace":1,"spartanshields:stone_tower_shield":1,"minecraft:ladder":3,"minecraft:stone_pickaxe":3,"minecraft:wheat":716,"rpgsmw:fabric":2,"minecraft:cooked_beef":4,"minecraft:iron_sword":1,"minecraft:mangrove_planks":24,"minecraft:stone_axe":6,"minecraft:bread":240,"minecraft:jungle_planks":36,"minecraft:acacia_planks":12,"minecraft:torch":148},"minecraft:killed_by":{"minecraft:creeper":4,"epicsamurai:onibi":3,"mowziesmobs:umvuthi":5,"mowziesmobs:umvuthana":6,"minecraft:zombie":4,"minecraft:husk":3,"minecraft:player":3,"alexsmobs:rocky_roller":1,"minecraft:spider":1,"minecraft:skeleton":12,"iceandfire:ghost":2},"minecraft:custom":{"minecraft:interact_with_crafting_table":53,"minecraft:open_barrel":2,"minecraft:eat_cake_slice":9,"minecraft:leave_game":4,"minecraft:time_since_death":47968,"minecraft:sprint_one_cm":1266677,"minecraft:damage_blocked_by_shield":3820,"minecraft:drop":102,"minecraft:play_noteblock":2,"minecraft:talked_to_villager":23,"minecraft:play_time":417502,"minecraft:deaths":52,"minecraft:jump":8067,"minecraft:walk_on_water_one_cm":104996,"minecraft:interact_with_furnace":26,"minecraft:sleep_in_bed":10,"minecraft:damage_dealt":26053,"minecraft:player_kills":4,"minecraft:crouch_one_cm":4713,"minecraft:mob_kills":156,"minecraft:damage_dealt_resisted":110,"minecraft:climb_one_cm":7431,"minecraft:walk_one_cm":1109210,"minecraft:sneak_time":4579,"minecraft:walk_under_water_one_cm":80102,"minecraft:interact_with_blast_furnace":24,"minecraft:total_world_time":417502,"spartanshields:shield_bash_hits":39,"minecraft:time_since_rest":47991,"minecraft:damage_taken":21046,"minecraft:trigger_trapped_chest":2,"minecraft:swim_one_cm":96466,"minecraft:fly_one_cm":1358109,"minecraft:open_chest":49,"minecraft:fall_one_cm":343801},"minecraft:broken":{"minecraft:golden_helmet":1,"minecraft:leather_leggings":1,"minecraft:stone_axe":2,"minecraft:wooden_pickaxe":1,"minecraft:leather_boots":1,"minecraft:iron_pickaxe":1},"minecraft:used":{"alexsmobs:emu_egg":6,"minecraft:chest":1,"minecraft:iron_sword":215,"minecraft:rotten_flesh":21,"minecraft:mutton":2,"minecraft:jungle_planks":3,"minecraft:carrot":78,"spartanshields:wooden_tower_shield":4,"minecraft:magma_block":1,"minecraft:bow":12,"minecraft:furnace":2,"minecraft:egg":2,"alexsmobs:raw_catfish":3,"minecraft:stone_pickaxe":88,"minecraft:mangrove_planks":11,"minecraft:oak_planks":31,"minecraft:wooden_pickaxe":87,"minecraft:white_wool":9,"minecraft:stripped_mangrove_wood":3,"minecraft:mushroom_stew":1,"minecraft:blast_furnace":3,"spartanshields:stone_tower_shield":25,"minecraft:dripstone_block":6,"minecraft:note_block":1,"minecraft:bread":82,"minecraft:wooden_sword":2,"minecraft:andesite":17,"minecraft:wooden_shovel":29,"minecraft:netherrack":9,"simpletomb:grave_key":89,"minecraft:torch":115,"iceandfire:silver_ore":7,"minecraft:dirt":80,"minecraft:oak_stairs":1,"iceandfire:copper_axe":1,"minecraft:beef":3,"minecraft:cooked_beef":4,"minecraft:acacia_planks":7,"minecraft:cobbled_deepslate":62,"minecraft:pointed_dripstone":6,"minecraft:calcite":2,"minecraft:cooked_mutton":3,"spartanshields:iron_tower_shield":126,"minecraft:crafting_table":18,"minecraft:cake":1,"minecraft:black_wool":1,"minecraft:apple":6,"minecraft:iron_pickaxe":568,"minecraft:stone_axe":339,"minecraft:cobblestone":77,"minecraft:cooked_porkchop":1,"minecraft:porkchop":8,"minecraft:pumpkin_pie":4,"alexsmobs:animal_dictionary":1},"minecraft:mined":{"minecraft:dark_oak_planks":2,"minecraft:waxed_cut_copper_slab":1,"minecraft:spruce_planks":2,"minecraft:granite":2,"minecraft:acacia_log":3,"epicsamurai:silver_ore":4,"minecraft:grass_block":46,"minecraft:jungle_log":3,"minecraft:coal_block":6,"minecraft:spawner":3,"epicsamurai:deepslate_jade_ore":4,"minecraft:magma_block":1,"minecraft:raw_iron_block":1,"minecraft:iron_ore":26,"minecraft:cobbled_deepslate":4,"minecraft:deepslate_lapis_ore":2,"minecraft:stripped_dark_oak_wood":1,"minecraft:dark_oak_stairs":1,"minecraft:pointed_dripstone":5,"minecraft:oak_stairs":1,"epicsamurai:deepslate_silver_ore":12,"minecraft:stripped_mangrove_wood":10,"minecraft:orange_bed":1,"minecraft:deepslate_redstone_ore":11,"minecraft:note_block":1,"minecraft:blast_furnace":1,"minecraft:calcite":2,"minecraft:cobblestone":12,"minecraft:sugar_cane":5,"minecraft:oak_planks":14,"minecraft:wall_torch":1,"minecraft:wheat":1,"minecraft:grass":52,"minecraft:oak_log":26,"minecraft:dirt":37,"minecraft:netherrack":15,"minecraft:polished_deepslate_wall":1,"minecraft:oak_leaves":19,"minecraft:deepslate":149,"minecraft:tuff":7,"iceandfire:silver_ore":10,"epicsamurai:deepslate_onyx_ore":7,"minecraft:deepslate_diamond_ore":6,"epicsamurai:deepslate_ruby_ore":8,"minecraft:stripped_jungle_wood":7,"iceandfire:deepslate_silver_ore":1,"minecraft:hay_block":80,"minecraft:furnace":2,"minecraft:carrots":18,"minecraft:andesite":23,"minecraft:gold_block":1,"minecraft:bookshelf":3,"minecraft:deepslate_iron_ore":43,"minecraft:vine":3,"minecraft:stone":194,"minecraft:white_wool":6,"epicsamurai:jade_ore":1,"epicsamurai:deepslate_aquamarine_ore":16,"minecraft:crafting_table":18,"minecraft:tall_grass":8,"minecraft:lapis_ore":4,"minecraft:deepslate_gold_ore":22,"minecraft:diorite":2,"rpgsmw:mineral_ore":4,"minecraft:birch_leaves":1,"minecraft:yellow_bed":1,"minecraft:coal_ore":45,"minecraft:gravel":32,"minecraft:dripstone_block":10,"minecraft:cobweb":4,"minecraft:acacia_planks":2,"epicsamurai:ruby_ore":4,"minecraft:fern":1},"minecraft:dropped":{"minecraft:dark_oak_stairs":1,"minecraft:cooked_beef":1,"epicsamurai:onyx":5,"mowziesmobs:umvuthana_mask_faith":5,"minecraft:leather":2,"minecraft:jungle_planks":4,"iceandfire:ectoplasm":3,"minecraft:mangrove_planks":1,"minecraft:leather_helmet":1,"minecraft:dirt":16,"spartanshields:stone_tower_shield":1,"minecraft:glistering_melon_slice":2,"epicsamurai:aquamarine":1,"minecraft:white_wool":2,"minecraft:cyan_carpet":1,"minecraft:bone":2,"minecraft:gravel":8,"minecraft:stone_axe":2,"minecraft:cobbled_deepslate":11,"minecraft:wheat":1,"minecraft:pointed_dripstone":2,"minecraft:rotten_flesh":25,"minecraft:oak_planks":3,"minecraft:carrot":4,"rpgsmw:iron_rifle":1,"minecraft:poppy":10,"minecraft:gunpowder":1,"minecraft:leather_boots":1,"minecraft:arrow":1,"minecraft:netherrack":6,"minecraft:bread":146,"minecraft:wheat_seeds":8,"minecraft:mossy_cobblestone":2,"minecraft:dripstone_block":3,"simpletomb:grave_key":6,"minecraft:oak_fence":3,"minecraft:feather":30,"minecraft:cobblestone":20,"mowziesmobs:umvuthana_mask_fear":2,"minecraft:stick":2,"minecraft:oxeye_daisy":1,"minecraft:diorite":1,"minecraft:torch":12,"minecraft:fire_charge":1,"minecraft:polished_andesite_stairs":1,"minecraft:string":3,"alexsmobs:maggot":1,"minecraft:player_head":1,"minecraft:bowl":1,"minecraft:tuff":4,"minecraft:raw_iron":9,"minecraft:potato":1,"minecraft:spruce_planks":2,"minecraft:andesite":5,"epicsamurai:ruby":1,"minecraft:spider_eye":1,"minecraft:bamboo":4,"minecraft:wooden_pickaxe":1,"iceandfire:dragon_skull_lightning":1},"minecraft:killed":{"minecraft:spider":3,"minecraft:skeleton":23,"mowziesmobs:umvuthana_crane":17,"epicsamurai:enenra":1,"minecraft:pig":3,"minecraft:iron_golem":5,"minecraft:creeper":5,"minecraft:sheep":7,"minecraft:zombie":31,"minecraft:cow":3,"epicsamurai:onibi":1,"mowziesmobs:umvuthana":40,"minecraft:husk":5,"alexsmobs:catfish":1,"iceandfire:ghost":2},"minecraft:picked_up":{"minecraft:wheat":1,"minecraft:oak_stairs":1,"minecraft:raw_copper":10,"minecraft:string":5,"minecraft:cobbled_deepslate":123,"minecraft:gold_nugget":13,"rpgsmw:rawmiphrilignot":11,"minecraft:spruce_planks":2,"minecraft:calcite":2,"minecraft:coal_block":6,"minecraft:furnace":2,"minecraft:stick":2,"minecraft:oak_fence":3,"minecraft:torch":2,"minecraft:acacia_log":3,"iceandfire:silver_ore":9,"minecraft:porkchop":8,"minecraft:pointed_dripstone":10,"minecraft:diorite":1,"minecraft:orange_bed":1,"minecraft:rotten_flesh":46,"alexsmobs:emu_egg":6,"rpgsmw:iron_rifle":1,"minecraft:obsidian":4,"minecraft:cobblestone":212,"minecraft:magma_block":1,"minecraft:feather":30,"minecraft:cooked_beef":1,"minecraft:andesite":22,"minecraft:jungle_log":3,"minecraft:potato":1,"minecraft:flint":1,"minecraft:tuff":4,"minecraft:lapis_lazuli":37,"minecraft:dirt":115,"minecraft:bone":28,"minecraft:acacia_planks":2,"minecraft:bow":1,"minecraft:wheat_seeds":9,"minecraft:raw_gold":22,"epicsamurai:raw_silver":18,"minecraft:oak_planks":22,"minecraft:mossy_cobblestone":2,"rpgsmw:rangal":4,"minecraft:diamond":6,"minecraft:bread":16,"alexsmobs:maggot":1,"minecraft:oak_sapling":7,"epicsamurai:ruby":9,"minecraft:netherrack":15,"iceandfire:dragon_skull_lightning":2,"minecraft:crafting_table":19,"minecraft:gold_block":1,"epicsamurai:jade":10,"minecraft:cyan_carpet":1,"minecraft:beef":10,"minecraft:player_head":2,"minecraft:poppy":10,"minecraft:sugar_cane":10,"minecraft:egg":2,"minecraft:raw_iron":72,"iceandfire:dragonbone":45,"minecraft:stripped_mangrove_wood":9,"minecraft:note_block":1,"minecraft:carrot":36,"minecraft:redstone":49,"mowziesmobs:umvuthana_mask_faith":7,"minecraft:arrow":30,"minecraft:beetroot_seeds":1,"minecraft:hay_block":80,"mowziesmobs:umvuthana_mask_bliss":1,"iceandfire:deepslate_silver_ore":1,"minecraft:mutton":12,"minecraft:white_wool":11,"minecraft:oxeye_daisy":1,"mowziesmobs:umvuthana_mask_fury":2,"minecraft:leather":2,"rpgsmw:bullet":3,"minecraft:oak_log":27,"iceandfire:ectoplasm":1,"minecraft:yellow_bed":1,"minecraft:gunpowder":7,"simpletomb:grave_key":5,"minecraft:cooked_mutton":1,"minecraft:apple":2,"mowziesmobs:umvuthana_mask_rage":1,"minecraft:iron_ingot":19,"epicsamurai:aquamarine":16,"minecraft:dark_oak_stairs":1,"minecraft:book":9,"epicsamurai:onyx":8,"minecraft:polished_andesite_stairs":1,"minecraft:raw_iron_block":1,"minecraft:dripstone_block":9,"minecraft:gravel":18,"minecraft:blast_furnace":3,"minecraft:spider_eye":1,"alexsmobs:raw_catfish":3,"minecraft:stone_axe":2,"minecraft:stripped_jungle_wood":6,"mowziesmobs:umvuthana_mask_fear":3,"minecraft:black_wool":1,"minecraft:coal":56}},"DataVersion":3120}