{"stats":{"minecraft:used":{"iceandfire:silver_sword":175,"minecraft:chest":5,"minecraft:spruce_planks":12,"minecraft:shield":10,"minecraft:torch":33,"minecraft:dirt":4,"minecraft:stripped_spruce_log":2,"minecraft:iron_axe":56,"minecraft:stone_bricks":1,"friendsandfoes:totem_of_freezing":1,"minecraft:furnace":1,"tombstone:gift":8,"minecraft:cooked_beef":1,"minecraft:potato":29,"minecraft:cobbled_deepslate":8,"minecraft:iron_leggings":1,"minecraft:cooked_mutton":1,"minecraft:water_bucket":9,"minecraft:baked_potato":8,"minecraft:stone_pickaxe":35,"minecraft:oak_planks":185,"minecraft:wooden_pickaxe":15,"minecraft:blue_bed":4,"minecraft:deepslate_bricks":1,"minecraft:mossy_cobblestone":1,"minecraft:crafting_table":5,"iceandfire:armor_silver_metal_chestplate":1,"iceandfire:silver_pickaxe":415,"minecraft:bread":17,"minecraft:stone_axe":110,"minecraft:fishing_rod":2,"minecraft:purple_bed":6,"minecraft:cobblestone":10,"minecraft:cooked_porkchop":10,"minecraft:bucket":9,"alexsmobs:animal_dictionary":2,"minecraft:experience_bottle":1},"minecraft:picked_up":{"minecraft:fishing_rod":1,"minecraft:charcoal":22,"born_in_chaos_v1:diamond_termite_shard":2,"minecraft:crafting_table":5,"minecraft:allium":2,"minecraft:chainmail_boots":1,"illagerinvasion:platinum_chunk":2,"minecraft:clay_ball":3,"minecraft:leather_leggings":3,"minecraft:gold_block":1,"minecraft:shield":1,"minecraft:string":2,"minecraft:raw_copper":100,"minecraft:iron_leggings":1,"minecraft:item_frame":1,"minecraft:iron_shovel":2,"minecraft:experience_bottle":1,"minecraft:gold_nugget":28,"minecraft:cobbled_deepslate":88,"minecraft:spruce_planks":1,"minecraft:beef":10,"iceandfire:dread_shard":13,"minecraft:iron_nugget":28,"minecraft:sugar_cane":11,"minecraft:chest":3,"minecraft:birch_sapling":3,"minecraft:raw_iron":30,"minecraft:stick":11,"iceandfire:dragonbone":25,"luminousworld:auburnlog":7,"minecraft:stone":1,"minecraft:torch":23,"minecraft:spruce_fence":7,"minecraft:porkchop":15,"minecraft:diorite":2,"tombstone:grave_dust":3,"born_in_chaos_v1:pieceofdarkmetal":1,"minecraft:redstone":49,"minecraft:dark_oak_planks":1,"minecraft:brown_carpet":15,"iceandfire:dragon_skull_ice":1,"iceandfire:silver_ingot":8,"minecraft:arrow":2,"minecraft:rotten_flesh":7,"minecraft:deepslate_bricks":5,"minecraft:gold_ingot":1,"minecraft:mutton":8,"minecraft:rail":2,"minecraft:cobblestone":92,"minecraft:birch_log":12,"iceandfire:sapphire_gem":4,"minecraft:brown_wool":3,"minecraft:golden_leggings":1,"minecraft:potato":26,"minecraft:tuff":3,"minecraft:oak_log":58,"minecraft:chainmail_chestplate":2,"minecraft:gunpowder":2,"minecraft:dirt":16,"minecraft:blue_bed":5,"minecraft:cooked_mutton":1,"minecraft:bone":6,"minecraft:apple":3,"minecraft:stone_bricks":2,"minecraft:bow":1,"minecraft:raw_gold":20,"minecraft:rabbit":6,"minecraft:oak_planks":26,"friendsandfoes:totem_of_freezing":1,"minecraft:book":18,"luminousworld:clovers_1":1,"minecraft:cooked_porkchop":1,"minecraft:sweet_berries":3,"minecraft:stripped_spruce_log":2,"minecraft:spruce_log":6,"minecraft:mossy_cobblestone":1,"minecraft:purple_bed":5,"iceandfire:silver_sword":4,"luminousworld:auburn_sapling":1,"minecraft:emerald":5,"minecraft:bread":5,"minecraft:baked_potato":8,"minecraft:oak_sapling":3,"iceandfire:silver_nugget":320,"minecraft:coal":48,"iceandfire:raw_silver":1},"minecraft:broken":{"minecraft:golden_leggings":1,"minecraft:shield":1},"minecraft:killed":{"luminousworld:frostbitten_zombie":1,"minecraft:vindicator":2,"luminousworld:frost_bitten_skeleton":3,"born_in_chaos_v1:maggot":3,"minecraft:skeleton":2,"iceandfire:dread_knight":1,"iceandfire:dread_thrall":1,"undead_revamp2:thebidy":1,"friendsandfoes:iceologer":1,"born_in_chaos_v1:diamond_termite":2,"minecraft:pillager":2,"endermanoverhaul:cave_enderman":1,"minecraft:zombie":1,"iceandfire:dread_ghoul":1,"born_in_chaos_v1:door_knight":1,"takesapillage:archer":1},"minecraft:custom":{"minecraft:mob_kills":36,"minecraft:interact_with_crafting_table":15,"minecraft:open_barrel":13,"minecraft:interact_with_campfire":8,"minecraft:damage_dealt_resisted":160,"minecraft:eat_cake_slice":4,"minecraft:leave_game":4,"minecraft:time_since_death":3757,"minecraft:climb_one_cm":7256,"minecraft:sprint_one_cm":431227,"minecraft:walk_one_cm":406902,"minecraft:damage_blocked_by_shield":290,"minecraft:drop":62,"minecraft:damage_dealt_absorbed":57,"minecraft:talked_to_villager":1,"minecraft:play_time":139594,"minecraft:deaths":17,"minecraft:sneak_time":4464,"minecraft:walk_under_water_one_cm":32338,"minecraft:jump":1476,"minecraft:walk_on_water_one_cm":22179,"minecraft:total_world_time":139594,"minecraft:interact_with_furnace":23,"tombstone:raider_killed":6,"minecraft:sleep_in_bed":15,"minecraft:time_since_rest":3271,"minecraft:damage_taken":7260,"tombstone:sneak_grave":7,"minecraft:damage_dealt":8921,"minecraft:swim_one_cm":23256,"minecraft:player_kills":2,"minecraft:fly_one_cm":170585,"minecraft:open_chest":59,"minecraft:crouch_one_cm":12492,"tombstone:undead_killed":12,"minecraft:fall_one_cm":44836},"minecraft:killed_by":{"takesapillage:legioner":2,"takesapillage:skirmisher":2,"iceandfire:dread_ghoul":2,"iceandfire:dread_knight":5,"minecraft:zombie":1},"minecraft:dropped":{"minecraft:item_frame":1,"minecraft:stick":4,"minecraft:dirt":8,"minecraft:torch":4,"iceandfire:silver_sword":1,"minecraft:mutton":4,"minecraft:rabbit":6,"minecraft:brown_wool":3,"minecraft:iron_shovel":1,"minecraft:dark_oak_planks":1,"minecraft:string":2,"minecraft:fishing_rod":1,"luminousworld:clovers_1":1,"minecraft:blue_bed":1,"minecraft:bone":4,"minecraft:sugar_cane":2,"minecraft:cobbled_deepslate":8,"minecraft:stone_sword":1,"minecraft:rotten_flesh":4,"minecraft:clay_ball":3,"minecraft:oak_planks":24,"minecraft:spruce_fence":10,"minecraft:chainmail_chestplate":2,"minecraft:deepslate_bricks":4,"minecraft:potato":12,"iceandfire:silver_ingot":5,"minecraft:chainmail_boots":1,"minecraft:leather_leggings":3,"minecraft:stone_bricks":1,"minecraft:brown_carpet":15,"minecraft:wooden_pickaxe":1,"minecraft:stone_pickaxe":1},"minecraft:mined":{"minecraft:dark_oak_planks":1,"minecraft:tuff":43,"minecraft:spruce_planks":3,"iceandfire:silver_ore":1,"minecraft:mossy_cobblestone":1,"luminousworld:autumnleaves":1,"minecraft:grass_block":7,"minecraft:spruce_fence":5,"minecraft:brown_wool":3,"luminousworld:grassvariant_2":2,"iceandfire:dread_spawner":1,"minecraft:deepslate_bricks":5,"minecraft:spruce_leaves":1,"minecraft:spawner":1,"minecraft:redstone_ore":6,"minecraft:iron_ore":24,"minecraft:stripped_spruce_log":2,"minecraft:gold_block":1,"minecraft:bookshelf":6,"minecraft:potatoes":4,"minecraft:deepslate_iron_ore":3,"minecraft:deepslate_brick_stairs":1,"minecraft:packed_ice":1,"minecraft:stone":27,"minecraft:spruce_slab":1,"minecraft:deepslate_redstone_ore":5,"minecraft:brown_carpet":5,"born_in_chaos_v1:infected_deepslate_diamond_ore":1,"minecraft:crafting_table":5,"minecraft:torch":2,"minecraft:chest":3,"minecraft:lime_carpet":1,"minecraft:campfire":11,"luminousworld:auburnlog":7,"iceandfire:sapphire_ore":4,"minecraft:copper_ore":22,"minecraft:cobblestone":97,"minecraft:sugar_cane":3,"minecraft:oak_planks":3,"minecraft:diorite":3,"minecraft:wall_torch":6,"minecraft:blue_bed":3,"minecraft:deepslate_copper_ore":6,"supplementaries:urn":2,"minecraft:purple_bed":5,"minecraft:birch_log":12,"minecraft:spruce_log":6,"minecraft:oak_log":58,"minecraft:coal_ore":45,"iceandfire:silver_pile":50,"minecraft:gravel":2,"minecraft:sand":2,"minecraft:dirt":6,"minecraft:cobweb":1,"minecraft:cracked_stone_bricks":1,"minecraft:stone_bricks":2,"minecraft:gold_ore":20,"minecraft:oak_leaves":32,"minecraft:deepslate":88},"minecraft:crafted":{"minecraft:oak_planks":232,"iceandfire:armor_silver_metal_chestplate":1,"minecraft:stone_pickaxe":1,"minecraft:chest":2,"iceandfire:armor_silver_metal_boots":1,"minecraft:cooked_beef":10,"minecraft:cooked_porkchop":15,"iceandfire:silver_ingot":34,"minecraft:crafting_table":1,"minecraft:spruce_planks":24,"minecraft:wooden_pickaxe":1,"minecraft:stone_axe":1,"minecraft:air":0,"iceandfire:armor_silver_metal_helmet":1,"minecraft:stick":36,"minecraft:stone_sword":1,"minecraft:gold_ingot":9,"minecraft:torch":36,"iceandfire:silver_pickaxe":1,"iceandfire:silver_sword":1}},"DataVersion":3465}