{"stats":{"minecraft:picked_up":{"iceandfire:dragon_skull_lightning":2,"minecraft:crafting_table":11,"minecraft:oak_stairs":1,"minecraft:gold_block":1,"minecraft:string":5,"minecraft:raw_copper":10,"epicsamurai:jade":1,"minecraft:cyan_carpet":1,"minecraft:cobbled_deepslate":33,"minecraft:gold_nugget":13,"minecraft:beef":3,"minecraft:spruce_planks":2,"rpgsmw:rawmiphrilignot":5,"minecraft:calcite":2,"minecraft:poppy":10,"minecraft:sugar_cane":8,"minecraft:coal_block":6,"iceandfire:dragonbone":45,"minecraft:stick":2,"minecraft:raw_iron":12,"minecraft:stripped_mangrove_wood":9,"minecraft:oak_fence":3,"minecraft:torch":1,"minecraft:acacia_log":3,"iceandfire:silver_ore":9,"minecraft:note_block":1,"minecraft:porkchop":8,"minecraft:pointed_dripstone":2,"minecraft:diorite":1,"minecraft:carrot":4,"minecraft:orange_bed":1,"minecraft:arrow":21,"minecraft:rotten_flesh":29,"minecraft:beetroot_seeds":1,"minecraft:hay_block":80,"alexsmobs:emu_egg":4,"iceandfire:deepslate_silver_ore":1,"minecraft:mutton":7,"minecraft:obsidian":4,"minecraft:white_wool":9,"minecraft:cobblestone":137,"minecraft:oxeye_daisy":1,"minecraft:magma_block":1,"minecraft:jungle_log":3,"minecraft:andesite":17,"minecraft:potato":1,"minecraft:flint":1,"minecraft:oak_log":14,"iceandfire:ectoplasm":1,"simpletomb:grave_key":3,"minecraft:lapis_lazuli":37,"minecraft:dirt":103,"minecraft:bone":18,"minecraft:acacia_planks":2,"minecraft:apple":2,"minecraft:bow":1,"minecraft:wheat_seeds":1,"minecraft:raw_gold":8,"minecraft:iron_ingot":13,"epicsamurai:raw_silver":5,"minecraft:oak_planks":16,"minecraft:dark_oak_stairs":1,"minecraft:book":9,"epicsamurai:onyx":3,"minecraft:polished_andesite_stairs":1,"minecraft:dripstone_block":3,"minecraft:gravel":17,"minecraft:blast_furnace":1,"alexsmobs:raw_catfish":3,"minecraft:diamond":3,"minecraft:bread":16,"minecraft:black_wool":1,"alexsmobs:maggot":1,"minecraft:oak_sapling":7,"minecraft:netherrack":15,"minecraft:coal":6},"minecraft:broken":{"minecraft:golden_helmet":1,"minecraft:leather_leggings":1,"minecraft:wooden_pickaxe":1},"minecraft:killed_by":{"minecraft:husk":3,"minecraft:player":2,"alexsmobs:rocky_roller":1,"minecraft:creeper":2,"minecraft:skeleton":6,"minecraft:zombie":2,"iceandfire:ghost":1},"minecraft:used":{"alexsmobs:emu_egg":4,"minecraft:iron_sword":215,"minecraft:wooden_shovel":29,"minecraft:rotten_flesh":7,"minecraft:netherrack":9,"simpletomb:grave_key":49,"minecraft:torch":41,"iceandfire:silver_ore":7,"minecraft:dirt":74,"minecraft:carrot":18,"spartanshields:wooden_tower_shield":4,"minecraft:oak_stairs":1,"minecraft:magma_block":1,"minecraft:bow":12,"minecraft:cobbled_deepslate":19,"minecraft:acacia_planks":7,"minecraft:calcite":2,"alexsmobs:raw_catfish":3,"minecraft:stone_pickaxe":88,"minecraft:mangrove_planks":11,"minecraft:oak_planks":15,"minecraft:wooden_pickaxe":87,"spartanshields:iron_tower_shield":68,"minecraft:white_wool":5,"minecraft:stripped_mangrove_wood":3,"minecraft:crafting_table":11,"minecraft:mushroom_stew":1,"minecraft:blast_furnace":1,"spartanshields:stone_tower_shield":25,"minecraft:note_block":1,"minecraft:cake":1,"minecraft:black_wool":1,"minecraft:apple":6,"minecraft:bread":56,"minecraft:iron_pickaxe":184,"minecraft:stone_axe":114,"minecraft:wooden_sword":2,"minecraft:cobblestone":31,"minecraft:porkchop":8,"minecraft:andesite":17,"minecraft:pumpkin_pie":4,"alexsmobs:animal_dictionary":1},"minecraft:custom":{"minecraft:mob_kills":60,"minecraft:interact_with_crafting_table":30,"minecraft:open_barrel":2,"minecraft:eat_cake_slice":9,"minecraft:leave_game":1,"minecraft:time_since_death":19957,"minecraft:climb_one_cm":5933,"minecraft:sprint_one_cm":554972,"minecraft:walk_one_cm":539123,"minecraft:damage_blocked_by_shield":3180,"minecraft:drop":45,"minecraft:play_noteblock":2,"minecraft:talked_to_villager":13,"minecraft:play_time":196369,"minecraft:deaths":20,"minecraft:sneak_time":3080,"minecraft:walk_under_water_one_cm":33040,"minecraft:jump":3379,"minecraft:interact_with_blast_furnace":9,"minecraft:walk_on_water_one_cm":64095,"minecraft:total_world_time":196369,"minecraft:interact_with_furnace":2,"spartanshields:shield_bash_hits":34,"minecraft:sleep_in_bed":7,"minecraft:time_since_rest":19772,"minecraft:damage_taken":8909,"minecraft:trigger_trapped_chest":2,"minecraft:damage_dealt":13256,"minecraft:swim_one_cm":37198,"minecraft:player_kills":3,"minecraft:fly_one_cm":528997,"minecraft:open_chest":25,"minecraft:crouch_one_cm":3224,"minecraft:fall_one_cm":135692},"minecraft:mined":{"minecraft:dark_oak_planks":2,"minecraft:waxed_cut_copper_slab":1,"minecraft:tuff":2,"minecraft:spruce_planks":2,"iceandfire:silver_ore":10,"epicsamurai:deepslate_onyx_ore":3,"minecraft:deepslate_diamond_ore":3,"minecraft:granite":1,"minecraft:acacia_log":3,"minecraft:grass_block":39,"minecraft:jungle_log":3,"iceandfire:deepslate_silver_ore":1,"minecraft:coal_block":6,"minecraft:spawner":3,"minecraft:hay_block":80,"epicsamurai:deepslate_jade_ore":1,"minecraft:magma_block":1,"minecraft:iron_ore":3,"minecraft:cobbled_deepslate":1,"minecraft:andesite":17,"minecraft:deepslate_lapis_ore":2,"minecraft:stripped_dark_oak_wood":1,"minecraft:gold_block":1,"minecraft:dark_oak_stairs":1,"minecraft:bookshelf":3,"minecraft:pointed_dripstone":1,"minecraft:vine":3,"minecraft:deepslate_iron_ore":10,"minecraft:oak_stairs":1,"epicsamurai:deepslate_silver_ore":5,"minecraft:stone":125,"minecraft:stripped_mangrove_wood":10,"minecraft:white_wool":5,"minecraft:orange_bed":1,"minecraft:crafting_table":11,"minecraft:note_block":1,"minecraft:blast_furnace":1,"minecraft:calcite":2,"minecraft:tall_grass":4,"minecraft:cobblestone":8,"minecraft:lapis_ore":3,"minecraft:deepslate_gold_ore":8,"minecraft:sugar_cane":4,"minecraft:oak_planks":14,"minecraft:birch_leaves":1,"minecraft:grass":19,"minecraft:oak_log":13,"minecraft:coal_ore":6,"minecraft:gravel":28,"minecraft:dripstone_block":3,"minecraft:dirt":34,"minecraft:cobweb":4,"minecraft:acacia_planks":2,"minecraft:netherrack":15,"minecraft:polished_deepslate_wall":1,"minecraft:oak_leaves":19,"minecraft:deepslate":62,"minecraft:fern":1},"minecraft:killed":{"minecraft:spider":1,"minecraft:skeleton":18,"minecraft:husk":5,"minecraft:pig":3,"minecraft:iron_golem":4,"minecraft:creeper":2,"minecraft:sheep":5,"alexsmobs:catfish":1,"minecraft:zombie":17,"iceandfire:ghost":2,"minecraft:cow":1},"minecraft:crafted":{"minecraft:wooden_sword":1,"minecraft:oak_planks":56,"minecraft:coal":54,"spartanshields:wooden_tower_shield":3,"spartanshields:stone_tower_shield":1,"minecraft:ladder":3,"minecraft:stone_pickaxe":3,"minecraft:wheat":716,"rpgsmw:fabric":1,"minecraft:wooden_shovel":1,"minecraft:crafting_table":3,"spartanshields:iron_tower_shield":1,"minecraft:wooden_pickaxe":4,"minecraft:iron_sword":1,"minecraft:copper_ingot":9,"minecraft:mangrove_planks":24,"minecraft:stone_axe":2,"minecraft:bread":240,"minecraft:jungle_planks":12,"rpgsmw:iron_rifle":1,"minecraft:stick":52,"minecraft:iron_pickaxe":1,"minecraft:gold_ingot":9,"minecraft:acacia_planks":12,"minecraft:torch":48},"minecraft:dropped":{"minecraft:bread":127,"minecraft:dark_oak_stairs":1,"minecraft:dripstone_block":3,"simpletomb:grave_key":4,"minecraft:oak_fence":3,"minecraft:cobblestone":20,"iceandfire:ectoplasm":3,"minecraft:mangrove_planks":1,"minecraft:leather_helmet":1,"minecraft:stick":2,"minecraft:dirt":12,"minecraft:oxeye_daisy":1,"spartanshields:stone_tower_shield":1,"minecraft:diorite":1,"minecraft:fire_charge":1,"minecraft:polished_andesite_stairs":1,"minecraft:glistering_melon_slice":2,"minecraft:string":3,"minecraft:cyan_carpet":1,"minecraft:gravel":8,"alexsmobs:maggot":1,"minecraft:cobbled_deepslate":10,"minecraft:bowl":1,"minecraft:rotten_flesh":22,"minecraft:oak_planks":1,"minecraft:carrot":4,"minecraft:poppy":10,"minecraft:potato":1,"minecraft:spruce_planks":2,"minecraft:leather_boots":1,"minecraft:bamboo":4,"minecraft:wooden_pickaxe":1,"iceandfire:dragon_skull_lightning":1,"minecraft:netherrack":6}},"DataVersion":3120}