{"stats":{"minecraft:killed":{"minecraft:vindicator":2,"luminousworld:frost_bitten_skeleton":2,"born_in_chaos_v1:maggot":3,"minecraft:skeleton":2,"iceandfire:dread_knight":1,"iceandfire:dread_thrall":1,"friendsandfoes:iceologer":1,"minecraft:pillager":2,"iceandfire:dread_ghoul":1,"born_in_chaos_v1:door_knight":1,"takesapillage:archer":1},"minecraft:broken":{"minecraft:golden_leggings":1,"minecraft:shield":1},"minecraft:picked_up":{"minecraft:fishing_rod":1,"minecraft:charcoal":22,"minecraft:crafting_table":4,"minecraft:allium":2,"illagerinvasion:platinum_chunk":2,"minecraft:chainmail_boots":1,"minecraft:clay_ball":3,"minecraft:leather_leggings":3,"minecraft:gold_block":1,"minecraft:shield":1,"minecraft:string":2,"minecraft:item_frame":1,"minecraft:iron_shovel":2,"minecraft:experience_bottle":1,"minecraft:spruce_planks":1,"minecraft:beef":10,"iceandfire:dread_shard":13,"minecraft:sugar_cane":11,"luminousworld:auburnlog":7,"minecraft:stick":7,"iceandfire:dragonbone":25,"minecraft:torch":3,"minecraft:spruce_fence":7,"minecraft:porkchop":15,"born_in_chaos_v1:pieceofdarkmetal":1,"minecraft:dark_oak_planks":1,"minecraft:brown_carpet":15,"iceandfire:dragon_skull_ice":1,"iceandfire:silver_ingot":8,"minecraft:arrow":2,"minecraft:rotten_flesh":4,"minecraft:deepslate_bricks":5,"minecraft:gold_ingot":1,"minecraft:mutton":8,"minecraft:cobblestone":24,"minecraft:birch_log":12,"iceandfire:sapphire_gem":1,"minecraft:brown_wool":3,"minecraft:golden_leggings":1,"minecraft:potato":26,"minecraft:oak_log":42,"minecraft:chainmail_chestplate":2,"minecraft:dirt":16,"minecraft:blue_bed":5,"minecraft:cooked_mutton":1,"minecraft:bone":5,"minecraft:apple":3,"minecraft:stone_bricks":2,"minecraft:bow":1,"minecraft:rabbit":6,"minecraft:oak_planks":24,"friendsandfoes:totem_of_freezing":1,"minecraft:book":18,"luminousworld:clovers_1":1,"minecraft:sweet_berries":3,"minecraft:stripped_spruce_log":2,"minecraft:spruce_log":6,"minecraft:mossy_cobblestone":1,"minecraft:purple_bed":1,"iceandfire:silver_sword":2,"luminousworld:auburn_sapling":1,"minecraft:emerald":5,"minecraft:bread":5,"minecraft:baked_potato":8,"minecraft:oak_sapling":3,"iceandfire:silver_nugget":320,"minecraft:coal":38},"minecraft:dropped":{"minecraft:item_frame":1,"minecraft:stick":4,"minecraft:dirt":8,"minecraft:torch":4,"iceandfire:silver_sword":1,"minecraft:mutton":4,"minecraft:rabbit":6,"minecraft:brown_wool":3,"minecraft:iron_shovel":1,"minecraft:dark_oak_planks":1,"minecraft:string":2,"minecraft:fishing_rod":1,"luminousworld:clovers_1":1,"minecraft:blue_bed":1,"minecraft:bone":4,"minecraft:sugar_cane":2,"minecraft:stone_sword":1,"minecraft:rotten_flesh":4,"minecraft:clay_ball":3,"minecraft:oak_planks":24,"minecraft:spruce_fence":10,"minecraft:chainmail_chestplate":2,"minecraft:deepslate_bricks":4,"minecraft:potato":12,"iceandfire:silver_ingot":5,"minecraft:chainmail_boots":1,"minecraft:leather_leggings":3,"minecraft:stone_bricks":1,"minecraft:brown_carpet":15,"minecraft:wooden_pickaxe":1,"minecraft:stone_pickaxe":1},"minecraft:used":{"iceandfire:silver_sword":136,"minecraft:chest":2,"minecraft:spruce_planks":12,"minecraft:shield":10,"minecraft:torch":5,"minecraft:dirt":4,"minecraft:stripped_spruce_log":2,"minecraft:iron_axe":56,"minecraft:stone_bricks":1,"friendsandfoes:totem_of_freezing":1,"tombstone:gift":6,"minecraft:potato":24,"minecraft:cooked_mutton":1,"minecraft:baked_potato":8,"minecraft:stone_pickaxe":35,"minecraft:oak_planks":24,"minecraft:wooden_pickaxe":15,"minecraft:blue_bed":4,"minecraft:deepslate_bricks":1,"minecraft:mossy_cobblestone":1,"minecraft:crafting_table":4,"iceandfire:armor_silver_metal_chestplate":1,"iceandfire:silver_pickaxe":80,"minecraft:bread":17,"minecraft:stone_axe":83,"minecraft:fishing_rod":2,"minecraft:purple_bed":2,"minecraft:cobblestone":10,"alexsmobs:animal_dictionary":2,"minecraft:experience_bottle":1},"minecraft:crafted":{"minecraft:oak_planks":72,"iceandfire:armor_silver_metal_chestplate":1,"minecraft:stone_pickaxe":1,"minecraft:chest":2,"iceandfire:armor_silver_metal_boots":1,"iceandfire:silver_ingot":24,"minecraft:crafting_table":1,"minecraft:spruce_planks":24,"minecraft:wooden_pickaxe":1,"minecraft:stone_axe":1,"iceandfire:armor_silver_metal_helmet":1,"minecraft:stick":36,"minecraft:stone_sword":1,"minecraft:gold_ingot":9,"minecraft:torch":36,"iceandfire:silver_pickaxe":1,"iceandfire:silver_sword":1},"minecraft:killed_by":{"takesapillage:legioner":2,"takesapillage:skirmisher":2,"iceandfire:dread_ghoul":2,"iceandfire:dread_knight":5},"minecraft:custom":{"minecraft:mob_kills":27,"minecraft:interact_with_crafting_table":12,"minecraft:open_barrel":12,"minecraft:interact_with_campfire":8,"minecraft:damage_dealt_resisted":160,"minecraft:eat_cake_slice":4,"minecraft:leave_game":3,"minecraft:time_since_death":10037,"minecraft:sprint_one_cm":383355,"minecraft:walk_one_cm":280986,"minecraft:damage_blocked_by_shield":290,"minecraft:drop":61,"minecraft:damage_dealt_absorbed":57,"minecraft:talked_to_villager":1,"minecraft:play_time":92959,"minecraft:deaths":15,"minecraft:sneak_time":870,"minecraft:walk_under_water_one_cm":16044,"minecraft:jump":1101,"minecraft:walk_on_water_one_cm":11444,"minecraft:total_world_time":92959,"minecraft:interact_with_furnace":5,"tombstone:raider_killed":6,"minecraft:sleep_in_bed":11,"minecraft:time_since_rest":2286,"minecraft:damage_taken":5788,"tombstone:sneak_grave":7,"minecraft:damage_dealt":6218,"minecraft:swim_one_cm":16429,"minecraft:fly_one_cm":156876,"minecraft:player_kills":1,"minecraft:open_chest":40,"minecraft:crouch_one_cm":2163,"tombstone:undead_killed":8,"minecraft:fall_one_cm":35609},"minecraft:mined":{"minecraft:dark_oak_planks":1,"minecraft:spruce_planks":2,"minecraft:mossy_cobblestone":1,"luminousworld:autumnleaves":1,"minecraft:grass_block":7,"minecraft:spruce_fence":5,"minecraft:brown_wool":3,"luminousworld:grassvariant_2":1,"iceandfire:dread_spawner":1,"minecraft:deepslate_bricks":5,"minecraft:spruce_leaves":1,"minecraft:spawner":1,"minecraft:stripped_spruce_log":2,"minecraft:gold_block":1,"minecraft:bookshelf":6,"minecraft:potatoes":4,"minecraft:deepslate_brick_stairs":1,"minecraft:stone":21,"minecraft:spruce_slab":1,"minecraft:brown_carpet":5,"minecraft:crafting_table":4,"minecraft:lime_carpet":1,"minecraft:campfire":11,"luminousworld:auburnlog":7,"iceandfire:sapphire_ore":1,"minecraft:cobblestone":4,"minecraft:sugar_cane":3,"minecraft:diorite":1,"minecraft:blue_bed":3,"minecraft:purple_bed":1,"minecraft:birch_log":12,"minecraft:spruce_log":6,"minecraft:oak_log":42,"minecraft:coal_ore":40,"iceandfire:silver_pile":50,"minecraft:gravel":2,"minecraft:sand":2,"minecraft:dirt":6,"minecraft:cobweb":1,"minecraft:stone_bricks":2,"minecraft:oak_leaves":29}},"DataVersion":3465}