{"stats":{"minecraft:picked_up":{"minecraft:wheat":26,"minecraft:oak_stairs":1,"minecraft:raw_copper":10,"minecraft:string":8,"minecraft:cobbled_deepslate":148,"minecraft:gold_nugget":13,"rpgsmw:rawmiphrilignot":17,"minecraft:spruce_planks":2,"minecraft:calcite":2,"minecraft:melon_slice":63,"minecraft:coal_block":6,"minecraft:furnace":3,"minecraft:stick":2,"minecraft:oak_fence":3,"minecraft:torch":28,"minecraft:acacia_log":6,"iceandfire:silver_ore":9,"minecraft:porkchop":8,"minecraft:pointed_dripstone":10,"minecraft:diorite":1,"minecraft:orange_bed":1,"minecraft:rotten_flesh":46,"alexsmobs:emu_egg":6,"rpgsmw:iron_rifle":1,"minecraft:obsidian":4,"minecraft:cobblestone":214,"minecraft:magma_block":1,"minecraft:feather":30,"minecraft:cooked_beef":1,"minecraft:andesite":22,"minecraft:jungle_log":3,"minecraft:potato":1,"minecraft:flint":1,"minecraft:tuff":4,"minecraft:lapis_lazuli":37,"minecraft:dirt":121,"minecraft:bone":28,"minecraft:acacia_planks":2,"minecraft:bow":1,"minecraft:wheat_seeds":11,"minecraft:raw_gold":22,"epicsamurai:raw_silver":18,"minecraft:oak_planks":22,"minecraft:mossy_cobblestone":2,"rpgsmw:rangal":4,"minecraft:diamond":6,"minecraft:bread":16,"alexsmobs:maggot":1,"minecraft:oak_sapling":7,"epicsamurai:ruby":9,"minecraft:netherrack":15,"iceandfire:dragon_skull_lightning":2,"minecraft:crafting_table":22,"minecraft:gold_block":1,"epicsamurai:jade":10,"minecraft:cyan_carpet":1,"minecraft:beef":12,"minecraft:player_head":2,"minecraft:poppy":10,"minecraft:sugar_cane":10,"minecraft:egg":2,"minecraft:raw_iron":74,"iceandfire:dragonbone":45,"minecraft:stripped_mangrove_wood":9,"minecraft:note_block":1,"minecraft:carrot":36,"minecraft:redstone":49,"mowziesmobs:umvuthana_mask_faith":8,"minecraft:arrow":30,"minecraft:beetroot_seeds":1,"minecraft:hay_block":97,"mowziesmobs:umvuthana_mask_bliss":1,"iceandfire:deepslate_silver_ore":1,"minecraft:mutton":14,"minecraft:white_wool":12,"minecraft:oxeye_daisy":1,"mowziesmobs:umvuthana_mask_fury":3,"minecraft:leather":4,"rpgsmw:bullet":3,"minecraft:acacia_wood":1,"minecraft:oak_log":27,"iceandfire:ectoplasm":1,"minecraft:yellow_bed":1,"minecraft:gunpowder":7,"simpletomb:grave_key":5,"minecraft:cooked_mutton":1,"minecraft:apple":2,"mowziesmobs:umvuthana_mask_rage":2,"minecraft:iron_ingot":19,"epicsamurai:aquamarine":24,"minecraft:dark_oak_stairs":1,"minecraft:book":9,"epicsamurai:onyx":8,"minecraft:polished_andesite_stairs":1,"minecraft:raw_iron_block":1,"minecraft:dripstone_block":9,"minecraft:gravel":18,"minecraft:blast_furnace":3,"minecraft:spider_eye":2,"alexsmobs:raw_catfish":3,"minecraft:stone_axe":2,"minecraft:stripped_jungle_wood":6,"mowziesmobs:umvuthana_mask_fear":3,"minecraft:black_wool":1,"minecraft:coal":56},"minecraft:killed_by":{"minecraft:creeper":4,"epicsamurai:onibi":3,"mowziesmobs:umvuthi":5,"mowziesmobs:umvuthana":6,"minecraft:zombie":4,"minecraft:husk":3,"minecraft:player":4,"alexsmobs:rocky_roller":1,"minecraft:spider":1,"minecraft:skeleton":12,"iceandfire:ghost":2},"minecraft:broken":{"minecraft:golden_helmet":1,"minecraft:leather_leggings":1,"minecraft:stone_axe":2,"minecraft:wooden_pickaxe":1,"minecraft:leather_boots":1,"minecraft:iron_pickaxe":1},"minecraft:used":{"alexsmobs:emu_egg":6,"minecraft:chest":1,"minecraft:iron_sword":215,"minecraft:rotten_flesh":21,"minecraft:mutton":2,"minecraft:jungle_planks":6,"minecraft:carrot":78,"spartanshields:wooden_tower_shield":4,"minecraft:magma_block":1,"minecraft:bow":12,"minecraft:furnace":4,"minecraft:egg":2,"alexsmobs:raw_catfish":3,"minecraft:stone_pickaxe":88,"minecraft:oak_planks":31,"minecraft:mangrove_planks":11,"minecraft:wooden_pickaxe":87,"minecraft:stripped_mangrove_wood":3,"minecraft:white_wool":9,"minecraft:mushroom_stew":1,"minecraft:blast_furnace":3,"spartanshields:stone_tower_shield":25,"minecraft:dripstone_block":6,"minecraft:note_block":1,"minecraft:bread":84,"minecraft:wooden_sword":7,"minecraft:andesite":17,"minecraft:wooden_shovel":29,"minecraft:netherrack":9,"simpletomb:grave_key":91,"minecraft:torch":147,"iceandfire:silver_ore":7,"minecraft:dirt":86,"minecraft:oak_stairs":1,"iceandfire:copper_axe":1,"epicsamurai:blue_samurai_chestplate":1,"minecraft:beef":3,"minecraft:cooked_beef":6,"minecraft:acacia_planks":10,"minecraft:cobbled_deepslate":122,"minecraft:pointed_dripstone":6,"minecraft:calcite":2,"minecraft:cooked_mutton":3,"spartanshields:iron_tower_shield":130,"minecraft:crafting_table":22,"minecraft:cake":1,"minecraft:black_wool":1,"minecraft:apple":6,"minecraft:iron_pickaxe":666,"minecraft:stone_axe":412,"minecraft:cobblestone":83,"minecraft:porkchop":8,"minecraft:cooked_porkchop":1,"minecraft:pumpkin_pie":4,"alexsmobs:animal_dictionary":1},"minecraft:custom":{"minecraft:interact_with_crafting_table":69,"minecraft:open_barrel":2,"minecraft:eat_cake_slice":9,"minecraft:leave_game":4,"minecraft:time_since_death":26712,"minecraft:sprint_one_cm":1351928,"minecraft:damage_blocked_by_shield":3900,"minecraft:drop":114,"minecraft:play_noteblock":2,"minecraft:talked_to_villager":25,"minecraft:play_time":459204,"minecraft:deaths":54,"minecraft:jump":8507,"minecraft:walk_on_water_one_cm":109885,"minecraft:interact_with_furnace":57,"minecraft:sleep_in_bed":10,"minecraft:damage_dealt":26653,"minecraft:player_kills":4,"minecraft:crouch_one_cm":4782,"minecraft:mob_kills":162,"minecraft:damage_dealt_resisted":110,"minecraft:climb_one_cm":7431,"minecraft:walk_one_cm":1199160,"minecraft:sneak_time":4774,"minecraft:walk_under_water_one_cm":91736,"minecraft:interact_with_blast_furnace":24,"minecraft:total_world_time":459204,"spartanshields:shield_bash_hits":39,"minecraft:interact_with_grindstone":1,"minecraft:time_since_rest":26740,"minecraft:damage_taken":21769,"minecraft:trigger_trapped_chest":2,"minecraft:swim_one_cm":97103,"minecraft:fly_one_cm":1421320,"minecraft:open_chest":77,"minecraft:fall_one_cm":360254},"minecraft:mined":{"minecraft:dark_oak_planks":2,"minecraft:waxed_cut_copper_slab":1,"minecraft:spruce_planks":2,"minecraft:granite":10,"minecraft:acacia_log":6,"epicsamurai:silver_ore":4,"minecraft:grass_block":49,"minecraft:jungle_log":3,"minecraft:coal_block":6,"minecraft:spawner":4,"epicsamurai:deepslate_jade_ore":4,"minecraft:magma_block":1,"minecraft:raw_iron_block":1,"minecraft:iron_ore":26,"minecraft:cobbled_deepslate":4,"minecraft:deepslate_lapis_ore":2,"minecraft:stripped_dark_oak_wood":1,"minecraft:dark_oak_stairs":1,"minecraft:pointed_dripstone":5,"minecraft:dirt_path":1,"minecraft:oak_stairs":1,"epicsamurai:deepslate_silver_ore":12,"minecraft:stripped_mangrove_wood":10,"minecraft:orange_bed":1,"minecraft:deepslate_redstone_ore":11,"minecraft:note_block":1,"minecraft:blast_furnace":1,"minecraft:calcite":2,"minecraft:melon":12,"minecraft:cobblestone":13,"minecraft:sugar_cane":5,"minecraft:oak_planks":14,"minecraft:wall_torch":1,"minecraft:wheat":26,"minecraft:grass":57,"minecraft:oak_log":26,"minecraft:dirt":39,"minecraft:netherrack":15,"minecraft:polished_deepslate_wall":1,"minecraft:oak_leaves":19,"minecraft:deepslate":174,"minecraft:tuff":7,"iceandfire:silver_ore":10,"epicsamurai:deepslate_onyx_ore":7,"minecraft:deepslate_diamond_ore":6,"epicsamurai:deepslate_ruby_ore":8,"minecraft:stripped_jungle_wood":7,"iceandfire:deepslate_silver_ore":1,"minecraft:hay_block":97,"minecraft:furnace":3,"minecraft:carrots":18,"minecraft:acacia_wood":1,"minecraft:andesite":28,"minecraft:gold_block":1,"minecraft:bookshelf":3,"minecraft:deepslate_iron_ore":45,"minecraft:vine":3,"minecraft:stone":222,"minecraft:white_wool":6,"epicsamurai:jade_ore":1,"epicsamurai:deepslate_aquamarine_ore":24,"minecraft:crafting_table":21,"minecraft:tall_grass":8,"minecraft:lapis_ore":6,"minecraft:deepslate_gold_ore":22,"minecraft:diorite":13,"rpgsmw:mineral_ore":4,"minecraft:birch_leaves":1,"minecraft:yellow_bed":1,"minecraft:coal_ore":45,"minecraft:gravel":32,"minecraft:dripstone_block":10,"minecraft:cobweb":6,"minecraft:acacia_planks":2,"epicsamurai:ruby_ore":4,"minecraft:fern":1},"minecraft:killed":{"minecraft:cave_spider":3,"minecraft:spider":4,"minecraft:skeleton":23,"mowziesmobs:umvuthana_crane":17,"epicsamurai:enenra":1,"minecraft:pig":3,"minecraft:iron_golem":5,"minecraft:creeper":5,"minecraft:sheep":8,"minecraft:zombie":31,"minecraft:cow":4,"epicsamurai:onibi":1,"mowziesmobs:umvuthana":40,"minecraft:husk":5,"alexsmobs:catfish":1,"iceandfire:ghost":2},"minecraft:dropped":{"minecraft:dark_oak_stairs":1,"minecraft:cooked_beef":1,"epicsamurai:onyx":5,"mowziesmobs:umvuthana_mask_faith":6,"minecraft:leather":4,"minecraft:jungle_planks":4,"iceandfire:ectoplasm":3,"minecraft:mangrove_planks":1,"minecraft:saddle":1,"minecraft:leather_helmet":1,"minecraft:dirt":16,"spartanshields:stone_tower_shield":1,"minecraft:glistering_melon_slice":2,"epicsamurai:aquamarine":1,"minecraft:white_wool":3,"minecraft:cyan_carpet":1,"minecraft:bone":2,"minecraft:gravel":8,"minecraft:stone_axe":3,"minecraft:cobbled_deepslate":22,"minecraft:wheat":1,"minecraft:pointed_dripstone":2,"minecraft:rotten_flesh":25,"minecraft:oak_planks":3,"minecraft:carrot":4,"rpgsmw:iron_rifle":1,"minecraft:poppy":10,"minecraft:gunpowder":1,"minecraft:leather_boots":1,"minecraft:arrow":1,"minecraft:netherrack":6,"mowziesmobs:umvuthana_mask_fury":1,"minecraft:bread":146,"minecraft:wheat_seeds":10,"minecraft:mossy_cobblestone":2,"minecraft:dripstone_block":3,"simpletomb:grave_key":6,"minecraft:oak_fence":3,"minecraft:feather":30,"minecraft:cobblestone":22,"mowziesmobs:umvuthana_mask_fear":2,"minecraft:stick":9,"minecraft:oxeye_daisy":1,"minecraft:diorite":1,"minecraft:torch":12,"minecraft:fire_charge":1,"minecraft:polished_andesite_stairs":1,"minecraft:string":11,"alexsmobs:maggot":1,"minecraft:player_head":1,"minecraft:bowl":1,"minecraft:tuff":4,"minecraft:raw_iron":9,"minecraft:potato":1,"minecraft:spruce_planks":2,"minecraft:andesite":5,"epicsamurai:ruby":1,"minecraft:spider_eye":2,"minecraft:bamboo":4,"minecraft:wooden_pickaxe":1,"iceandfire:dragon_skull_lightning":1},"minecraft:crafted":{"minecraft:oak_planks":108,"spartanshields:wooden_tower_shield":4,"minecraft:cooked_mutton":2,"iceandfire:copper_axe":1,"minecraft:chest":1,"epicsamurai:blue_samurai_chestplate":1,"minecraft:wooden_shovel":1,"minecraft:crafting_table":3,"minecraft:wooden_pickaxe":4,"spartanshields:iron_tower_shield":2,"minecraft:copper_ingot":12,"rpgsmw:bullet":64,"rpgsmw:iron_rifle":2,"minecraft:stick":120,"minecraft:iron_ingot":43,"minecraft:iron_pickaxe":4,"minecraft:gold_ingot":23,"rpgsmw:diamond_rifle":1,"minecraft:wooden_sword":2,"minecraft:raw_iron":9,"minecraft:coal":54,"minecraft:furnace":1,"spartanshields:stone_tower_shield":1,"minecraft:ladder":3,"minecraft:stone_pickaxe":3,"minecraft:wheat":869,"rpgsmw:fabric":3,"minecraft:cooked_beef":6,"rpgsmw:steel":2,"minecraft:iron_sword":1,"minecraft:mangrove_planks":24,"minecraft:stone_axe":6,"minecraft:bread":299,"minecraft:jungle_planks":36,"minecraft:acacia_planks":28,"minecraft:torch":148}},"DataVersion":3120}