{"stats":{"minecraft:dropped":{"luminousworld:autumnplank":8,"minecraft:diamond_axe":1,"minecraft:mud_brick_slab":2,"minecraft:oak_log":6,"minecraft:baked_potato":43,"minecraft:crafting_table":1,"luminousworld:white_petunias":1,"minecraft:lantern":1,"born_in_chaos_v1:pieceofdarkmetal":3,"minecraft:rail":2,"minecraft:item_frame":1,"minecraft:packed_mud":10,"minecraft:dirt":14,"minecraft:stone_button":2,"minecraft:mutton":4,"minecraft:stripped_dark_oak_wood":1,"minecraft:chain":2,"minecraft:gold_nugget":2,"minecraft:sand":1,"minecraft:polished_blackstone_bricks":1,"minecraft:dark_oak_planks":2,"minecraft:fishing_rod":1,"minecraft:blue_bed":2,"luminousworld:clovers_1":1,"minecraft:gold_ingot":171,"minecraft:bone":6,"minecraft:gravel":1,"minecraft:sugar_cane":2,"hangglider:hang_glider":1,"minecraft:cobbled_deepslate":72,"minecraft:obsidian":5,"minecraft:wheat":1,"minecraft:black_terracotta":2,"minecraft:rotten_flesh":24,"minecraft:oak_planks":24,"minecraft:chainmail_chestplate":3,"supplementaries:flax_seeds":1,"supplementaries:ash":2,"iceandfire:ghost_chest":1,"minecraft:gunpowder":6,"born_in_chaos_v1:corpse_maggot":1,"minecraft:chainmail_boots":1,"minecraft:ladder":1,"minecraft:leather_leggings":3,"minecraft:spruce_slab":1,"minecraft:iron_bars":2,"minecraft:crying_obsidian":3,"minecraft:quartz":4,"minecraft:poisonous_potato":1,"minecraft:yellow_terracotta":1,"minecraft:cobblestone":4,"minecraft:granite":2,"minecraft:spruce_stairs":2,"minecraft:coal":1,"minecraft:golden_apple":2,"minecraft:stick":4,"minecraft:polished_andesite":1,"minecraft:cobweb":6,"stalwart_dungeons:soul_bricks":11,"born_in_chaos_v1:gnawed_bones":1,"illagerinvasion:platinum_chunk":64,"minecraft:ink_sac":2,"tombstone:magic_scroll":1,"minecraft:torch":4,"iceandfire:silver_sword":1,"minecraft:rabbit":6,"minecraft:brown_wool":3,"minecraft:yellow_glazed_terracotta":9,"iceandfire:armor_silver_metal_chestplate":1,"tombstone:grave_dust":4,"iceandfire:dragonscales_white":27,"minecraft:iron_shovel":1,"minecraft:string":3,"earthmobsmod:duck_egg":1,"stalwart_dungeons:soul_tiles":1,"minecraft:nether_brick_slab":2,"minecraft:blue_terracotta":8,"minecraft:soul_soil":24,"minecraft:stone_sword":1,"minecraft:raw_copper":100,"iceandfire:witherbone":2,"minecraft:clay_ball":3,"minecraft:iron_boots":1,"sophisticatedbackpacks:backpack":1,"minecraft:waxed_exposed_cut_copper":1,"minecraft:spruce_fence":10,"minecraft:red_terracotta":4,"minecraft:deepslate_bricks":4,"minecraft:potato":16,"minecraft:stone":1,"minecraft:mud_bricks":22,"minecraft:diamond_chestplate":1,"iceandfire:silver_ingot":5,"minecraft:stone_bricks":2,"minecraft:brown_carpet":15,"minecraft:bow":1,"minecraft:stone_pickaxe":2,"minecraft:wooden_pickaxe":1,"minecraft:calcite":3,"minecraft:magma_block":1},"minecraft:killed_by":{"minecraft:wither_skeleton":12,"iceandfire:dread_ghoul":2,"minecraft:vindicator":2,"undead_revamp2:bomber":1,"minecraft:zombie":5,"minecraft:vex":1,"minecraft:player":1,"takesapillage:legioner":2,"takesapillage:skirmisher":2,"iceandfire:dread_knight":5,"minecraft:skeleton":3},"minecraft:mined":{"minecraft:dark_oak_planks":3,"minecraft:large_amethyst_bud":1,"securitycraft:mine":2,"minecraft:spruce_planks":3,"minecraft:black_terracotta":2,"luminousworld:autumnleaves":1,"minecraft:red_nether_bricks":4,"minecraft:obsidian":5,"minecraft:brewing_stand":1,"minecraft:granite":2,"minecraft:grass_block":13,"sophisticatedbackpacks:iron_backpack":1,"minecraft:brown_wool":3,"iceandfire:dread_spawner":1,"minecraft:deepslate_bricks":5,"minecraft:soul_soil":5,"minecraft:mud_bricks":11,"minecraft:spawner":18,"minecraft:polished_blackstone_bricks":19,"minecraft:magma_block":1,"minecraft:iron_ore":76,"minecraft:fire":21,"minecraft:anvil":1,"minecraft:nether_brick_stairs":1,"minecraft:stripped_dark_oak_wood":2,"minecraft:water_cauldron":1,"minecraft:iron_bars":1,"minecraft:deepslate_brick_stairs":1,"minecraft:spruce_slab":3,"minecraft:deepslate_redstone_ore":5,"supplementaries:book_pile":1,"minecraft:soul_fire":4,"minecraft:amethyst_cluster":6,"stalwart_dungeons:soul_tiles":4,"born_in_chaos_v1:infected_deepslate_diamond_ore":1,"minecraft:torch":8,"minecraft:calcite":3,"iceandfire:ghost_chest":1,"minecraft:chest":3,"minecraft:nether_brick_slab":1,"iceandfire:sapphire_ore":4,"minecraft:nether_quartz_ore":6,"minecraft:cobblestone":138,"minecraft:oak_planks":3,"minecraft:sugar_cane":5,"minecraft:wall_torch":18,"minecraft:amethyst_block":2,"minecraft:deepslate_copper_ore":6,"minecraft:birch_log":12,"minecraft:tinted_glass":8,"minecraft:tnt":2,"minecraft:yellow_glazed_terracotta":2,"minecraft:grass":1,"minecraft:oak_log":58,"minecraft:sand":3,"minecraft:dirt":11,"stalwart_dungeons:pusher":5,"minecraft:netherrack":65,"minecraft:oak_leaves":34,"minecraft:deepslate":91,"alexscaves:spelunkery_table":3,"minecraft:tuff":43,"iceandfire:silver_ore":1,"minecraft:mossy_cobblestone":3,"stalwart_dungeons:soul_bricks":30,"minecraft:ladder":6,"minecraft:spruce_fence":5,"luminousworld:grassvariant_2":2,"minecraft:spruce_leaves":2,"minecraft:redstone_ore":6,"minecraft:packed_mud":4,"minecraft:waxed_oxidized_cut_copper":1,"minecraft:furnace":3,"minecraft:stripped_spruce_log":2,"minecraft:gold_block":1,"minecraft:bookshelf":6,"minecraft:potatoes":20,"minecraft:deepslate_iron_ore":8,"minecraft:vine":1,"minecraft:lantern":1,"minecraft:packed_ice":2,"minecraft:stone":34,"minecraft:soul_sand":1,"minecraft:brown_carpet":5,"minecraft:crafting_table":7,"minecraft:oak_wood":1,"minecraft:lime_carpet":1,"minecraft:campfire":11,"luminousworld:auburnlog":7,"minecraft:copper_ore":22,"minecraft:diorite":3,"minecraft:blue_bed":3,"stalwart_dungeons:tungsten_ore":21,"supplementaries:urn":10,"minecraft:spruce_stairs":2,"minecraft:purple_bed":7,"minecraft:spruce_log":6,"iceandfire:silver_pile":50,"minecraft:coal_ore":55,"luminousworld:ishstone":2,"minecraft:gray_carpet":1,"minecraft:gravel":5,"minecraft:cobweb":12,"minecraft:cracked_stone_bricks":1,"minecraft:polished_andesite":1,"minecraft:stone_bricks":8,"minecraft:small_dripleaf":1,"minecraft:gold_ore":36,"minecraft:chipped_anvil":3,"minecraft:waxed_exposed_cut_copper":2},"minecraft:killed":{"illagerinvasion:archivist":1,"creeperoverhaul:hills_creeper":1,"minecraft:witch":1,"born_in_chaos_v1:restless_spirit":2,"born_in_chaos_v1:zombie_lumberjack":1,"born_in_chaos_v1:skeleton_demoman":1,"minecraft:spider":2,"luminousworld:frost_bitten_skeleton":5,"born_in_chaos_v1:baby_skeleton_minion":1,"illagerinvasion:basher":1,"minecraft:skeleton":31,"illagerinvasion:provoker":3,"born_in_chaos_v1:skeleton_thrasher":2,"undead_revamp2:therod":1,"undead_revamp2:thepregnant":1,"minecraft:piglin_brute":2,"enemyexpansion:vampflyer":1,"artifacts:mimic":1,"minecraft:piglin":4,"born_in_chaos_v1:bonescaller":1,"born_in_chaos_v1:diamond_termite":2,"minecraft:zombie_villager":1,"stalwart_dungeons:giddy_blaze":1,"minecraft:creeper":1,"minecraft:pillager":2,"minecraft:zombie":23,"stalwart_dungeons:incomplete_wither":1,"alexsmobs:cachalot_whale":1,"born_in_chaos_v1:dread_hound":1,"creeperoverhaul:swamp_creeper":1,"born_in_chaos_v1:corpse_fly":3,"enemyexpansion:botfly":4,"bettermobs:capivara":18,"iceandfire:dread_ghoul":4,"born_in_chaos_v1:door_knight":1,"takesapillage:archer":1,"minecraft:blaze":6,"luminousworld:frostbitten_zombie":4,"minecraft:evoker":1,"endermanoverhaul:flower_fields_enderman":1,"minecraft:vindicator":7,"illagerinvasion:marauder":1,"undead_revamp2:bomber":1,"enemyexpansion:direwolf":3,"born_in_chaos_v1:maggot":18,"enemyexpansion:faller":1,"iceandfire:fire_dragon":2,"iceandfire:dread_knight":3,"luminousworld:swamp_skeleton":6,"iceandfire:dread_thrall":17,"undead_revamp2:thebidy":1,"undead_revamp2:sucker":4,"friendsandfoes:iceologer":1,"born_in_chaos_v1:barrel_zombie":1,"stalwart_dungeons:reinforced_blaze":26,"enemyexpansion:sprinter":3,"minecraft:ravager":3,"born_in_chaos_v1:decrepit_skeleton":7,"stalwart_dungeons:nether_keeper":1,"endermanoverhaul:spirit":3,"undead_revamp2:thesomnolence":1,"born_in_chaos_v1:decaying_zombie":3,"endermanoverhaul:cave_enderman":2,"luminousworld:swamp_zombie":5,"iceandfire:ghost":2,"iceandfire:ice_dragon":3,"minecraft:wither_skeleton":27,"naturalist:sparrow":1,"enemyexpansion:slugger":1},"minecraft:broken":{"iceandfire:silver_pickaxe":1,"minecraft:chainmail_boots":1,"minecraft:golden_leggings":1,"minecraft:iron_sword":2,"iceandfire:armor_silver_metal_chestplate":1,"iceandfire:armor_silver_metal_boots":1,"minecraft:shield":1,"iceandfire:armor_copper_metal_boots":1},"minecraft:used":{"sophisticatedbackpacks:copper_backpack":1,"minecraft:ladder":5,"minecraft:chest":13,"minecraft:shield":10,"minecraft:iron_sword":828,"minecraft:soul_sand":30,"minecraft:obsidian":38,"stalwart_dungeons:tungsten_hammer":68,"minecraft:stripped_spruce_log":2,"minecraft:stripped_dark_oak_wood":1,"friendsandfoes:totem_of_freezing":1,"minecraft:stone_bricks":111,"minecraft:furnace":4,"minecraft:potato":64,"luminousworld:autumnplank":4,"minecraft:dark_oak_stairs":1,"minecraft:stone_pickaxe":35,"minecraft:oak_planks":194,"minecraft:blackstone":3,"minecraft:ender_pearl":1,"minecraft:wooden_pickaxe":15,"minecraft:blue_bed":4,"minecraft:diamond_axe":121,"minecraft:golden_apple":34,"stalwart_dungeons:soul_bricks":14,"alexscaves:cave_book":1,"iceandfire:silver_pickaxe":461,"stalwart_dungeons:nether_keeper_spawn_egg":1,"minecraft:bread":17,"tombstone:grave_key":2,"minecraft:gravel":3,"securitycraft:mine":9,"tombstone:decorative_subaraki_grave":27,"minecraft:iron_bars":1,"minecraft:experience_bottle":1,"sophisticatedbackpacks:iron_backpack":1,"iceandfire:silver_sword":238,"minecraft:flint_and_steel":1,"iceandfire:armor_white_helmet":1,"minecraft:spruce_planks":12,"minecraft:tinted_glass":9,"minecraft:torch":141,"minecraft:netherrack":43,"minecraft:dirt":217,"bettermobs:capivara_spawn_egg":19,"minecraft:anvil":1,"iceandfire:armor_silver_metal_helmet":1,"born_in_chaos_v1:supreme_measure":46,"minecraft:iron_hoe":23,"tombstone:ankh_of_pray":2,"minecraft:chipped_anvil":1,"minecraft:iron_axe":56,"minecraft:mud_bricks":1,"alexscaves:spelunkery_table":8,"minecraft:golden_carrot":3,"minecraft:soul_soil":83,"minecraft:goat_horn":1,"tombstone:gift":18,"minecraft:cooked_beef":10,"minecraft:cobbled_deepslate":8,"minecraft:iron_leggings":1,"minecraft:cooked_mutton":1,"minecraft:water_bucket":79,"minecraft:birch_planks":105,"minecraft:baked_potato":46,"luminousworld:ishstone":2,"minecraft:deepslate_bricks":1,"minecraft:polished_blackstone_bricks":247,"securitycraft:cobblestone_mine":2,"minecraft:mossy_cobblestone":1,"minecraft:crafting_table":8,"iceandfire:armor_silver_metal_chestplate":1,"minecraft:diamond_pickaxe":159,"minecraft:iron_pickaxe":199,"tombstone:magic_scroll":1,"minecraft:stone_axe":119,"minecraft:purple_bed":8,"minecraft:fishing_rod":106,"minecraft:turtle_helmet":2,"minecraft:cobblestone":31,"minecraft:bucket":77,"minecraft:cooked_porkchop":15,"alexsmobs:animal_dictionary":2,"minecraft:splash_potion":11},"minecraft:crafted":{"minecraft:smooth_stone":1,"securitycraft:mine":18,"minecraft:oak_planks":252,"hangglider:hang_glider":1,"minecraft:stone":1,"iceandfire:armor_silver_metal_chestplate":1,"minecraft:chest":5,"stalwart_dungeons:tungsten_hammer":1,"minecraft:cooked_porkchop":15,"minecraft:crafting_table":1,"minecraft:spruce_planks":24,"minecraft:wooden_pickaxe":1,"minecraft:baked_potato":68,"minecraft:birch_planks":48,"iceandfire:armor_white_helmet":1,"minecraft:stick":68,"iceandfire:armor_white_chestplate":1,"minecraft:iron_ingot":75,"minecraft:iron_pickaxe":1,"minecraft:stone_sword":1,"minecraft:gold_ingot":210,"iceandfire:silver_sword":1,"hangglider:glider_framework":1,"stalwart_dungeons:tungsten_leggings":1,"minecraft:furnace":2,"hangglider:glider_wing":2,"minecraft:diamond":54,"minecraft:leather":4,"minecraft:iron_hoe":1,"minecraft:stone_pickaxe":1,"iceandfire:armor_silver_metal_boots":1,"minecraft:netherite_scrap":1,"sophisticatedbackpacks:iron_backpack":2,"stalwart_dungeons:tungsten_ingot":14,"minecraft:cooked_beef":10,"luminousworld:autumnplank":28,"iceandfire:silver_ingot":34,"sophisticatedbackpacks:gold_backpack":1,"securitycraft:cobblestone_mine":2,"minecraft:stone_axe":1,"minecraft:air":0,"iceandfire:armor_silver_metal_helmet":2,"iceandfire:armor_white_leggings":1,"stalwart_dungeons:tungsten_chestplate":1,"iceandfire:silver_pickaxe":1,"minecraft:torch":36},"minecraft:picked_up":{"minecraft:wheat":1,"minecraft:chainmail_boots":3,"illagerinvasion:platinum_chunk":68,"minecraft:anvil":1,"alexscaves:cave_tablet":2,"minecraft:enchanted_book":4,"minecraft:potion":2,"minecraft:nether_brick":11,"tombstone:grave_key":1,"minecraft:brewing_stand":1,"minecraft:amethyst_block":2,"iceandfire:armor_silver_metal_chestplate":2,"minecraft:string":28,"minecraft:soul_soil":25,"minecraft:raw_copper":100,"minecraft:red_nether_bricks":4,"minecraft:iron_leggings":5,"minecraft:experience_bottle":1,"minecraft:tnt_minecart":1,"minecraft:gold_nugget":32,"minecraft:cobbled_deepslate":88,"earthmobsmod:duck_egg":2,"minecraft:spruce_planks":1,"minecraft:waxed_exposed_cut_copper":2,"minecraft:calcite":6,"hangglider:hang_glider":2,"minecraft:iron_boots":8,"minecraft:furnace":3,"luminousworld:auburnlog":7,"minecraft:stick":11,"iceandfire:ghost_chest":1,"born_in_chaos_v1:shattered_skull":2,"minecraft:torch":59,"iceandfire:dread_sword":1,"minecraft:acacia_log":1,"iceandfire:dragonscales_white":68,"minecraft:spruce_stairs":2,"minecraft:porkchop":15,"tombstone:grave_dust":21,"minecraft:diorite":2,"minecraft:goat_horn":2,"minecraft:cauldron":1,"minecraft:brown_carpet":15,"minecraft:stone_sword":2,"minecraft:rotten_flesh":66,"artifacts:villager_hat":1,"born_in_chaos_v1:sea_terror_eye":2,"iceandfire:fire_dragon_heart":2,"supplementaries:ash":10,"minecraft:obsidian":6,"minecraft:iron_bars":3,"minecraft:blaze_rod":55,"minecraft:cobblestone":123,"minecraft:birch_log":12,"iceandfire:sapphire_gem":4,"minecraft:magma_block":1,"minecraft:brown_wool":3,"minecraft:golden_leggings":1,"minecraft:potato":87,"alexsmobs:bear_fur":1,"minecraft:flint":2,"minecraft:tuff":3,"supplementaries:flax_seeds":2,"minecraft:wither_skeleton_skull":1,"artifacts:pickaxe_heater":1,"minecraft:dirt":27,"minecraft:lantern":1,"artifacts:shock_pendant":2,"born_in_chaos_v1:monster_skin":1,"stalwart_dungeons:blaze_armor_scrap":32,"minecraft:bone":118,"minecraft:chipped_anvil":3,"minecraft:bow":5,"minecraft:wheat_seeds":1,"minecraft:raw_gold":37,"minecraft:rabbit":6,"minecraft:oak_planks":28,"friendsandfoes:totem_of_freezing":1,"luminousworld:bass_item":2,"securitycraft:mine":4,"minecraft:black_terracotta":2,"minecraft:cooked_porkchop":1,"minecraft:poisonous_potato":1,"earthmobsmod:harder_flesh":2,"iceandfire:dragon_skull_fire":2,"minecraft:sand":1,"minecraft:nether_brick_stairs":1,"minecraft:stripped_spruce_log":2,"sophisticatedbackpacks:iron_backpack":2,"minecraft:ink_sac":2,"minecraft:red_terracotta":4,"minecraft:spectral_arrow":33,"minecraft:mossy_cobblestone":1,"minecraft:bundle":3,"minecraft:iron_hoe":1,"minecraft:polished_andesite":1,"minecraft:blue_terracotta":8,"minecraft:diamond":20,"minecraft:granite":2,"luminousworld:auburn_sapling":1,"minecraft:golden_apple":47,"minecraft:bread":5,"minecraft:emerald":11,"born_in_chaos_v1:rotten_fish":8,"minecraft:oak_sapling":3,"minecraft:netherrack":58,"iceandfire:silver_nugget":320,"born_in_chaos_v1:sea_terror_stomach":2,"iceandfire:raw_silver":1,"minecraft:charcoal":22,"minecraft:diamond_pickaxe":1,"minecraft:lingering_potion":1,"sophisticatedbackpacks:gold_backpack":1,"minecraft:fishing_rod":2,"minecraft:waxed_oxidized_cut_copper":1,"minecraft:crafting_table":8,"minecraft:mud_brick_slab":2,"born_in_chaos_v1:diamond_termite_shard":2,"minecraft:allium":2,"minecraft:splash_potion":1,"iceandfire:witherbone":10,"minecraft:ladder":6,"minecraft:clay_ball":3,"minecraft:turtle_helmet":1,"minecraft:leather_leggings":3,"luminousworld:trout":2,"minecraft:gold_block":1,"stalwart_dungeons:soul_bricks":28,"minecraft:chain":2,"minecraft:shield":2,"minecraft:acacia_door":1,"alexsmobs:pigshoes":2,"minecraft:netherite_scrap":4,"luminousworld:sunny":2,"minecraft:item_frame":1,"minecraft:iron_shovel":2,"takesapillage:ravager_horn":2,"minecraft:blackstone":78,"minecraft:beef":28,"iceandfire:dread_shard":26,"born_in_chaos_v1:gnawed_bones":2,"minecraft:iron_nugget":107,"minecraft:spruce_slab":1,"minecraft:tinted_glass":9,"minecraft:sugar_cane":14,"minecraft:chest":3,"minecraft:birch_sapling":3,"iceandfire:ice_dragon_heart":3,"minecraft:raw_iron":78,"iceandfire:dragonbone":59,"iceandfire:dragonscales_green":25,"minecraft:stone":2,"minecraft:copper_ingot":1,"stalwart_dungeons:ancient_fire":1,"minecraft:fire_charge":3,"sophisticatedbackpacks:backpack":1,"minecraft:spruce_fence":7,"minecraft:polished_blackstone_bricks":16,"minecraft:stone_button":2,"minecraft:carrot":1,"born_in_chaos_v1:pieceofdarkmetal":9,"minecraft:redstone":49,"minecraft:dark_oak_planks":5,"iceandfire:dragon_skull_ice":5,"minecraft:tnt":2,"iceandfire:silver_ingot":8,"minecraft:arrow":62,"minecraft:diamond_chestplate":1,"stalwart_dungeons:raw_tungsten":24,"minecraft:deepslate_bricks":5,"stalwart_dungeons:tungsten_axe":2,"alexscaves:spelunkery_table":3,"minecraft:stripped_dark_oak_wood":2,"minecraft:yellow_terracotta":1,"minecraft:gold_ingot":172,"sophisticatedbackpacks:copper_backpack":1,"minecraft:mutton":8,"minecraft:skeleton_skull":2,"minecraft:rail":2,"born_in_chaos_v1:corpse_maggot":5,"minecraft:mud_bricks":24,"minecraft:golden_carrot":33,"luminousworld:ishstone":2,"minecraft:leather":17,"artifacts:onion_ring":1,"minecraft:packed_mud":10,"minecraft:oak_log":68,"minecraft:chainmail_chestplate":4,"minecraft:yellow_glazed_terracotta":9,"iceandfire:ectoplasm":1,"minecraft:gunpowder":15,"minecraft:blue_bed":6,"minecraft:paper":2,"minecraft:cooked_mutton":1,"minecraft:gray_carpet":5,"minecraft:apple":3,"minecraft:stone_bricks":6,"stalwart_dungeons:pusher":3,"iceandfire:armor_silver_metal_helmet":1,"minecraft:iron_ingot":112,"minecraft:cobweb":6,"endrem:cold_eye":1,"tombstone:bag_of_seeds":1,"artifacts:steadfast_spikes":1,"luminousworld:autumnplank":8,"luminousworld:white_petunias":2,"minecraft:dark_oak_stairs":1,"minecraft:iron_sword":8,"iceandfire:fire_dragon_flesh":7,"minecraft:soul_sand":19,"minecraft:book":18,"luminousworld:clovers_1":1,"alexsmobs:fish_bones":1,"minecraft:sweet_berries":3,"born_in_chaos_v1:ethereal_spirit":3,"minecraft:quartz":27,"minecraft:gravel":116,"tombstone:decorative_subaraki_grave":3,"stalwart_dungeons:soul_tiles":1,"minecraft:amethyst_shard":24,"minecraft:spruce_log":7,"minecraft:nether_brick_slab":3,"minecraft:crying_obsidian":17,"minecraft:oak_wood":1,"minecraft:purple_bed":7,"minecraft:slime_ball":5,"iceandfire:silver_sword":4,"minecraft:chainmail_leggings":3,"minecraft:diamond_axe":2,"minecraft:scute":1,"iceandfire:ice_dragon_flesh":6,"minecraft:baked_potato":69,"tombstone:magic_scroll":4,"minecraft:coal":176,"minecraft:ender_pearl":2},"minecraft:custom":{"minecraft:interact_with_crafting_table":42,"minecraft:open_barrel":92,"minecraft:eat_cake_slice":4,"minecraft:leave_game":13,"minecraft:time_since_death":14579,"minecraft:damage_resisted":72,"minecraft:sprint_one_cm":1226617,"minecraft:damage_blocked_by_shield":290,"minecraft:drop":265,"minecraft:talked_to_villager":4,"minecraft:play_time":641656,"minecraft:deaths":45,"tombstone:tomb_raiding":2,"minecraft:jump":4254,"minecraft:interact_with_brewingstand":7,"minecraft:walk_on_water_one_cm":94518,"minecraft:interact_with_furnace":79,"minecraft:interact_with_loom":19,"minecraft:sleep_in_bed":31,"minecraft:open_enderchest":2,"tombstone:sneak_grave":7,"minecraft:damage_dealt":85644,"minecraft:player_kills":7,"minecraft:crouch_one_cm":32415,"tombstone:undead_killed":163,"minecraft:interact_with_smoker":1,"minecraft:interact_with_anvil":16,"minecraft:mob_kills":318,"minecraft:interact_with_campfire":8,"minecraft:damage_dealt_resisted":11155,"minecraft:climb_one_cm":24732,"minecraft:walk_one_cm":1528250,"minecraft:damage_dealt_absorbed":57,"minecraft:sneak_time":13060,"minecraft:walk_under_water_one_cm":89562,"minecraft:total_world_time":641656,"tombstone:raider_killed":22,"minecraft:time_since_rest":13691,"minecraft:damage_absorbed":863,"minecraft:damage_taken":21577,"minecraft:swim_one_cm":58399,"minecraft:fly_one_cm":1007157,"minecraft:open_chest":337,"minecraft:fall_one_cm":122761}},"DataVersion":3465}