{"stats":{"minecraft:used":{"sophisticatedbackpacks:copper_backpack":1,"minecraft:ladder":5,"minecraft:chest":13,"minecraft:shield":10,"minecraft:iron_sword":1007,"minecraft:soul_sand":30,"minecraft:nether_bricks":2,"minecraft:obsidian":42,"stalwart_dungeons:tungsten_hammer":152,"minecraft:stripped_spruce_log":2,"minecraft:stripped_dark_oak_wood":1,"friendsandfoes:totem_of_freezing":1,"minecraft:stone_bricks":111,"minecraft:furnace":4,"minecraft:potato":66,"luminousworld:autumnplank":4,"minecraft:dark_oak_stairs":1,"minecraft:stone_pickaxe":35,"minecraft:oak_planks":194,"minecraft:blackstone":66,"minecraft:ender_pearl":1,"minecraft:wooden_pickaxe":15,"minecraft:blue_bed":4,"minecraft:diamond_axe":134,"minecraft:golden_apple":44,"stalwart_dungeons:soul_bricks":14,"alexscaves:cave_book":1,"iceandfire:silver_pickaxe":461,"stalwart_dungeons:nether_keeper_spawn_egg":1,"earthmobsmod:duck_egg":1,"minecraft:bread":17,"tombstone:grave_key":3,"minecraft:gravel":67,"securitycraft:mine":9,"tombstone:decorative_subaraki_grave":27,"minecraft:iron_bars":1,"minecraft:experience_bottle":2,"sophisticatedbackpacks:iron_backpack":1,"iceandfire:silver_sword":238,"minecraft:flint_and_steel":1,"iceandfire:armor_white_helmet":1,"minecraft:spruce_planks":12,"minecraft:tinted_glass":9,"minecraft:torch":190,"minecraft:netherrack":45,"minecraft:dirt":217,"bettermobs:capivara_spawn_egg":19,"minecraft:anvil":1,"iceandfire:armor_silver_metal_helmet":1,"born_in_chaos_v1:supreme_measure":46,"minecraft:iron_hoe":23,"tombstone:ankh_of_pray":5,"minecraft:chipped_anvil":1,"minecraft:iron_axe":56,"minecraft:mud_bricks":1,"alexscaves:spelunkery_table":8,"minecraft:golden_carrot":3,"minecraft:soul_soil":83,"minecraft:goat_horn":1,"tombstone:gift":18,"minecraft:cooked_beef":10,"minecraft:cobbled_deepslate":8,"minecraft:iron_leggings":1,"minecraft:cooked_mutton":1,"minecraft:water_bucket":137,"minecraft:birch_planks":105,"minecraft:baked_potato":46,"luminousworld:ishstone":2,"minecraft:deepslate_bricks":1,"minecraft:polished_blackstone_bricks":247,"securitycraft:cobblestone_mine":2,"minecraft:mossy_cobblestone":1,"minecraft:crafting_table":9,"iceandfire:armor_silver_metal_chestplate":1,"minecraft:diamond_pickaxe":269,"minecraft:iron_pickaxe":199,"tombstone:magic_scroll":1,"minecraft:stone_axe":119,"minecraft:purple_bed":9,"minecraft:fishing_rod":106,"minecraft:turtle_helmet":2,"minecraft:cobblestone":45,"minecraft:bucket":135,"minecraft:cooked_porkchop":15,"alexsmobs:animal_dictionary":2,"minecraft:splash_potion":11},"minecraft:picked_up":{"minecraft:wheat":1,"minecraft:chainmail_boots":3,"illagerinvasion:platinum_chunk":68,"minecraft:anvil":1,"alexscaves:cave_tablet":8,"minecraft:enchanted_book":4,"minecraft:potion":2,"minecraft:nether_brick":11,"tombstone:grave_key":1,"minecraft:brewing_stand":1,"minecraft:amethyst_block":2,"iceandfire:armor_silver_metal_chestplate":2,"minecraft:string":28,"minecraft:soul_soil":25,"minecraft:raw_copper":100,"minecraft:red_nether_bricks":4,"minecraft:iron_leggings":5,"minecraft:experience_bottle":1,"minecraft:tnt_minecart":1,"minecraft:gold_nugget":32,"minecraft:cobbled_deepslate":88,"earthmobsmod:duck_egg":3,"minecraft:spruce_planks":1,"minecraft:waxed_exposed_cut_copper":2,"minecraft:calcite":6,"hangglider:hang_glider":2,"minecraft:iron_boots":9,"minecraft:furnace":3,"luminousworld:auburnlog":7,"minecraft:stick":19,"iceandfire:ghost_chest":1,"born_in_chaos_v1:shattered_skull":2,"minecraft:torch":70,"minecraft:spruce_stairs":3,"minecraft:acacia_log":1,"iceandfire:dragonscales_white":68,"iceandfire:dread_sword":1,"minecraft:porkchop":28,"minecraft:cherry_log":1,"tombstone:grave_dust":29,"minecraft:diorite":2,"minecraft:golden_chestplate":1,"minecraft:goat_horn":2,"minecraft:cauldron":1,"minecraft:brown_carpet":15,"minecraft:stone_sword":2,"minecraft:rotten_flesh":70,"artifacts:villager_hat":1,"born_in_chaos_v1:sea_terror_eye":2,"iceandfire:fire_dragon_heart":2,"supplementaries:ash":14,"minecraft:obsidian":6,"minecraft:iron_bars":3,"minecraft:blaze_rod":55,"minecraft:cobblestone":137,"minecraft:birch_log":12,"iceandfire:sapphire_gem":4,"minecraft:magma_block":1,"minecraft:brown_wool":3,"minecraft:golden_leggings":1,"minecraft:potato":93,"minecraft:gray_concrete":1,"alexsmobs:bear_fur":1,"minecraft:flint":2,"minecraft:tuff":3,"supplementaries:flax_seeds":2,"minecraft:wither_skeleton_skull":1,"artifacts:pickaxe_heater":1,"minecraft:dirt":27,"minecraft:lantern":1,"artifacts:shock_pendant":2,"born_in_chaos_v1:monster_skin":1,"stalwart_dungeons:blaze_armor_scrap":32,"minecraft:bone":142,"minecraft:chipped_anvil":3,"minecraft:bow":5,"minecraft:wheat_seeds":2,"minecraft:raw_gold":37,"minecraft:rabbit":6,"minecraft:oak_planks":29,"friendsandfoes:totem_of_freezing":1,"luminousworld:bass_item":2,"securitycraft:mine":4,"minecraft:black_terracotta":2,"minecraft:cooked_porkchop":6,"minecraft:poisonous_potato":1,"earthmobsmod:harder_flesh":2,"iceandfire:dragon_skull_fire":2,"minecraft:sand":1,"minecraft:stripped_spruce_log":2,"minecraft:nether_brick_stairs":1,"sophisticatedbackpacks:iron_backpack":2,"minecraft:ink_sac":2,"minecraft:red_terracotta":4,"minecraft:spectral_arrow":33,"minecraft:mossy_cobblestone":1,"minecraft:dark_prismarine":4,"minecraft:bundle":3,"minecraft:iron_hoe":1,"minecraft:polished_andesite":2,"minecraft:blue_terracotta":8,"minecraft:diamond":20,"minecraft:granite":2,"luminousworld:auburn_sapling":1,"minecraft:golden_apple":47,"minecraft:bread":5,"minecraft:emerald":11,"born_in_chaos_v1:charmof_resistance":1,"born_in_chaos_v1:rotten_fish":8,"minecraft:oak_sapling":9,"minecraft:netherrack":60,"iceandfire:silver_nugget":320,"born_in_chaos_v1:sea_terror_stomach":2,"iceandfire:raw_silver":1,"minecraft:charcoal":22,"minecraft:diamond_pickaxe":1,"minecraft:lingering_potion":1,"sophisticatedbackpacks:gold_backpack":1,"minecraft:fishing_rod":2,"minecraft:waxed_oxidized_cut_copper":1,"minecraft:crafting_table":8,"minecraft:mud_brick_slab":2,"born_in_chaos_v1:diamond_termite_shard":2,"minecraft:allium":2,"minecraft:splash_potion":1,"iceandfire:witherbone":20,"minecraft:ladder":6,"minecraft:clay_ball":3,"minecraft:turtle_helmet":1,"minecraft:leather_leggings":4,"luminousworld:trout":2,"minecraft:gold_block":1,"stalwart_dungeons:soul_bricks":28,"minecraft:chain":2,"minecraft:shield":2,"minecraft:acacia_door":1,"alexsmobs:pigshoes":2,"minecraft:netherite_scrap":4,"luminousworld:sunny":2,"minecraft:item_frame":1,"minecraft:iron_shovel":2,"takesapillage:ravager_horn":2,"minecraft:blackstone":78,"minecraft:beef":28,"iceandfire:dread_shard":26,"born_in_chaos_v1:gnawed_bones":2,"minecraft:iron_nugget":107,"minecraft:spruce_slab":1,"minecraft:sugar_cane":14,"minecraft:tinted_glass":9,"minecraft:chest":3,"minecraft:birch_sapling":3,"iceandfire:ice_dragon_heart":3,"minecraft:raw_iron":78,"iceandfire:dragonbone":59,"iceandfire:dragonscales_green":25,"minecraft:stone":2,"minecraft:copper_ingot":2,"stalwart_dungeons:ancient_fire":1,"minecraft:fire_charge":3,"sophisticatedbackpacks:backpack":1,"minecraft:spruce_fence":7,"minecraft:polished_blackstone_bricks":16,"minecraft:stone_button":2,"minecraft:cookie":5,"minecraft:carrot":2,"born_in_chaos_v1:pieceofdarkmetal":9,"minecraft:redstone":49,"minecraft:dark_oak_planks":5,"iceandfire:dragon_skull_ice":5,"minecraft:tnt":2,"iceandfire:silver_ingot":8,"minecraft:arrow":67,"minecraft:diamond_chestplate":1,"stalwart_dungeons:raw_tungsten":24,"minecraft:nether_bricks":2,"minecraft:deepslate_bricks":5,"stalwart_dungeons:tungsten_axe":2,"alexscaves:spelunkery_table":3,"minecraft:stripped_dark_oak_wood":2,"minecraft:yellow_terracotta":1,"minecraft:gold_ingot":172,"sophisticatedbackpacks:copper_backpack":1,"minecraft:mutton":8,"minecraft:skeleton_skull":2,"minecraft:rail":2,"born_in_chaos_v1:corpse_maggot":6,"minecraft:mud_bricks":24,"minecraft:golden_carrot":33,"luminousworld:ishstone":2,"minecraft:leather":21,"artifacts:onion_ring":1,"minecraft:packed_mud":10,"minecraft:oak_log":69,"minecraft:chainmail_chestplate":4,"minecraft:yellow_glazed_terracotta":9,"iceandfire:ectoplasm":3,"minecraft:gunpowder":17,"minecraft:blue_bed":6,"minecraft:paper":2,"minecraft:cooked_mutton":1,"minecraft:gray_carpet":5,"minecraft:apple":3,"minecraft:stone_bricks":6,"stalwart_dungeons:pusher":3,"iceandfire:armor_silver_metal_helmet":1,"minecraft:spruce_wood":6,"minecraft:iron_ingot":112,"minecraft:stone_pickaxe":1,"minecraft:cobweb":6,"endrem:cold_eye":1,"tombstone:bag_of_seeds":2,"artifacts:steadfast_spikes":1,"luminousworld:autumnplank":8,"luminousworld:white_petunias":2,"minecraft:dark_oak_stairs":1,"minecraft:iron_sword":8,"iceandfire:fire_dragon_flesh":7,"minecraft:soul_sand":19,"minecraft:book":18,"luminousworld:clovers_1":1,"alexsmobs:fish_bones":1,"minecraft:sweet_berries":3,"born_in_chaos_v1:ethereal_spirit":6,"minecraft:quartz":27,"minecraft:gravel":117,"tombstone:decorative_subaraki_grave":3,"stalwart_dungeons:soul_tiles":1,"minecraft:amethyst_shard":24,"minecraft:spruce_log":7,"minecraft:nether_brick_slab":3,"minecraft:crying_obsidian":17,"minecraft:spider_eye":1,"minecraft:oak_wood":1,"minecraft:purple_bed":7,"minecraft:slime_ball":11,"iceandfire:silver_sword":4,"minecraft:chainmail_leggings":3,"minecraft:diamond_axe":2,"minecraft:scute":1,"iceandfire:ice_dragon_flesh":6,"minecraft:baked_potato":69,"tombstone:magic_scroll":5,"minecraft:coal":187,"minecraft:ender_pearl":2},"minecraft:broken":{"iceandfire:silver_pickaxe":1,"minecraft:chainmail_boots":1,"minecraft:golden_leggings":1,"minecraft:iron_sword":2,"iceandfire:armor_silver_metal_chestplate":1,"iceandfire:armor_silver_metal_boots":1,"minecraft:shield":1,"iceandfire:armor_copper_metal_boots":1},"minecraft:killed":{"illagerinvasion:archivist":1,"creeperoverhaul:hills_creeper":1,"minecraft:witch":1,"born_in_chaos_v1:restless_spirit":2,"born_in_chaos_v1:zombie_lumberjack":1,"born_in_chaos_v1:skeleton_demoman":1,"minecraft:spider":2,"luminousworld:frost_bitten_skeleton":5,"illagerinvasion:basher":1,"born_in_chaos_v1:baby_skeleton_minion":1,"minecraft:skeleton":46,"illagerinvasion:provoker":3,"born_in_chaos_v1:skeleton_thrasher":2,"undead_revamp2:therod":2,"undead_revamp2:thepregnant":1,"minecraft:piglin_brute":2,"enemyexpansion:vampflyer":1,"artifacts:mimic":1,"minecraft:piglin":4,"born_in_chaos_v1:bonescaller":1,"born_in_chaos_v1:diamond_termite":2,"minecraft:zombie_villager":1,"stalwart_dungeons:giddy_blaze":1,"minecraft:creeper":2,"minecraft:pillager":2,"minecraft:zombie":25,"stalwart_dungeons:incomplete_wither":1,"alexsmobs:cachalot_whale":1,"born_in_chaos_v1:dread_hound":1,"creeperoverhaul:swamp_creeper":1,"born_in_chaos_v1:corpse_fly":3,"enemyexpansion:botfly":4,"bettermobs:capivara":18,"iceandfire:dread_ghoul":4,"born_in_chaos_v1:door_knight":2,"takesapillage:archer":1,"enemyexpansion:wasp":1,"minecraft:blaze":6,"luminousworld:frostbitten_zombie":4,"minecraft:evoker":1,"endermanoverhaul:flower_fields_enderman":1,"minecraft:vindicator":7,"illagerinvasion:marauder":1,"undead_revamp2:bomber":1,"minecraft:slime":1,"enemyexpansion:direwolf":3,"born_in_chaos_v1:maggot":18,"minecraft:phantom":2,"enemyexpansion:faller":1,"iceandfire:dread_knight":3,"luminousworld:swamp_skeleton":6,"iceandfire:dread_thrall":17,"iceandfire:fire_dragon":2,"undead_revamp2:thebidy":1,"undead_revamp2:sucker":4,"friendsandfoes:iceologer":1,"born_in_chaos_v1:barrel_zombie":1,"born_in_chaos_v1:baby_skeleton":1,"stalwart_dungeons:reinforced_blaze":26,"enemyexpansion:sprinter":3,"minecraft:ravager":3,"minecraft:hoglin":5,"born_in_chaos_v1:decrepit_skeleton":8,"stalwart_dungeons:nether_keeper":1,"endermanoverhaul:spirit":3,"undead_revamp2:thesomnolence":1,"born_in_chaos_v1:decaying_zombie":3,"endermanoverhaul:cave_enderman":2,"luminousworld:swamp_zombie":5,"iceandfire:ghost":7,"iceandfire:ice_dragon":3,"minecraft:wither_skeleton":45,"naturalist:sparrow":1,"enemyexpansion:slugger":1},"minecraft:custom":{"minecraft:interact_with_crafting_table":47,"minecraft:open_barrel":97,"minecraft:eat_cake_slice":4,"minecraft:leave_game":13,"minecraft:time_since_death":9991,"minecraft:damage_resisted":72,"minecraft:sprint_one_cm":1378349,"minecraft:damage_blocked_by_shield":290,"minecraft:drop":306,"minecraft:talked_to_villager":4,"minecraft:play_time":700888,"minecraft:deaths":47,"tombstone:tomb_raiding":2,"minecraft:jump":4960,"minecraft:interact_with_brewingstand":7,"minecraft:walk_on_water_one_cm":107119,"minecraft:enchant_item":2,"minecraft:interact_with_furnace":79,"minecraft:interact_with_loom":29,"minecraft:sleep_in_bed":34,"minecraft:open_enderchest":2,"tombstone:sneak_grave":7,"minecraft:damage_dealt":103697,"minecraft:player_kills":8,"minecraft:crouch_one_cm":33738,"tombstone:undead_killed":209,"minecraft:interact_with_smoker":1,"minecraft:interact_with_anvil":20,"minecraft:mob_kills":377,"minecraft:interact_with_campfire":8,"minecraft:damage_dealt_resisted":11890,"minecraft:climb_one_cm":24914,"minecraft:walk_one_cm":1682343,"minecraft:damage_dealt_absorbed":57,"minecraft:sneak_time":15107,"minecraft:walk_under_water_one_cm":121275,"minecraft:total_world_time":700888,"tombstone:raider_killed":24,"tombstone:pray_on_grave":1,"minecraft:time_since_rest":3538,"minecraft:damage_absorbed":1140,"minecraft:damage_taken":22961,"minecraft:trigger_trapped_chest":2,"minecraft:swim_one_cm":58516,"minecraft:fly_one_cm":1156193,"minecraft:open_chest":363,"minecraft:fall_one_cm":138316},"minecraft:killed_by":{"minecraft:wither_skeleton":12,"iceandfire:dread_ghoul":2,"minecraft:vindicator":2,"undead_revamp2:bomber":1,"minecraft:zombie":5,"minecraft:vex":1,"minecraft:player":2,"takesapillage:legioner":2,"takesapillage:skirmisher":2,"iceandfire:dread_knight":5,"minecraft:skeleton":3},"minecraft:dropped":{"luminousworld:autumnplank":8,"minecraft:diamond_axe":1,"minecraft:mud_brick_slab":2,"minecraft:oak_log":6,"minecraft:baked_potato":43,"minecraft:crafting_table":1,"luminousworld:white_petunias":1,"minecraft:lantern":1,"born_in_chaos_v1:pieceofdarkmetal":3,"minecraft:rail":2,"minecraft:item_frame":1,"minecraft:packed_mud":10,"minecraft:dirt":14,"tombstone:bag_of_seeds":1,"minecraft:stone_button":2,"minecraft:mutton":4,"minecraft:stripped_dark_oak_wood":1,"minecraft:chain":2,"minecraft:gold_nugget":2,"minecraft:sand":1,"minecraft:polished_blackstone_bricks":1,"minecraft:dark_oak_planks":2,"minecraft:fishing_rod":1,"minecraft:blue_bed":2,"luminousworld:clovers_1":1,"minecraft:bone":9,"minecraft:gold_ingot":171,"minecraft:gravel":2,"minecraft:sugar_cane":2,"hangglider:hang_glider":1,"minecraft:golden_chestplate":1,"minecraft:cobbled_deepslate":72,"minecraft:wheat":1,"minecraft:obsidian":5,"minecraft:black_terracotta":2,"minecraft:rotten_flesh":26,"minecraft:oak_planks":25,"minecraft:chainmail_chestplate":3,"supplementaries:flax_seeds":1,"supplementaries:ash":3,"iceandfire:ghost_chest":1,"minecraft:gunpowder":6,"born_in_chaos_v1:corpse_maggot":2,"minecraft:chainmail_boots":1,"minecraft:ladder":1,"minecraft:leather_leggings":4,"minecraft:spruce_slab":1,"minecraft:iron_bars":2,"minecraft:crying_obsidian":3,"minecraft:quartz":4,"minecraft:wheat_seeds":1,"minecraft:cherry_log":1,"minecraft:poisonous_potato":1,"minecraft:yellow_terracotta":1,"minecraft:cobblestone":4,"minecraft:apple":1,"minecraft:granite":2,"minecraft:spruce_stairs":3,"minecraft:coal":6,"minecraft:golden_apple":2,"minecraft:stick":12,"minecraft:polished_andesite":1,"minecraft:cobweb":6,"stalwart_dungeons:soul_bricks":11,"born_in_chaos_v1:gnawed_bones":1,"illagerinvasion:platinum_chunk":64,"tombstone:magic_scroll":1,"minecraft:ink_sac":2,"minecraft:torch":4,"iceandfire:silver_sword":1,"minecraft:rabbit":6,"minecraft:brown_wool":3,"minecraft:yellow_glazed_terracotta":9,"iceandfire:armor_silver_metal_chestplate":1,"tombstone:grave_dust":10,"minecraft:potion":1,"iceandfire:dragonscales_white":27,"minecraft:iron_shovel":1,"minecraft:string":3,"earthmobsmod:duck_egg":1,"stalwart_dungeons:soul_tiles":1,"minecraft:nether_brick_slab":2,"minecraft:blue_terracotta":8,"minecraft:soul_soil":24,"minecraft:stone_sword":1,"minecraft:raw_copper":100,"alexsmobs:pigshoes":1,"iceandfire:witherbone":2,"minecraft:clay_ball":3,"minecraft:iron_boots":1,"sophisticatedbackpacks:backpack":1,"minecraft:waxed_exposed_cut_copper":1,"minecraft:spruce_fence":10,"minecraft:red_terracotta":4,"minecraft:deepslate_bricks":4,"minecraft:potato":16,"minecraft:stone":1,"minecraft:mud_bricks":22,"minecraft:diamond_chestplate":1,"iceandfire:silver_ingot":5,"minecraft:oak_sapling":7,"minecraft:spider_eye":1,"minecraft:stone_bricks":2,"minecraft:brown_carpet":15,"minecraft:bow":1,"minecraft:stone_pickaxe":3,"minecraft:wooden_pickaxe":1,"minecraft:magma_block":1,"minecraft:calcite":3},"minecraft:mined":{"minecraft:dark_oak_planks":3,"minecraft:large_amethyst_bud":1,"securitycraft:mine":2,"minecraft:spruce_planks":3,"luminousworld:yellowpetunias":1,"minecraft:black_terracotta":2,"luminousworld:autumnleaves":1,"minecraft:red_nether_bricks":4,"minecraft:obsidian":5,"minecraft:brewing_stand":1,"minecraft:granite":2,"minecraft:grass_block":15,"sophisticatedbackpacks:iron_backpack":1,"minecraft:brown_wool":3,"iceandfire:dread_spawner":1,"minecraft:deepslate_bricks":5,"minecraft:soul_soil":5,"minecraft:mud_bricks":11,"minecraft:spawner":23,"minecraft:polished_blackstone_bricks":19,"minecraft:magma_block":1,"minecraft:iron_ore":76,"minecraft:fire":28,"minecraft:anvil":1,"minecraft:stripped_dark_oak_wood":2,"minecraft:nether_brick_stairs":1,"minecraft:water_cauldron":1,"minecraft:iron_bars":1,"minecraft:deepslate_brick_stairs":1,"minecraft:spruce_wood":6,"minecraft:spruce_slab":3,"minecraft:deepslate_redstone_ore":5,"minecraft:cyan_terracotta":2,"supplementaries:book_pile":1,"minecraft:soul_fire":4,"minecraft:amethyst_cluster":6,"stalwart_dungeons:soul_tiles":4,"born_in_chaos_v1:infected_deepslate_diamond_ore":1,"minecraft:torch":15,"minecraft:calcite":3,"iceandfire:ghost_chest":1,"minecraft:chest":3,"minecraft:nether_brick_slab":1,"iceandfire:sapphire_ore":4,"minecraft:nether_quartz_ore":6,"minecraft:cobblestone":140,"minecraft:oak_planks":4,"minecraft:sugar_cane":5,"minecraft:wall_torch":24,"minecraft:amethyst_block":2,"minecraft:deepslate_copper_ore":6,"minecraft:birch_log":12,"minecraft:tinted_glass":8,"minecraft:tnt":2,"minecraft:yellow_glazed_terracotta":2,"minecraft:grass":2,"minecraft:oak_log":59,"minecraft:sand":3,"minecraft:dirt":11,"stalwart_dungeons:pusher":5,"minecraft:dark_prismarine":4,"minecraft:netherrack":67,"minecraft:oak_leaves":34,"minecraft:deepslate":91,"alexscaves:spelunkery_table":3,"minecraft:tuff":43,"iceandfire:silver_ore":3,"minecraft:mossy_cobblestone":4,"stalwart_dungeons:soul_bricks":30,"minecraft:nether_bricks":2,"minecraft:ladder":6,"minecraft:spruce_fence":5,"luminousworld:grassvariant_2":2,"minecraft:spruce_leaves":2,"minecraft:redstone_ore":6,"minecraft:packed_mud":4,"minecraft:waxed_oxidized_cut_copper":1,"minecraft:furnace":3,"minecraft:stripped_spruce_log":2,"minecraft:gold_block":1,"minecraft:bookshelf":6,"minecraft:potatoes":22,"minecraft:deepslate_iron_ore":8,"minecraft:vine":1,"minecraft:lantern":1,"minecraft:packed_ice":2,"minecraft:stone":58,"minecraft:soul_sand":1,"minecraft:brown_carpet":5,"minecraft:crafting_table":7,"minecraft:oak_wood":1,"minecraft:lime_carpet":1,"minecraft:campfire":11,"luminousworld:auburnlog":7,"minecraft:copper_ore":22,"minecraft:tall_grass":1,"minecraft:diorite":3,"minecraft:blue_bed":3,"stalwart_dungeons:tungsten_ore":21,"supplementaries:urn":10,"minecraft:spruce_stairs":3,"minecraft:birch_planks":1,"minecraft:purple_bed":7,"minecraft:spruce_log":6,"iceandfire:silver_pile":50,"minecraft:coal_ore":126,"luminousworld:ishstone":2,"minecraft:gray_carpet":1,"minecraft:gravel":10,"minecraft:cobweb":12,"minecraft:cracked_stone_bricks":1,"minecraft:polished_andesite":2,"minecraft:stone_bricks":8,"minecraft:small_dripleaf":1,"minecraft:gold_ore":36,"minecraft:chipped_anvil":3,"minecraft:waxed_exposed_cut_copper":2},"minecraft:crafted":{"securitycraft:mine":18,"minecraft:smooth_stone":1,"minecraft:oak_planks":256,"hangglider:hang_glider":1,"minecraft:stone":1,"iceandfire:armor_silver_metal_chestplate":1,"minecraft:chest":5,"stalwart_dungeons:tungsten_hammer":1,"minecraft:cooked_porkchop":15,"minecraft:crafting_table":2,"minecraft:spruce_planks":48,"minecraft:wooden_pickaxe":1,"minecraft:baked_potato":68,"minecraft:birch_planks":48,"sophisticatedbackpacks:diamond_backpack":2,"minecraft:paper":3,"minecraft:diamond_pickaxe":1,"iceandfire:armor_white_helmet":1,"minecraft:stick":116,"iceandfire:armor_white_chestplate":1,"minecraft:iron_ingot":75,"minecraft:iron_pickaxe":1,"minecraft:stone_sword":1,"minecraft:gold_ingot":210,"iceandfire:silver_sword":1,"hangglider:glider_framework":1,"stalwart_dungeons:tungsten_leggings":1,"minecraft:furnace":2,"hangglider:glider_wing":2,"alexscaves:cave_map":1,"minecraft:diamond":54,"minecraft:leather":4,"minecraft:iron_hoe":1,"minecraft:stone_pickaxe":1,"iceandfire:armor_silver_metal_boots":1,"minecraft:netherite_scrap":1,"sophisticatedbackpacks:iron_backpack":2,"stalwart_dungeons:tungsten_ingot":14,"minecraft:cooked_beef":10,"luminousworld:autumnplank":28,"iceandfire:silver_ingot":34,"sophisticatedbackpacks:gold_backpack":2,"minecraft:stone_axe":1,"securitycraft:cobblestone_mine":2,"minecraft:air":0,"iceandfire:armor_silver_metal_helmet":2,"iceandfire:armor_white_leggings":1,"stalwart_dungeons:tungsten_chestplate":1,"minecraft:torch":124,"iceandfire:silver_pickaxe":1}},"DataVersion":3465}