{"stats":{"minecraft:killed":{"illagerinvasion:archivist":1,"creeperoverhaul:hills_creeper":1,"minecraft:witch":1,"born_in_chaos_v1:restless_spirit":1,"born_in_chaos_v1:zombie_lumberjack":1,"born_in_chaos_v1:skeleton_demoman":1,"minecraft:spider":2,"luminousworld:frost_bitten_skeleton":5,"born_in_chaos_v1:baby_skeleton_minion":1,"illagerinvasion:basher":1,"minecraft:skeleton":22,"illagerinvasion:provoker":3,"born_in_chaos_v1:skeleton_thrasher":1,"undead_revamp2:thepregnant":1,"enemyexpansion:vampflyer":1,"artifacts:mimic":1,"minecraft:piglin":1,"born_in_chaos_v1:bonescaller":1,"minecraft:zombie_villager":1,"born_in_chaos_v1:diamond_termite":2,"minecraft:pillager":2,"minecraft:zombie":20,"alexsmobs:cachalot_whale":1,"born_in_chaos_v1:dread_hound":1,"creeperoverhaul:swamp_creeper":1,"enemyexpansion:botfly":2,"born_in_chaos_v1:corpse_fly":3,"iceandfire:dread_ghoul":4,"born_in_chaos_v1:door_knight":1,"takesapillage:archer":1,"luminousworld:frostbitten_zombie":4,"minecraft:evoker":1,"minecraft:vindicator":7,"illagerinvasion:marauder":1,"undead_revamp2:bomber":1,"enemyexpansion:direwolf":3,"born_in_chaos_v1:maggot":16,"enemyexpansion:faller":1,"luminousworld:swamp_skeleton":2,"iceandfire:fire_dragon":2,"iceandfire:dread_knight":3,"iceandfire:dread_thrall":17,"undead_revamp2:thebidy":1,"undead_revamp2:sucker":4,"friendsandfoes:iceologer":1,"born_in_chaos_v1:barrel_zombie":1,"enemyexpansion:sprinter":3,"born_in_chaos_v1:decrepit_skeleton":7,"undead_revamp2:thesomnolence":1,"born_in_chaos_v1:decaying_zombie":3,"endermanoverhaul:cave_enderman":2,"luminousworld:swamp_zombie":4,"iceandfire:ghost":1,"iceandfire:ice_dragon":3,"minecraft:wither_skeleton":9,"naturalist:sparrow":1,"enemyexpansion:slugger":1},"minecraft:broken":{"iceandfire:silver_pickaxe":1,"minecraft:chainmail_boots":1,"minecraft:golden_leggings":1,"minecraft:iron_sword":1,"iceandfire:armor_silver_metal_boots":1,"minecraft:shield":1,"iceandfire:armor_copper_metal_boots":1},"minecraft:picked_up":{"minecraft:wheat":1,"illagerinvasion:platinum_chunk":2,"minecraft:chainmail_boots":3,"minecraft:anvil":1,"minecraft:brewing_stand":1,"minecraft:amethyst_block":2,"iceandfire:armor_silver_metal_chestplate":1,"minecraft:string":15,"minecraft:soul_soil":1,"minecraft:raw_copper":100,"minecraft:iron_leggings":3,"minecraft:experience_bottle":1,"minecraft:tnt_minecart":1,"minecraft:gold_nugget":32,"minecraft:cobbled_deepslate":88,"minecraft:spruce_planks":1,"minecraft:waxed_exposed_cut_copper":1,"minecraft:calcite":6,"minecraft:furnace":2,"minecraft:iron_boots":4,"iceandfire:ghost_chest":1,"minecraft:stick":11,"luminousworld:auburnlog":7,"born_in_chaos_v1:shattered_skull":2,"minecraft:spruce_stairs":2,"minecraft:torch":48,"minecraft:acacia_log":1,"iceandfire:dragonscales_white":68,"iceandfire:dread_sword":1,"minecraft:porkchop":15,"tombstone:grave_dust":18,"minecraft:diorite":2,"minecraft:goat_horn":1,"minecraft:cauldron":1,"minecraft:brown_carpet":15,"minecraft:rotten_flesh":53,"born_in_chaos_v1:sea_terror_eye":2,"iceandfire:fire_dragon_heart":2,"supplementaries:ash":8,"minecraft:iron_bars":3,"minecraft:cobblestone":120,"minecraft:birch_log":12,"iceandfire:sapphire_gem":4,"minecraft:brown_wool":3,"minecraft:golden_leggings":1,"minecraft:potato":81,"minecraft:flint":2,"minecraft:tuff":3,"supplementaries:flax_seeds":2,"minecraft:dirt":25,"minecraft:lantern":1,"artifacts:shock_pendant":1,"born_in_chaos_v1:monster_skin":1,"minecraft:bone":81,"minecraft:chipped_anvil":2,"minecraft:bow":5,"minecraft:wheat_seeds":1,"minecraft:raw_gold":37,"minecraft:rabbit":6,"minecraft:oak_planks":26,"friendsandfoes:totem_of_freezing":1,"luminousworld:bass_item":2,"minecraft:black_terracotta":1,"minecraft:cooked_porkchop":1,"minecraft:poisonous_potato":1,"earthmobsmod:harder_flesh":2,"iceandfire:dragon_skull_fire":2,"minecraft:sand":1,"minecraft:stripped_spruce_log":2,"sophisticatedbackpacks:iron_backpack":1,"minecraft:ink_sac":2,"minecraft:mossy_cobblestone":1,"minecraft:red_terracotta":4,"minecraft:iron_hoe":1,"minecraft:polished_andesite":1,"minecraft:blue_terracotta":8,"minecraft:granite":2,"luminousworld:auburn_sapling":1,"minecraft:emerald":11,"minecraft:bread":5,"minecraft:oak_sapling":3,"born_in_chaos_v1:rotten_fish":8,"iceandfire:silver_nugget":320,"born_in_chaos_v1:sea_terror_stomach":2,"iceandfire:raw_silver":1,"minecraft:waxed_oxidized_cut_copper":1,"minecraft:fishing_rod":1,"minecraft:crafting_table":8,"minecraft:charcoal":22,"minecraft:mud_brick_slab":2,"born_in_chaos_v1:diamond_termite_shard":2,"minecraft:allium":2,"iceandfire:witherbone":1,"minecraft:ladder":6,"minecraft:clay_ball":3,"minecraft:leather_leggings":3,"luminousworld:trout":2,"minecraft:gold_block":1,"minecraft:chain":2,"minecraft:shield":1,"minecraft:acacia_door":1,"luminousworld:sunny":2,"minecraft:item_frame":1,"minecraft:iron_shovel":2,"minecraft:beef":10,"iceandfire:dread_shard":26,"born_in_chaos_v1:gnawed_bones":1,"minecraft:iron_nugget":57,"minecraft:spruce_slab":1,"minecraft:sugar_cane":11,"minecraft:chest":3,"minecraft:birch_sapling":3,"iceandfire:ice_dragon_heart":3,"minecraft:raw_iron":78,"iceandfire:dragonbone":59,"iceandfire:dragonscales_green":25,"minecraft:stone":2,"minecraft:spruce_fence":7,"sophisticatedbackpacks:backpack":1,"minecraft:polished_blackstone_bricks":7,"minecraft:stone_button":2,"minecraft:carrot":1,"born_in_chaos_v1:pieceofdarkmetal":2,"minecraft:redstone":49,"minecraft:dark_oak_planks":4,"iceandfire:dragon_skull_ice":4,"minecraft:tnt":2,"iceandfire:silver_ingot":8,"minecraft:diamond_chestplate":1,"minecraft:arrow":23,"minecraft:deepslate_bricks":5,"alexscaves:spelunkery_table":3,"minecraft:yellow_terracotta":1,"minecraft:gold_ingot":9,"sophisticatedbackpacks:copper_backpack":1,"minecraft:mutton":8,"minecraft:skeleton_skull":2,"minecraft:rail":2,"born_in_chaos_v1:corpse_maggot":4,"minecraft:mud_bricks":16,"luminousworld:ishstone":2,"minecraft:leather":2,"minecraft:packed_mud":6,"minecraft:oak_log":58,"minecraft:chainmail_chestplate":3,"minecraft:yellow_glazed_terracotta":9,"minecraft:gunpowder":12,"minecraft:blue_bed":6,"minecraft:paper":2,"minecraft:cooked_mutton":1,"minecraft:gray_carpet":5,"minecraft:apple":3,"minecraft:stone_bricks":6,"minecraft:iron_ingot":13,"minecraft:cobweb":6,"endrem:cold_eye":1,"luminousworld:white_petunias":2,"luminousworld:autumnplank":8,"minecraft:iron_sword":3,"iceandfire:fire_dragon_flesh":7,"minecraft:dark_oak_stairs":1,"minecraft:book":18,"luminousworld:clovers_1":1,"alexsmobs:fish_bones":1,"minecraft:sweet_berries":3,"born_in_chaos_v1:ethereal_spirit":1,"minecraft:gravel":5,"tombstone:decorative_subaraki_grave":3,"minecraft:amethyst_shard":20,"minecraft:spruce_log":7,"minecraft:purple_bed":7,"minecraft:slime_ball":5,"iceandfire:silver_sword":4,"minecraft:chainmail_leggings":2,"minecraft:scute":1,"minecraft:diamond_axe":1,"iceandfire:ice_dragon_flesh":6,"minecraft:baked_potato":8,"tombstone:magic_scroll":3,"minecraft:coal":172,"minecraft:ender_pearl":1},"minecraft:dropped":{"luminousworld:autumnplank":8,"minecraft:diamond_axe":1,"minecraft:mud_brick_slab":2,"minecraft:baked_potato":43,"luminousworld:white_petunias":1,"minecraft:crafting_table":1,"minecraft:lantern":1,"minecraft:rail":2,"minecraft:item_frame":1,"minecraft:dirt":12,"minecraft:packed_mud":6,"minecraft:stone_button":2,"minecraft:mutton":4,"minecraft:chain":2,"minecraft:gold_nugget":2,"minecraft:sand":1,"minecraft:dark_oak_planks":1,"minecraft:fishing_rod":1,"minecraft:gold_ingot":8,"luminousworld:clovers_1":1,"minecraft:blue_bed":2,"minecraft:bone":4,"minecraft:gravel":1,"minecraft:sugar_cane":2,"minecraft:cobbled_deepslate":72,"minecraft:wheat":1,"minecraft:black_terracotta":1,"minecraft:rotten_flesh":20,"minecraft:oak_planks":24,"minecraft:chainmail_chestplate":3,"supplementaries:flax_seeds":1,"supplementaries:ash":2,"iceandfire:ghost_chest":1,"minecraft:gunpowder":3,"born_in_chaos_v1:corpse_maggot":1,"minecraft:ladder":1,"minecraft:chainmail_boots":1,"minecraft:leather_leggings":3,"minecraft:spruce_slab":1,"minecraft:iron_bars":2,"minecraft:poisonous_potato":1,"minecraft:yellow_terracotta":1,"minecraft:cobblestone":4,"minecraft:granite":2,"minecraft:spruce_stairs":2,"minecraft:coal":1,"minecraft:polished_andesite":1,"minecraft:stick":4,"minecraft:cobweb":6,"minecraft:ink_sac":2,"tombstone:magic_scroll":1,"minecraft:torch":4,"iceandfire:silver_sword":1,"minecraft:rabbit":6,"minecraft:yellow_glazed_terracotta":9,"minecraft:brown_wool":3,"iceandfire:armor_silver_metal_chestplate":1,"tombstone:grave_dust":4,"iceandfire:dragonscales_white":27,"minecraft:iron_shovel":1,"minecraft:string":3,"minecraft:blue_terracotta":8,"minecraft:soul_soil":1,"minecraft:stone_sword":1,"minecraft:raw_copper":100,"minecraft:clay_ball":3,"minecraft:iron_boots":1,"sophisticatedbackpacks:backpack":1,"minecraft:spruce_fence":10,"minecraft:red_terracotta":4,"minecraft:deepslate_bricks":4,"minecraft:potato":16,"minecraft:stone":1,"minecraft:mud_bricks":15,"iceandfire:silver_ingot":5,"minecraft:stone_bricks":2,"minecraft:brown_carpet":15,"minecraft:bow":1,"minecraft:stone_pickaxe":2,"minecraft:wooden_pickaxe":1,"minecraft:calcite":3},"minecraft:used":{"sophisticatedbackpacks:copper_backpack":1,"minecraft:ladder":5,"minecraft:chest":11,"minecraft:shield":10,"minecraft:iron_sword":494,"minecraft:soul_sand":30,"minecraft:obsidian":26,"minecraft:stripped_spruce_log":2,"friendsandfoes:totem_of_freezing":1,"minecraft:stone_bricks":111,"minecraft:furnace":3,"minecraft:potato":63,"minecraft:dark_oak_stairs":1,"minecraft:stone_pickaxe":35,"minecraft:oak_planks":188,"minecraft:wooden_pickaxe":15,"minecraft:blue_bed":4,"minecraft:diamond_axe":58,"minecraft:golden_apple":7,"alexscaves:cave_book":1,"iceandfire:silver_pickaxe":461,"minecraft:bread":17,"tombstone:grave_key":1,"minecraft:gravel":3,"tombstone:decorative_subaraki_grave":27,"minecraft:experience_bottle":1,"sophisticatedbackpacks:iron_backpack":1,"minecraft:iron_bars":1,"iceandfire:silver_sword":238,"minecraft:flint_and_steel":1,"iceandfire:armor_white_helmet":1,"minecraft:spruce_planks":12,"minecraft:torch":133,"minecraft:dirt":217,"minecraft:anvil":1,"iceandfire:armor_silver_metal_helmet":1,"minecraft:iron_hoe":23,"born_in_chaos_v1:supreme_measure":46,"tombstone:ankh_of_pray":2,"minecraft:chipped_anvil":1,"minecraft:iron_axe":56,"alexscaves:spelunkery_table":8,"minecraft:golden_carrot":3,"minecraft:soul_soil":51,"minecraft:goat_horn":1,"tombstone:gift":18,"minecraft:cooked_beef":10,"minecraft:cobbled_deepslate":8,"minecraft:iron_leggings":1,"minecraft:cooked_mutton":1,"minecraft:water_bucket":79,"minecraft:birch_planks":105,"minecraft:baked_potato":35,"luminousworld:ishstone":2,"minecraft:deepslate_bricks":1,"minecraft:polished_blackstone_bricks":215,"minecraft:mossy_cobblestone":1,"minecraft:crafting_table":8,"iceandfire:armor_silver_metal_chestplate":1,"minecraft:iron_pickaxe":157,"tombstone:magic_scroll":1,"minecraft:stone_axe":119,"minecraft:fishing_rod":25,"minecraft:turtle_helmet":2,"minecraft:cobblestone":31,"minecraft:purple_bed":8,"minecraft:bucket":77,"minecraft:cooked_porkchop":15,"alexsmobs:animal_dictionary":2,"minecraft:splash_potion":3},"minecraft:crafted":{"minecraft:oak_planks":232,"hangglider:hang_glider":1,"iceandfire:armor_silver_metal_chestplate":1,"minecraft:chest":5,"minecraft:cooked_porkchop":15,"minecraft:crafting_table":1,"minecraft:spruce_planks":24,"minecraft:wooden_pickaxe":1,"minecraft:baked_potato":68,"minecraft:birch_planks":48,"iceandfire:armor_white_helmet":1,"minecraft:stick":36,"minecraft:iron_ingot":48,"minecraft:iron_pickaxe":1,"iceandfire:armor_white_chestplate":1,"minecraft:stone_sword":1,"minecraft:gold_ingot":210,"iceandfire:silver_sword":1,"hangglider:glider_framework":1,"minecraft:furnace":2,"hangglider:glider_wing":2,"minecraft:diamond":54,"minecraft:leather":4,"minecraft:iron_hoe":1,"minecraft:stone_pickaxe":1,"iceandfire:armor_silver_metal_boots":1,"minecraft:netherite_scrap":1,"sophisticatedbackpacks:iron_backpack":2,"minecraft:cooked_beef":10,"luminousworld:autumnplank":28,"iceandfire:silver_ingot":34,"sophisticatedbackpacks:gold_backpack":1,"minecraft:stone_axe":1,"minecraft:air":0,"iceandfire:armor_white_leggings":1,"iceandfire:armor_silver_metal_helmet":2,"minecraft:torch":36,"iceandfire:silver_pickaxe":1},"minecraft:killed_by":{"minecraft:wither_skeleton":7,"iceandfire:dread_ghoul":2,"minecraft:vindicator":2,"minecraft:zombie":3,"minecraft:vex":1,"takesapillage:legioner":2,"takesapillage:skirmisher":2,"iceandfire:dread_knight":5},"minecraft:custom":{"minecraft:interact_with_crafting_table":33,"minecraft:open_barrel":50,"minecraft:eat_cake_slice":4,"minecraft:leave_game":10,"minecraft:time_since_death":6547,"minecraft:damage_resisted":72,"minecraft:sprint_one_cm":882965,"minecraft:damage_blocked_by_shield":290,"minecraft:drop":130,"minecraft:talked_to_villager":4,"minecraft:play_time":423005,"minecraft:deaths":31,"tombstone:tomb_raiding":2,"minecraft:jump":2897,"minecraft:interact_with_brewingstand":5,"minecraft:walk_on_water_one_cm":90082,"minecraft:interact_with_furnace":58,"minecraft:interact_with_loom":18,"minecraft:sleep_in_bed":30,"minecraft:open_enderchest":1,"tombstone:sneak_grave":7,"minecraft:damage_dealt":60220,"minecraft:player_kills":5,"minecraft:crouch_one_cm":24934,"tombstone:undead_killed":121,"minecraft:interact_with_smoker":1,"minecraft:interact_with_anvil":13,"minecraft:mob_kills":206,"minecraft:interact_with_campfire":8,"minecraft:damage_dealt_resisted":10631,"minecraft:climb_one_cm":22839,"minecraft:walk_one_cm":998812,"minecraft:damage_dealt_absorbed":57,"minecraft:sneak_time":9392,"minecraft:walk_under_water_one_cm":79365,"minecraft:total_world_time":423005,"tombstone:raider_killed":19,"minecraft:time_since_rest":6492,"minecraft:damage_absorbed":113,"minecraft:damage_taken":14620,"minecraft:swim_one_cm":50757,"minecraft:fly_one_cm":609926,"minecraft:open_chest":234,"minecraft:fall_one_cm":82593},"minecraft:mined":{"minecraft:dark_oak_planks":1,"minecraft:large_amethyst_bud":1,"minecraft:spruce_planks":3,"minecraft:black_terracotta":1,"luminousworld:autumnleaves":1,"minecraft:brewing_stand":1,"minecraft:granite":2,"minecraft:grass_block":11,"sophisticatedbackpacks:iron_backpack":1,"minecraft:brown_wool":3,"iceandfire:dread_spawner":1,"minecraft:deepslate_bricks":5,"minecraft:mud_bricks":3,"minecraft:spawner":10,"minecraft:polished_blackstone_bricks":10,"minecraft:iron_ore":76,"minecraft:fire":7,"minecraft:anvil":1,"minecraft:water_cauldron":1,"minecraft:iron_bars":1,"minecraft:deepslate_brick_stairs":1,"minecraft:spruce_slab":3,"minecraft:deepslate_redstone_ore":5,"minecraft:amethyst_cluster":5,"born_in_chaos_v1:infected_deepslate_diamond_ore":1,"minecraft:torch":3,"minecraft:calcite":3,"iceandfire:ghost_chest":1,"minecraft:chest":3,"iceandfire:sapphire_ore":4,"minecraft:cobblestone":133,"minecraft:sugar_cane":3,"minecraft:oak_planks":3,"minecraft:wall_torch":14,"minecraft:amethyst_block":2,"minecraft:deepslate_copper_ore":6,"minecraft:birch_log":12,"minecraft:tnt":2,"minecraft:yellow_glazed_terracotta":2,"minecraft:oak_log":58,"minecraft:sand":3,"minecraft:dirt":11,"minecraft:oak_leaves":34,"minecraft:deepslate":91,"alexscaves:spelunkery_table":3,"minecraft:tuff":43,"iceandfire:silver_ore":1,"minecraft:mossy_cobblestone":3,"minecraft:ladder":6,"minecraft:spruce_fence":5,"luminousworld:grassvariant_2":2,"minecraft:spruce_leaves":2,"minecraft:redstone_ore":6,"minecraft:waxed_oxidized_cut_copper":1,"minecraft:furnace":2,"minecraft:stripped_spruce_log":2,"minecraft:gold_block":1,"minecraft:bookshelf":6,"minecraft:potatoes":19,"minecraft:deepslate_iron_ore":8,"minecraft:vine":1,"minecraft:lantern":1,"minecraft:packed_ice":2,"minecraft:stone":33,"minecraft:brown_carpet":5,"minecraft:crafting_table":7,"minecraft:lime_carpet":1,"minecraft:campfire":11,"luminousworld:auburnlog":7,"minecraft:copper_ore":22,"minecraft:diorite":3,"minecraft:blue_bed":3,"supplementaries:urn":10,"minecraft:spruce_stairs":2,"minecraft:purple_bed":7,"minecraft:spruce_log":6,"minecraft:coal_ore":55,"iceandfire:silver_pile":50,"luminousworld:ishstone":2,"minecraft:gravel":5,"minecraft:cobweb":12,"minecraft:cracked_stone_bricks":1,"minecraft:polished_andesite":1,"minecraft:stone_bricks":8,"minecraft:gold_ore":36,"minecraft:chipped_anvil":2,"minecraft:waxed_exposed_cut_copper":1}},"DataVersion":3465}