{"stats":{"minecraft:killed":{"born_in_chaos_v1:restless_spirit":1,"minecraft:spider":1,"luminousworld:frost_bitten_skeleton":5,"minecraft:skeleton":16,"artifacts:mimic":1,"born_in_chaos_v1:diamond_termite":2,"minecraft:pillager":2,"minecraft:zombie":1,"born_in_chaos_v1:corpse_fly":1,"iceandfire:dread_ghoul":3,"born_in_chaos_v1:door_knight":1,"takesapillage:archer":1,"luminousworld:frostbitten_zombie":2,"minecraft:vindicator":2,"enemyexpansion:direwolf":2,"born_in_chaos_v1:maggot":3,"iceandfire:dread_knight":3,"iceandfire:dread_thrall":16,"undead_revamp2:thebidy":1,"undead_revamp2:sucker":3,"friendsandfoes:iceologer":1,"born_in_chaos_v1:barrel_zombie":1,"born_in_chaos_v1:decrepit_skeleton":1,"undead_revamp2:thesomnolence":1,"endermanoverhaul:cave_enderman":1},"minecraft:crafted":{"minecraft:oak_planks":232,"iceandfire:armor_silver_metal_chestplate":1,"minecraft:chest":5,"minecraft:cooked_porkchop":15,"minecraft:crafting_table":1,"minecraft:spruce_planks":24,"minecraft:wooden_pickaxe":1,"minecraft:baked_potato":12,"minecraft:birch_planks":48,"iceandfire:armor_white_helmet":1,"minecraft:stick":36,"minecraft:iron_ingot":48,"minecraft:iron_pickaxe":1,"iceandfire:armor_white_chestplate":1,"minecraft:stone_sword":1,"minecraft:gold_ingot":12,"iceandfire:silver_sword":1,"minecraft:furnace":2,"minecraft:leather":4,"minecraft:iron_hoe":1,"minecraft:stone_pickaxe":1,"iceandfire:armor_silver_metal_boots":1,"minecraft:cooked_beef":10,"luminousworld:autumnplank":28,"iceandfire:silver_ingot":34,"minecraft:stone_axe":1,"minecraft:air":0,"iceandfire:armor_white_leggings":1,"iceandfire:armor_silver_metal_helmet":2,"minecraft:torch":36,"iceandfire:silver_pickaxe":1},"minecraft:broken":{"iceandfire:silver_pickaxe":1,"minecraft:golden_leggings":1,"iceandfire:armor_silver_metal_boots":1,"minecraft:shield":1,"iceandfire:armor_copper_metal_boots":1},"minecraft:used":{"minecraft:ladder":4,"minecraft:chest":8,"minecraft:shield":10,"minecraft:iron_sword":178,"minecraft:stripped_spruce_log":2,"minecraft:stone_bricks":1,"friendsandfoes:totem_of_freezing":1,"minecraft:furnace":3,"minecraft:potato":37,"minecraft:dark_oak_stairs":1,"minecraft:stone_pickaxe":35,"minecraft:oak_planks":187,"minecraft:wooden_pickaxe":15,"minecraft:diamond_axe":9,"minecraft:blue_bed":4,"iceandfire:silver_pickaxe":461,"minecraft:bread":17,"minecraft:gravel":3,"minecraft:experience_bottle":1,"iceandfire:silver_sword":238,"minecraft:spruce_planks":12,"minecraft:torch":56,"minecraft:dirt":5,"minecraft:anvil":1,"minecraft:iron_hoe":17,"minecraft:chipped_anvil":1,"minecraft:iron_axe":56,"alexscaves:spelunkery_table":3,"tombstone:gift":10,"minecraft:cooked_beef":7,"minecraft:cobbled_deepslate":8,"minecraft:iron_leggings":1,"minecraft:cooked_mutton":1,"minecraft:water_bucket":35,"minecraft:birch_planks":48,"minecraft:baked_potato":15,"luminousworld:ishstone":2,"minecraft:deepslate_bricks":1,"minecraft:mossy_cobblestone":1,"minecraft:crafting_table":8,"iceandfire:armor_silver_metal_chestplate":1,"minecraft:iron_pickaxe":40,"minecraft:stone_axe":119,"minecraft:fishing_rod":23,"minecraft:cobblestone":31,"minecraft:purple_bed":7,"minecraft:cooked_porkchop":15,"minecraft:bucket":35,"alexsmobs:animal_dictionary":2},"minecraft:custom":{"minecraft:interact_with_crafting_table":26,"minecraft:open_barrel":39,"minecraft:eat_cake_slice":4,"minecraft:leave_game":7,"minecraft:time_since_death":18243,"minecraft:sprint_one_cm":573312,"minecraft:damage_blocked_by_shield":290,"minecraft:drop":89,"minecraft:talked_to_villager":1,"minecraft:play_time":229167,"minecraft:deaths":19,"tombstone:tomb_raiding":1,"minecraft:jump":1920,"minecraft:interact_with_brewingstand":1,"minecraft:walk_on_water_one_cm":43644,"minecraft:interact_with_furnace":48,"minecraft:interact_with_loom":11,"minecraft:sleep_in_bed":20,"tombstone:sneak_grave":7,"minecraft:damage_dealt":20514,"minecraft:player_kills":3,"minecraft:crouch_one_cm":17523,"tombstone:undead_killed":53,"minecraft:interact_with_smoker":1,"minecraft:mob_kills":89,"minecraft:interact_with_anvil":4,"minecraft:interact_with_campfire":8,"minecraft:damage_dealt_resisted":246,"minecraft:climb_one_cm":10065,"minecraft:walk_one_cm":611728,"minecraft:damage_dealt_absorbed":57,"minecraft:sneak_time":6031,"minecraft:walk_under_water_one_cm":37956,"minecraft:total_world_time":229167,"tombstone:raider_killed":6,"minecraft:time_since_rest":0,"minecraft:damage_taken":9337,"minecraft:swim_one_cm":23256,"minecraft:fly_one_cm":216179,"minecraft:open_chest":134,"minecraft:fall_one_cm":58996},"minecraft:dropped":{"luminousworld:autumnplank":8,"minecraft:diamond_axe":1,"minecraft:mud_brick_slab":2,"minecraft:baked_potato":43,"minecraft:crafting_table":1,"minecraft:rail":2,"minecraft:item_frame":1,"minecraft:packed_mud":5,"minecraft:dirt":12,"minecraft:mutton":4,"minecraft:gold_nugget":2,"minecraft:sand":1,"minecraft:dark_oak_planks":1,"minecraft:fishing_rod":1,"minecraft:blue_bed":1,"luminousworld:clovers_1":1,"minecraft:bone":4,"minecraft:gravel":1,"minecraft:sugar_cane":2,"minecraft:cobbled_deepslate":72,"minecraft:rotten_flesh":4,"minecraft:oak_planks":24,"minecraft:chainmail_chestplate":2,"supplementaries:flax_seeds":1,"born_in_chaos_v1:corpse_maggot":1,"minecraft:chainmail_boots":1,"minecraft:leather_leggings":3,"minecraft:yellow_terracotta":1,"minecraft:stick":4,"minecraft:ink_sac":2,"minecraft:torch":4,"iceandfire:silver_sword":1,"minecraft:rabbit":6,"minecraft:yellow_glazed_terracotta":9,"minecraft:brown_wool":3,"iceandfire:armor_silver_metal_chestplate":1,"minecraft:iron_shovel":1,"minecraft:string":2,"minecraft:blue_terracotta":8,"minecraft:stone_sword":1,"minecraft:raw_copper":100,"minecraft:clay_ball":3,"sophisticatedbackpacks:backpack":1,"minecraft:spruce_fence":10,"minecraft:red_terracotta":4,"minecraft:deepslate_bricks":4,"minecraft:potato":12,"minecraft:mud_bricks":15,"iceandfire:silver_ingot":5,"minecraft:stone_bricks":1,"minecraft:brown_carpet":15,"minecraft:bow":1,"minecraft:stone_pickaxe":1,"minecraft:wooden_pickaxe":1},"minecraft:mined":{"minecraft:dark_oak_planks":1,"minecraft:large_amethyst_bud":1,"minecraft:spruce_planks":3,"luminousworld:autumnleaves":1,"minecraft:brewing_stand":1,"minecraft:grass_block":11,"minecraft:brown_wool":3,"iceandfire:dread_spawner":1,"minecraft:deepslate_bricks":5,"minecraft:mud_bricks":2,"minecraft:spawner":2,"minecraft:iron_ore":42,"minecraft:fire":3,"minecraft:anvil":1,"minecraft:deepslate_brick_stairs":1,"minecraft:spruce_slab":1,"minecraft:deepslate_redstone_ore":5,"born_in_chaos_v1:infected_deepslate_diamond_ore":1,"minecraft:torch":2,"minecraft:chest":3,"iceandfire:sapphire_ore":4,"minecraft:cobblestone":118,"minecraft:sugar_cane":3,"minecraft:oak_planks":3,"minecraft:wall_torch":10,"minecraft:deepslate_copper_ore":6,"minecraft:birch_log":12,"minecraft:yellow_glazed_terracotta":2,"minecraft:oak_log":58,"minecraft:sand":3,"minecraft:dirt":11,"minecraft:oak_leaves":32,"minecraft:deepslate":91,"alexscaves:spelunkery_table":3,"minecraft:tuff":43,"iceandfire:silver_ore":1,"minecraft:mossy_cobblestone":3,"minecraft:ladder":4,"minecraft:spruce_fence":5,"luminousworld:grassvariant_2":2,"minecraft:spruce_leaves":2,"minecraft:redstone_ore":6,"minecraft:furnace":2,"minecraft:stripped_spruce_log":2,"minecraft:gold_block":1,"minecraft:bookshelf":6,"minecraft:potatoes":4,"minecraft:deepslate_iron_ore":7,"minecraft:packed_ice":2,"minecraft:stone":28,"minecraft:brown_carpet":5,"minecraft:crafting_table":7,"minecraft:lime_carpet":1,"minecraft:campfire":11,"luminousworld:auburnlog":7,"minecraft:copper_ore":22,"minecraft:diorite":3,"minecraft:blue_bed":3,"supplementaries:urn":8,"minecraft:purple_bed":5,"minecraft:spruce_log":6,"luminousworld:ishstone":2,"minecraft:coal_ore":55,"iceandfire:silver_pile":50,"minecraft:gravel":4,"minecraft:cobweb":3,"minecraft:cracked_stone_bricks":1,"minecraft:stone_bricks":3,"minecraft:chipped_anvil":2,"minecraft:gold_ore":20},"minecraft:picked_up":{"minecraft:chainmail_boots":3,"illagerinvasion:platinum_chunk":2,"minecraft:anvil":1,"minecraft:brewing_stand":1,"iceandfire:armor_silver_metal_chestplate":1,"minecraft:string":5,"minecraft:raw_copper":100,"minecraft:iron_leggings":1,"minecraft:experience_bottle":1,"minecraft:gold_nugget":32,"minecraft:cobbled_deepslate":88,"minecraft:spruce_planks":1,"minecraft:furnace":2,"minecraft:stick":11,"luminousworld:auburnlog":7,"minecraft:torch":39,"iceandfire:dragonscales_white":21,"iceandfire:dread_sword":1,"minecraft:porkchop":15,"tombstone:grave_dust":5,"minecraft:diorite":2,"minecraft:brown_carpet":15,"minecraft:rotten_flesh":19,"supplementaries:ash":5,"minecraft:cobblestone":102,"minecraft:birch_log":12,"iceandfire:sapphire_gem":4,"minecraft:brown_wool":3,"minecraft:golden_leggings":1,"minecraft:potato":26,"minecraft:flint":2,"minecraft:tuff":3,"supplementaries:flax_seeds":2,"minecraft:dirt":25,"artifacts:shock_pendant":1,"minecraft:bone":44,"minecraft:chipped_anvil":2,"minecraft:bow":4,"minecraft:raw_gold":21,"minecraft:rabbit":6,"minecraft:oak_planks":26,"friendsandfoes:totem_of_freezing":1,"luminousworld:bass_item":2,"minecraft:cooked_porkchop":1,"earthmobsmod:harder_flesh":2,"minecraft:sand":1,"minecraft:stripped_spruce_log":2,"minecraft:ink_sac":2,"minecraft:mossy_cobblestone":1,"minecraft:red_terracotta":4,"minecraft:iron_hoe":1,"minecraft:blue_terracotta":8,"luminousworld:auburn_sapling":1,"minecraft:bread":5,"minecraft:emerald":5,"minecraft:oak_sapling":3,"iceandfire:silver_nugget":320,"iceandfire:raw_silver":1,"minecraft:fishing_rod":1,"minecraft:mud_brick_slab":2,"minecraft:charcoal":22,"born_in_chaos_v1:diamond_termite_shard":2,"minecraft:crafting_table":8,"minecraft:allium":2,"minecraft:ladder":4,"minecraft:clay_ball":3,"minecraft:leather_leggings":3,"minecraft:gold_block":1,"luminousworld:trout":2,"minecraft:shield":1,"minecraft:item_frame":1,"luminousworld:sunny":2,"minecraft:iron_shovel":2,"minecraft:beef":10,"iceandfire:dread_shard":23,"minecraft:iron_nugget":28,"minecraft:sugar_cane":11,"minecraft:chest":3,"minecraft:birch_sapling":3,"iceandfire:ice_dragon_heart":1,"minecraft:raw_iron":52,"iceandfire:dragonbone":31,"minecraft:stone":1,"sophisticatedbackpacks:backpack":1,"minecraft:spruce_fence":7,"born_in_chaos_v1:pieceofdarkmetal":1,"minecraft:redstone":49,"minecraft:dark_oak_planks":1,"iceandfire:dragon_skull_ice":1,"iceandfire:silver_ingot":8,"minecraft:arrow":18,"minecraft:deepslate_bricks":5,"alexscaves:spelunkery_table":3,"minecraft:yellow_terracotta":1,"minecraft:gold_ingot":1,"minecraft:mutton":8,"minecraft:skeleton_skull":1,"minecraft:rail":2,"born_in_chaos_v1:corpse_maggot":1,"minecraft:mud_bricks":15,"luminousworld:ishstone":2,"minecraft:packed_mud":5,"minecraft:oak_log":58,"minecraft:chainmail_chestplate":2,"minecraft:yellow_glazed_terracotta":9,"minecraft:gunpowder":6,"minecraft:blue_bed":5,"minecraft:cooked_mutton":1,"minecraft:apple":3,"minecraft:stone_bricks":2,"minecraft:iron_ingot":3,"endrem:cold_eye":1,"luminousworld:autumnplank":8,"minecraft:dark_oak_stairs":1,"minecraft:iron_sword":1,"minecraft:book":18,"luminousworld:clovers_1":1,"alexsmobs:fish_bones":1,"minecraft:sweet_berries":3,"born_in_chaos_v1:ethereal_spirit":1,"minecraft:gravel":4,"minecraft:spruce_log":6,"minecraft:purple_bed":5,"iceandfire:silver_sword":4,"minecraft:chainmail_leggings":2,"minecraft:diamond_axe":1,"minecraft:scute":1,"tombstone:magic_scroll":1,"minecraft:baked_potato":8,"minecraft:coal":169},"minecraft:killed_by":{"iceandfire:dread_ghoul":2,"minecraft:zombie":2,"takesapillage:legioner":2,"takesapillage:skirmisher":2,"iceandfire:dread_knight":5}},"DataVersion":3465}