{"stats":{"minecraft:killed":{"illagerinvasion:archivist":1,"creeperoverhaul:hills_creeper":1,"born_in_chaos_v1:mr_pumpkin":5,"born_in_chaos_v1:restless_spirit":2,"born_in_chaos_v1:zombie_lumberjack":2,"born_in_chaos_v1:skeleton_demoman":1,"luminousworld:frost_bitten_skeleton":5,"born_in_chaos_v1:baby_skeleton_minion":3,"illagerinvasion:basher":9,"minecraft:skeleton":47,"born_in_chaos_v1:skeleton_thrasher":2,"undead_revamp2:thepregnant":1,"enemyexpansion:vampflyer":1,"stalwart_dungeons:giddy_blaze":1,"minecraft:pillager":18,"minecraft:zombie":27,"alexsmobs:cachalot_whale":1,"stalwart_dungeons:incomplete_wither":1,"born_in_chaos_v1:corpse_fly":7,"enemyexpansion:botfly":4,"bettermobs:capivara":18,"iceandfire:dread_ghoul":4,"born_in_chaos_v1:door_knight":2,"takesapillage:archer":1,"luminousworld:frostbitten_zombie":4,"minecraft:evoker":1,"minecraft:vindicator":22,"illagerinvasion:marauder":11,"undead_revamp2:bomber":1,"born_in_chaos_v1:pumpkinhead":1,"enemyexpansion:faller":1,"iceandfire:dread_knight":3,"undead_revamp2:thebidy":1,"born_in_chaos_v1:barrel_zombie":1,"undead_revamp2:the_moonflower":1,"enemyexpansion:sprinter":3,"minecraft:ravager":3,"stalwart_dungeons:nether_keeper":1,"born_in_chaos_v1:decrepit_skeleton":9,"undead_revamp2:thesomnolence":1,"endermanoverhaul:cave_enderman":2,"iceandfire:ghost":8,"luminousworld:swamp_zombie":5,"iceandfire:ice_dragon":3,"born_in_chaos_v1:zombie_clown":1,"minecraft:witch":1,"minecraft:spider":2,"illagerinvasion:provoker":15,"undead_revamp2:therod":2,"minecraft:illusioner":1,"minecraft:piglin_brute":2,"artifacts:mimic":1,"illagerinvasion:inquisitor":6,"minecraft:piglin":4,"born_in_chaos_v1:bonescaller":2,"minecraft:zombie_villager":3,"born_in_chaos_v1:diamond_termite":2,"earthmobsmod:lobber_zombie":2,"minecraft:creeper":2,"undead_revamp2:theordure":1,"born_in_chaos_v1:dread_hound":1,"creeperoverhaul:swamp_creeper":1,"minecraft:blaze":6,"enemyexpansion:wasp":2,"endermanoverhaul:flower_fields_enderman":1,"minecraft:slime":1,"enemyexpansion:direwolf":5,"born_in_chaos_v1:zombie_bruiser":1,"born_in_chaos_v1:maggot":20,"minecraft:phantom":10,"luminousworld:swamp_skeleton":6,"iceandfire:dread_thrall":17,"alexsmobs:blue_jay":1,"iceandfire:fire_dragon":2,"undead_revamp2:sucker":4,"friendsandfoes:iceologer":1,"born_in_chaos_v1:baby_skeleton":1,"stalwart_dungeons:reinforced_blaze":26,"minecraft:hoglin":8,"endermanoverhaul:spirit":3,"born_in_chaos_v1:decaying_zombie":3,"enemyexpansion:huntsman":1,"minecraft:wither_skeleton":52,"naturalist:sparrow":1,"minecraft:villager":1,"enemyexpansion:slugger":1},"minecraft:broken":{"stalwart_dungeons:tungsten_chestplate":1,"minecraft:chainmail_boots":1,"minecraft:iron_sword":2,"iceandfire:armor_silver_metal_chestplate":1,"minecraft:shield":1,"stalwart_dungeons:tungsten_leggings":1,"stalwart_dungeons:tungsten_boots":1,"iceandfire:silver_pickaxe":1,"minecraft:golden_leggings":1,"iceandfire:armor_silver_metal_boots":1,"stalwart_dungeons:tungsten_helmet":1,"iceandfire:armor_copper_metal_boots":1},"minecraft:picked_up":{"minecraft:iron_chestplate":1,"minecraft:chainmail_boots":3,"minecraft:anvil":1,"minecraft:diamond_sword":1,"minecraft:brown_bed":1,"minecraft:enchanted_book":4,"minecraft:brewing_stand":1,"minecraft:amethyst_block":2,"minecraft:string":30,"minecraft:soul_soil":25,"minecraft:red_nether_bricks":4,"minecraft:gold_nugget":32,"minecraft:cobbled_deepslate":88,"minecraft:spruce_planks":3,"minecraft:waxed_exposed_cut_copper":2,"hangglider:hang_glider":2,"luminousworld:auburnlog":7,"born_in_chaos_v1:shattered_skull":3,"minecraft:acacia_log":1,"minecraft:cherry_log":1,"minecraft:golden_chestplate":1,"minecraft:cauldron":1,"minecraft:brown_carpet":15,"luminousworld:grassflowers":2,"minecraft:stone_sword":2,"luminousworld:yellow_grassflowers":1,"artifacts:villager_hat":1,"iceandfire:fire_dragon_heart":2,"supplementaries:ash":44,"minecraft:blaze_rod":55,"minecraft:iron_bars":3,"minecraft:birch_log":14,"iceandfire:sapphire_gem":4,"minecraft:magma_block":1,"minecraft:feather":2,"minecraft:brown_wool":3,"minecraft:flint":2,"minecraft:gray_concrete":1,"minecraft:lantern":2,"artifacts:shock_pendant":2,"stalwart_dungeons:blaze_armor_scrap":32,"minecraft:chipped_anvil":3,"minecraft:rabbit":6,"luminousworld:bass_item":2,"securitycraft:mine":4,"iceandfire:dragon_skull_fire":2,"minecraft:stripped_spruce_log":4,"sophisticatedbackpacks:iron_backpack":2,"minecraft:ink_sac":2,"minecraft:red_terracotta":4,"minecraft:bundle":3,"minecraft:iron_hoe":2,"minecraft:polished_andesite":2,"minecraft:blue_terracotta":8,"luminousworld:yellowpetunias":4,"minecraft:granite":14,"luminousworld:auburn_sapling":1,"minecraft:bread":5,"born_in_chaos_v1:rotten_fish":8,"iceandfire:raw_silver":1,"minecraft:diamond_pickaxe":1,"sophisticatedbackpacks:gold_backpack":1,"minecraft:crafting_table":8,"born_in_chaos_v1:seedof_chaos":1,"iceandfire:witherbone":22,"minecraft:clay_ball":3,"minecraft:leather_leggings":4,"born_in_chaos_v1:charmof_resistance":2,"friendsandfoes:totem_of_illusion":1,"luminousworld:trout":2,"alexsmobs:pigshoes":2,"minecraft:acacia_door":1,"minecraft:netherite_scrap":4,"minecraft:iron_shovel":2,"minecraft:beef":28,"iceandfire:dread_shard":26,"born_in_chaos_v1:gnawed_bones":2,"minecraft:iron_nugget":146,"minecraft:spruce_slab":1,"minecraft:chest":3,"minecraft:birch_sapling":3,"minecraft:stone":2,"sophisticatedbackpacks:backpack":1,"minecraft:spruce_fence":7,"minecraft:fire_charge":3,"born_in_chaos_v1:pieceofdarkmetal":16,"minecraft:carrot":2,"minecraft:redstone":49,"iceandfire:dragon_skull_ice":5,"minecraft:tnt":2,"minecraft:diamond_chestplate":1,"minecraft:deepslate_bricks":5,"stalwart_dungeons:tungsten_axe":2,"minecraft:yellow_terracotta":1,"minecraft:gold_ingot":172,"sophisticatedbackpacks:copper_backpack":1,"minecraft:mutton":8,"minecraft:rail":2,"minecraft:mud_bricks":24,"born_in_chaos_v1:pumpkin_staff":1,"luminousworld:ishstone":6,"minecraft:packed_mud":10,"minecraft:oak_log":71,"minecraft:blue_bed":6,"minecraft:paper":2,"minecraft:white_banner":4,"born_in_chaos_v1:soul_cutlass":4,"minecraft:apple":3,"minecraft:stone_bricks":6,"minecraft:stone_pickaxe":1,"minecraft:cobweb":6,"endrem:cold_eye":1,"tombstone:bag_of_seeds":2,"artifacts:steadfast_spikes":1,"minecraft:iron_sword":9,"minecraft:dark_oak_stairs":1,"enemyexpansion:phantom_eye":2,"alexsmobs:fish_bones":1,"minecraft:sweet_berries":3,"born_in_chaos_v1:ethereal_spirit":9,"minecraft:gravel":117,"tombstone:decorative_subaraki_grave":3,"minecraft:spruce_log":7,"minecraft:crying_obsidian":17,"minecraft:oak_wood":1,"minecraft:purple_bed":7,"minecraft:slime_ball":11,"iceandfire:silver_sword":4,"minecraft:diamond_axe":2,"minecraft:scute":1,"iceandfire:ice_dragon_flesh":6,"minecraft:baked_potato":69,"minecraft:ender_pearl":2,"minecraft:wheat":1,"illagerinvasion:platinum_chunk":79,"alexscaves:cave_tablet":8,"minecraft:potion":2,"minecraft:nether_brick":11,"tombstone:grave_key":2,"born_in_chaos_v1:holiday_candy":29,"iceandfire:armor_silver_metal_chestplate":2,"minecraft:raw_copper":100,"aether:diamond_gloves":1,"minecraft:iron_leggings":5,"minecraft:zombie_head":1,"minecraft:experience_bottle":1,"minecraft:tnt_minecart":1,"earthmobsmod:duck_egg":3,"minecraft:calcite":6,"minecraft:iron_pickaxe":1,"minecraft:iron_boots":9,"minecraft:furnace":3,"minecraft:stick":21,"iceandfire:ghost_chest":1,"minecraft:torch":73,"iceandfire:dread_sword":1,"iceandfire:dragonscales_white":68,"minecraft:spruce_stairs":3,"minecraft:porkchop":28,"tombstone:grave_dust":34,"minecraft:diorite":2,"minecraft:goat_horn":2,"tombstone:lollipop":1,"minecraft:rotten_flesh":84,"born_in_chaos_v1:sea_terror_eye":2,"minecraft:obsidian":6,"minecraft:cobblestone":196,"minecraft:golden_leggings":1,"minecraft:potato":96,"alexsmobs:bear_fur":1,"minecraft:tuff":3,"supplementaries:flax_seeds":2,"minecraft:wither_skeleton_skull":1,"artifacts:pickaxe_heater":1,"minecraft:dirt":68,"born_in_chaos_v1:monster_skin":1,"minecraft:bone":151,"minecraft:bow":6,"minecraft:wheat_seeds":5,"minecraft:raw_gold":37,"minecraft:oak_planks":29,"friendsandfoes:totem_of_freezing":1,"minecraft:black_terracotta":2,"minecraft:cooked_porkchop":12,"minecraft:poisonous_potato":1,"earthmobsmod:harder_flesh":2,"minecraft:sand":1,"minecraft:nether_brick_stairs":1,"minecraft:spectral_arrow":33,"minecraft:mossy_cobblestone":2,"minecraft:dark_prismarine":4,"minecraft:diamond":20,"minecraft:golden_apple":47,"minecraft:emerald":41,"minecraft:oak_sapling":9,"iceandfire:silver_nugget":320,"minecraft:netherrack":60,"born_in_chaos_v1:sea_terror_stomach":2,"minecraft:lingering_potion":1,"minecraft:fishing_rod":2,"minecraft:mud_brick_slab":2,"minecraft:charcoal":22,"minecraft:waxed_oxidized_cut_copper":1,"born_in_chaos_v1:diamond_termite_shard":2,"minecraft:allium":2,"minecraft:splash_potion":1,"minecraft:ladder":6,"minecraft:turtle_helmet":1,"minecraft:gold_block":1,"stalwart_dungeons:soul_bricks":28,"minecraft:chain":2,"minecraft:shield":2,"luminousworld:sunny":2,"minecraft:item_frame":1,"takesapillage:ravager_horn":2,"minecraft:blackstone":78,"minecraft:tinted_glass":9,"minecraft:sugar_cane":14,"minecraft:phantom_membrane":3,"iceandfire:ice_dragon_heart":3,"tombstone:ankh_of_pray":1,"minecraft:raw_iron":78,"iceandfire:dragonbone":59,"iceandfire:dragonscales_green":25,"ecologics:coconut_slice":2,"minecraft:copper_ingot":2,"stalwart_dungeons:ancient_fire":1,"minecraft:polished_blackstone_bricks":16,"minecraft:stone_button":2,"minecraft:cookie":5,"minecraft:dark_oak_planks":5,"iceandfire:silver_ingot":8,"minecraft:arrow":80,"stalwart_dungeons:raw_tungsten":24,"minecraft:nether_bricks":2,"alexscaves:spelunkery_table":3,"minecraft:stripped_dark_oak_wood":2,"minecraft:skeleton_skull":2,"born_in_chaos_v1:corpse_maggot":10,"minecraft:golden_carrot":33,"minecraft:leather":26,"stalwart_dungeons:tungsten_hammer":1,"artifacts:onion_ring":1,"minecraft:chainmail_chestplate":4,"minecraft:yellow_glazed_terracotta":9,"iceandfire:ectoplasm":3,"minecraft:gunpowder":19,"minecraft:cooked_mutton":1,"minecraft:red_carpet":1,"minecraft:gray_carpet":5,"stalwart_dungeons:pusher":3,"iceandfire:armor_silver_metal_helmet":1,"minecraft:spruce_wood":8,"minecraft:iron_ingot":120,"luminousworld:white_petunias":2,"luminousworld:autumnplank":8,"iceandfire:fire_dragon_flesh":7,"minecraft:soul_sand":19,"minecraft:book":183,"luminousworld:clovers_1":1,"minecraft:quartz":27,"stalwart_dungeons:soul_tiles":1,"minecraft:amethyst_shard":24,"minecraft:nether_brick_slab":3,"minecraft:spider_eye":2,"minecraft:chainmail_leggings":4,"minecraft:iron_helmet":1,"tombstone:magic_scroll":6,"minecraft:coal":196},"minecraft:dropped":{"minecraft:iron_sword":2,"luminousworld:autumnplank":8,"minecraft:mud_brick_slab":2,"minecraft:glass_bottle":1,"minecraft:crafting_table":1,"born_in_chaos_v1:pieceofdarkmetal":3,"minecraft:rail":2,"minecraft:red_carpet":1,"minecraft:item_frame":1,"minecraft:dirt":46,"minecraft:packed_mud":10,"minecraft:stone_button":2,"minecraft:stripped_dark_oak_wood":1,"minecraft:chain":2,"minecraft:gold_nugget":2,"minecraft:sand":1,"minecraft:dark_oak_planks":2,"minecraft:fishing_rod":1,"minecraft:blue_bed":2,"luminousworld:clovers_1":1,"minecraft:bone":16,"minecraft:sugar_cane":2,"minecraft:golden_chestplate":1,"minecraft:cobbled_deepslate":72,"stalwart_dungeons:tungsten_hammer":1,"minecraft:wheat":1,"minecraft:obsidian":5,"minecraft:rotten_flesh":27,"minecraft:oak_planks":25,"minecraft:azure_bluet":1,"supplementaries:flax_seeds":1,"luminousworld:grassflowers":2,"iceandfire:ghost_chest":1,"minecraft:ladder":1,"minecraft:leather_leggings":4,"minecraft:spruce_slab":1,"minecraft:crying_obsidian":3,"minecraft:iron_ingot":1,"minecraft:wheat_seeds":4,"minecraft:feather":1,"minecraft:cobblestone":6,"minecraft:yellow_terracotta":1,"minecraft:apple":1,"minecraft:granite":2,"born_in_chaos_v1:soul_cutlass":1,"minecraft:coal":7,"minecraft:golden_apple":2,"minecraft:polished_andesite":1,"minecraft:cobweb":6,"stalwart_dungeons:soul_bricks":11,"born_in_chaos_v1:gnawed_bones":1,"minecraft:ink_sac":2,"minecraft:yellow_glazed_terracotta":9,"minecraft:rabbit":6,"minecraft:potion":1,"iceandfire:dragonscales_white":27,"minecraft:iron_shovel":1,"minecraft:string":3,"stalwart_dungeons:soul_tiles":1,"minecraft:soul_soil":24,"minecraft:stone_sword":1,"alexsmobs:pigshoes":1,"minecraft:clay_ball":3,"minecraft:iron_boots":1,"sophisticatedbackpacks:backpack":1,"minecraft:spruce_fence":10,"minecraft:potato":16,"minecraft:stone":1,"minecraft:spruce_planks":2,"iceandfire:silver_ingot":5,"minecraft:stone_bricks":2,"minecraft:spider_eye":1,"minecraft:brown_carpet":15,"minecraft:bow":1,"minecraft:magma_block":1,"minecraft:diamond_axe":1,"luminousworld:yellowpetunias":4,"minecraft:oak_log":6,"minecraft:baked_potato":43,"luminousworld:white_petunias":1,"minecraft:lantern":2,"tombstone:bag_of_seeds":1,"minecraft:mutton":4,"minecraft:polished_blackstone_bricks":1,"minecraft:gold_ingot":171,"minecraft:gravel":2,"hangglider:hang_glider":1,"minecraft:black_terracotta":2,"minecraft:chainmail_chestplate":3,"supplementaries:ash":32,"minecraft:gunpowder":6,"born_in_chaos_v1:corpse_maggot":2,"minecraft:chainmail_boots":1,"minecraft:spruce_wood":2,"minecraft:iron_bars":2,"minecraft:quartz":4,"minecraft:cherry_log":1,"minecraft:mossy_cobblestone":1,"minecraft:poisonous_potato":1,"minecraft:spruce_stairs":3,"tombstone:ankh_of_pray":1,"minecraft:stick":13,"born_in_chaos_v1:pumpkin_staff":1,"illagerinvasion:platinum_chunk":64,"tombstone:magic_scroll":1,"minecraft:torch":4,"iceandfire:silver_sword":1,"minecraft:brown_wool":3,"iceandfire:armor_silver_metal_chestplate":1,"tombstone:grave_dust":11,"earthmobsmod:duck_egg":1,"minecraft:nether_brick_slab":2,"minecraft:blue_terracotta":8,"minecraft:raw_copper":100,"iceandfire:witherbone":2,"minecraft:waxed_exposed_cut_copper":1,"enemyexpansion:phantom_eye":2,"minecraft:red_terracotta":4,"luminousworld:yellow_grassflowers":1,"minecraft:deepslate_bricks":4,"minecraft:mud_bricks":22,"minecraft:diamond_chestplate":1,"minecraft:oak_sapling":7,"minecraft:stone_pickaxe":3,"minecraft:wooden_pickaxe":1,"minecraft:calcite":3},"minecraft:used":{"sophisticatedbackpacks:copper_backpack":1,"minecraft:ladder":5,"minecraft:chest":13,"minecraft:soul_sand":31,"born_in_chaos_v1:soul_cutlass":188,"stalwart_dungeons:tungsten_hammer":395,"minecraft:stripped_spruce_log":2,"minecraft:stripped_dark_oak_wood":1,"friendsandfoes:totem_of_illusion":1,"friendsandfoes:totem_of_freezing":1,"minecraft:bow":57,"supplementaries:ash":1,"minecraft:furnace":4,"minecraft:potato":67,"luminousworld:autumnplank":4,"minecraft:blackstone":66,"minecraft:wooden_pickaxe":15,"minecraft:golden_apple":60,"stalwart_dungeons:soul_bricks":14,"born_in_chaos_v1:holiday_candy":2,"iceandfire:silver_pickaxe":461,"earthmobsmod:duck_egg":1,"securitycraft:mine":9,"minecraft:diamond_sword":159,"minecraft:iron_bars":1,"iceandfire:silver_sword":238,"minecraft:tinted_glass":9,"minecraft:netherrack":45,"minecraft:torch":197,"minecraft:anvil":1,"born_in_chaos_v1:supreme_measure":46,"tombstone:ankh_of_pray":5,"minecraft:chipped_anvil":1,"minecraft:iron_axe":56,"minecraft:mud_bricks":1,"minecraft:gunpowder":2,"minecraft:goat_horn":1,"tombstone:gift":20,"minecraft:cobbled_deepslate":8,"minecraft:water_bucket":142,"minecraft:birch_planks":105,"minecraft:deepslate_bricks":1,"minecraft:polished_blackstone_bricks":247,"securitycraft:cobblestone_mine":2,"minecraft:mossy_cobblestone":1,"minecraft:crafting_table":9,"iceandfire:armor_silver_metal_chestplate":1,"minecraft:diamond_pickaxe":302,"minecraft:iron_pickaxe":201,"tombstone:magic_scroll":1,"minecraft:cobblestone":45,"minecraft:potion":1,"minecraft:purple_bed":9,"minecraft:cooked_porkchop":15,"minecraft:shield":10,"minecraft:iron_sword":1014,"minecraft:nether_bricks":2,"minecraft:obsidian":42,"minecraft:stone_bricks":111,"minecraft:dark_oak_stairs":1,"minecraft:stone_pickaxe":35,"minecraft:oak_planks":194,"minecraft:ender_pearl":1,"minecraft:blue_bed":4,"minecraft:diamond_axe":198,"alexscaves:cave_book":1,"stalwart_dungeons:nether_keeper_spawn_egg":1,"minecraft:bread":17,"tombstone:grave_key":9,"minecraft:gravel":67,"tombstone:decorative_subaraki_grave":28,"minecraft:experience_bottle":2,"sophisticatedbackpacks:iron_backpack":1,"minecraft:flint_and_steel":1,"iceandfire:armor_white_helmet":1,"minecraft:spruce_planks":12,"minecraft:dirt":217,"bettermobs:capivara_spawn_egg":19,"iceandfire:armor_silver_metal_helmet":1,"minecraft:iron_hoe":23,"alexscaves:spelunkery_table":8,"minecraft:golden_carrot":8,"minecraft:soul_soil":83,"minecraft:cooked_beef":10,"minecraft:iron_leggings":1,"minecraft:cooked_mutton":1,"minecraft:baked_potato":66,"luminousworld:ishstone":2,"minecraft:stone_axe":119,"minecraft:fishing_rod":106,"minecraft:turtle_helmet":2,"minecraft:bucket":140,"alexsmobs:animal_dictionary":2,"minecraft:splash_potion":11},"minecraft:crafted":{"minecraft:smooth_stone":1,"iceandfire:armor_silver_metal_chestplate":1,"stalwart_dungeons:tungsten_hammer":1,"minecraft:cooked_porkchop":15,"iceandfire:armor_white_helmet":1,"minecraft:iron_pickaxe":1,"iceandfire:armor_white_chestplate":1,"minecraft:gold_ingot":210,"minecraft:netherite_ingot":1,"iceandfire:silver_sword":1,"hangglider:glider_framework":1,"hangglider:glider_wing":2,"minecraft:diamond":54,"minecraft:stone_pickaxe":1,"iceandfire:armor_silver_metal_boots":1,"luminousworld:autumnplank":28,"sophisticatedbackpacks:gold_backpack":2,"securitycraft:cobblestone_mine":2,"iceandfire:armor_white_leggings":1,"iceandfire:silver_pickaxe":1,"securitycraft:mine":18,"minecraft:oak_planks":256,"hangglider:hang_glider":1,"minecraft:stone":1,"minecraft:chest":5,"minecraft:crafting_table":2,"minecraft:spruce_planks":48,"minecraft:wooden_pickaxe":1,"minecraft:baked_potato":68,"minecraft:birch_planks":48,"minecraft:paper":3,"minecraft:diamond_pickaxe":1,"sophisticatedbackpacks:diamond_backpack":2,"minecraft:stick":116,"minecraft:iron_ingot":75,"minecraft:stone_sword":1,"stalwart_dungeons:tungsten_leggings":1,"minecraft:furnace":2,"alexscaves:cave_map":1,"minecraft:leather":4,"minecraft:iron_hoe":1,"minecraft:netherite_scrap":1,"sophisticatedbackpacks:iron_backpack":2,"stalwart_dungeons:tungsten_ingot":14,"minecraft:cooked_beef":10,"minecraft:diamond_sword":1,"iceandfire:silver_ingot":34,"minecraft:stone_axe":1,"minecraft:air":0,"iceandfire:armor_silver_metal_helmet":2,"stalwart_dungeons:tungsten_chestplate":1,"minecraft:torch":124},"minecraft:killed_by":{"minecraft:vindicator":9,"minecraft:zombie":5,"minecraft:vex":1,"takesapillage:skirmisher":2,"illagerinvasion:inquisitor":1,"minecraft:wither_skeleton":14,"illagerinvasion:basher":1,"born_in_chaos_v1:zombie_bruiser":1,"iceandfire:dread_ghoul":2,"undead_revamp2:bomber":1,"minecraft:player":2,"takesapillage:legioner":2,"iceandfire:dread_knight":5,"minecraft:skeleton":3,"minecraft:phantom":1,"illagerinvasion:provoker":2},"minecraft:custom":{"minecraft:interact_with_crafting_table":47,"minecraft:open_barrel":99,"minecraft:eat_cake_slice":4,"minecraft:leave_game":14,"minecraft:time_since_death":22450,"minecraft:damage_blocked_by_shield":290,"minecraft:play_time":805648,"minecraft:deaths":64,"tombstone:tomb_raiding":2,"minecraft:jump":5958,"minecraft:enchant_item":2,"minecraft:interact_with_furnace":79,"minecraft:sleep_in_bed":37,"tombstone:sneak_grave":7,"minecraft:damage_dealt":133328,"tombstone:undead_killed":242,"minecraft:interact_with_smoker":2,"minecraft:interact_with_anvil":22,"minecraft:damage_dealt_absorbed":57,"minecraft:sneak_time":17382,"minecraft:total_world_time":805648,"tombstone:raider_killed":100,"tombstone:pray_on_grave":1,"minecraft:time_since_rest":21496,"minecraft:swim_one_cm":59779,"minecraft:fly_one_cm":1491405,"minecraft:open_chest":402,"minecraft:fall_one_cm":178133,"minecraft:damage_resisted":72,"minecraft:sprint_one_cm":1665208,"minecraft:drop":338,"minecraft:talked_to_villager":4,"minecraft:interact_with_brewingstand":8,"minecraft:walk_on_water_one_cm":115724,"minecraft:interact_with_loom":40,"minecraft:open_enderchest":2,"minecraft:player_kills":8,"minecraft:crouch_one_cm":36803,"tombstone:villager_killed":1,"minecraft:mob_kills":511,"minecraft:interact_with_campfire":8,"minecraft:damage_dealt_resisted":13352,"minecraft:climb_one_cm":32376,"minecraft:walk_one_cm":2001574,"minecraft:walk_under_water_one_cm":126418,"minecraft:raid_trigger":1,"minecraft:damage_taken":30564,"minecraft:damage_absorbed":1623,"minecraft:trigger_trapped_chest":2},"minecraft:mined":{"minecraft:dark_oak_planks":3,"minecraft:black_terracotta":2,"luminousworld:autumnleaves":1,"minecraft:red_nether_bricks":4,"minecraft:obsidian":5,"minecraft:granite":14,"minecraft:brown_wool":3,"minecraft:deepslate_bricks":5,"minecraft:spawner":26,"minecraft:polished_blackstone_bricks":19,"minecraft:magma_block":1,"minecraft:fire":47,"minecraft:stripped_dark_oak_wood":2,"minecraft:nether_brick_stairs":1,"minecraft:water_cauldron":1,"minecraft:dirt_path":1,"minecraft:deepslate_brick_stairs":1,"minecraft:spruce_wood":7,"minecraft:soul_fire":4,"minecraft:amethyst_cluster":6,"born_in_chaos_v1:infected_deepslate_diamond_ore":1,"minecraft:torch":16,"minecraft:nether_brick_slab":1,"iceandfire:sapphire_ore":4,"minecraft:sugar_cane":5,"minecraft:amethyst_block":2,"minecraft:tinted_glass":8,"minecraft:yellow_glazed_terracotta":2,"minecraft:grass":32,"luminousworld:grassvariant_3":1,"stalwart_dungeons:pusher":5,"born_in_chaos_v1:infernal_evil_pumpkin_s":1,"minecraft:deepslate":119,"minecraft:dark_prismarine":5,"iceandfire:silver_ore":3,"minecraft:mossy_cobblestone":6,"stalwart_dungeons:soul_bricks":30,"minecraft:nether_bricks":2,"minecraft:spruce_fence":5,"luminousworld:grassvariant_2":9,"minecraft:redstone_ore":6,"minecraft:waxed_oxidized_cut_copper":1,"minecraft:packed_mud":4,"luminousworld:mossbuds_3":1,"minecraft:potatoes":23,"minecraft:vine":1,"minecraft:oak_slab":2,"minecraft:soul_sand":1,"minecraft:brown_carpet":5,"minecraft:campfire":11,"luminousworld:auburnlog":7,"luminousworld:grassflowers":2,"minecraft:tall_grass":1,"minecraft:copper_ore":22,"minecraft:diorite":13,"stalwart_dungeons:tungsten_ore":21,"minecraft:purple_bed":7,"minecraft:spruce_log":6,"iceandfire:silver_pile":50,"luminousworld:ishstone":6,"minecraft:gravel":10,"minecraft:cobweb":13,"minecraft:stone_bricks":8,"minecraft:chipped_anvil":3,"minecraft:gold_ore":36,"minecraft:waxed_exposed_cut_copper":2,"minecraft:fern":4,"securitycraft:mine":2,"minecraft:large_amethyst_bud":1,"minecraft:spruce_planks":5,"luminousworld:yellowpetunias":6,"minecraft:cobbled_deepslate_stairs":1,"minecraft:brewing_stand":1,"minecraft:grass_block":16,"sophisticatedbackpacks:iron_backpack":1,"iceandfire:dread_spawner":1,"minecraft:soul_soil":5,"minecraft:mud_bricks":11,"minecraft:iron_ore":76,"minecraft:anvil":1,"minecraft:brown_bed":1,"minecraft:iron_bars":1,"minecraft:spruce_slab":3,"minecraft:deepslate_redstone_ore":5,"minecraft:cyan_terracotta":2,"supplementaries:book_pile":1,"stalwart_dungeons:soul_tiles":4,"minecraft:calcite":3,"iceandfire:ghost_chest":1,"minecraft:chest":3,"minecraft:nether_quartz_ore":6,"minecraft:cobblestone":146,"minecraft:oak_planks":4,"minecraft:wall_torch":26,"minecraft:deepslate_copper_ore":6,"minecraft:birch_log":12,"minecraft:tnt":2,"minecraft:oak_log":59,"minecraft:sand":3,"minecraft:dirt":18,"minecraft:netherrack":67,"minecraft:oak_leaves":36,"alexscaves:spelunkery_table":3,"minecraft:tuff":43,"minecraft:dark_oak_leaves":1,"minecraft:ladder":6,"luminousworld:mossbuds_2":1,"luminousworld:blackberrybush":1,"minecraft:spruce_leaves":19,"minecraft:large_fern":9,"minecraft:furnace":3,"luminousworld:yellow_grassflowers":2,"minecraft:stripped_spruce_log":4,"supplementaries:gunpowder":2,"minecraft:gold_block":1,"minecraft:bookshelf":61,"minecraft:deepslate_iron_ore":8,"minecraft:lantern":1,"minecraft:packed_ice":2,"minecraft:stone":116,"luminousworld:blueberrybush":2,"minecraft:crafting_table":7,"minecraft:oak_wood":1,"minecraft:lime_carpet":1,"minecraft:blue_bed":3,"supplementaries:urn":10,"minecraft:spruce_stairs":3,"minecraft:birch_planks":1,"minecraft:coal_ore":136,"minecraft:gray_carpet":1,"minecraft:cracked_stone_bricks":1,"minecraft:polished_andesite":2,"minecraft:small_dripleaf":1}},"DataVersion":3465}