{"stats":{"minecraft:custom":{"minecraft:mob_kills":20,"minecraft:interact_with_crafting_table":11,"minecraft:open_barrel":4,"minecraft:interact_with_campfire":8,"minecraft:damage_dealt_resisted":160,"minecraft:leave_game":3,"minecraft:time_since_death":4531,"minecraft:sprint_one_cm":337306,"minecraft:walk_one_cm":212042,"minecraft:damage_blocked_by_shield":290,"minecraft:drop":42,"minecraft:damage_dealt_absorbed":57,"minecraft:play_time":63395,"minecraft:deaths":14,"minecraft:sneak_time":527,"minecraft:walk_under_water_one_cm":7361,"minecraft:jump":778,"minecraft:walk_on_water_one_cm":3951,"minecraft:total_world_time":63395,"minecraft:interact_with_furnace":3,"tombstone:raider_killed":6,"minecraft:sleep_in_bed":6,"minecraft:time_since_rest":2518,"minecraft:damage_taken":5048,"tombstone:sneak_grave":6,"minecraft:damage_dealt":5296,"minecraft:swim_one_cm":3202,"minecraft:fly_one_cm":137640,"minecraft:player_kills":1,"minecraft:open_chest":30,"minecraft:crouch_one_cm":1680,"tombstone:undead_killed":5,"minecraft:fall_one_cm":22173},"minecraft:dropped":{"minecraft:stick":4,"minecraft:item_frame":1,"minecraft:dirt":4,"minecraft:torch":4,"iceandfire:silver_sword":1,"minecraft:iron_shovel":1,"minecraft:dark_oak_planks":1,"minecraft:string":2,"luminousworld:clovers_1":1,"minecraft:bone":3,"minecraft:stone_sword":1,"minecraft:rotten_flesh":4,"minecraft:clay_ball":3,"minecraft:spruce_fence":10,"minecraft:chainmail_chestplate":1,"minecraft:deepslate_bricks":4,"minecraft:potato":12,"iceandfire:silver_ingot":5,"minecraft:chainmail_boots":1,"minecraft:stone_bricks":1,"minecraft:wooden_pickaxe":1,"minecraft:stone_pickaxe":1},"minecraft:broken":{"minecraft:shield":1},"minecraft:used":{"iceandfire:silver_sword":124,"minecraft:spruce_planks":12,"minecraft:shield":10,"minecraft:torch":4,"minecraft:dirt":4,"minecraft:stripped_spruce_log":2,"minecraft:iron_axe":43,"minecraft:stone_bricks":1,"friendsandfoes:totem_of_freezing":1,"tombstone:gift":6,"minecraft:potato":20,"minecraft:cooked_mutton":1,"minecraft:stone_pickaxe":35,"minecraft:baked_potato":8,"minecraft:oak_planks":4,"minecraft:wooden_pickaxe":15,"minecraft:blue_bed":3,"minecraft:deepslate_bricks":1,"minecraft:mossy_cobblestone":1,"minecraft:crafting_table":3,"iceandfire:armor_silver_metal_chestplate":1,"iceandfire:silver_pickaxe":63,"minecraft:bread":12,"minecraft:stone_axe":1,"minecraft:cobblestone":10,"alexsmobs:animal_dictionary":1,"minecraft:experience_bottle":1},"minecraft:picked_up":{"minecraft:crafting_table":3,"minecraft:allium":2,"illagerinvasion:platinum_chunk":2,"minecraft:chainmail_boots":1,"minecraft:clay_ball":3,"minecraft:leather_leggings":1,"minecraft:gold_block":1,"minecraft:shield":1,"minecraft:string":2,"minecraft:item_frame":1,"minecraft:iron_shovel":1,"minecraft:experience_bottle":1,"minecraft:spruce_planks":1,"iceandfire:dread_shard":13,"minecraft:sugar_cane":11,"minecraft:stick":2,"iceandfire:dragonbone":25,"minecraft:torch":3,"minecraft:spruce_fence":7,"minecraft:brown_carpet":5,"minecraft:dark_oak_planks":1,"iceandfire:dragon_skull_ice":1,"iceandfire:silver_ingot":8,"minecraft:arrow":2,"minecraft:rotten_flesh":4,"minecraft:deepslate_bricks":5,"minecraft:gold_ingot":1,"minecraft:cobblestone":24,"iceandfire:sapphire_gem":1,"minecraft:brown_wool":3,"minecraft:golden_leggings":1,"minecraft:potato":18,"minecraft:oak_log":12,"minecraft:chainmail_chestplate":2,"minecraft:blue_bed":4,"minecraft:dirt":8,"minecraft:cooked_mutton":1,"minecraft:bone":4,"minecraft:stone_bricks":2,"minecraft:bow":1,"friendsandfoes:totem_of_freezing":1,"minecraft:book":18,"luminousworld:clovers_1":1,"minecraft:sweet_berries":3,"minecraft:stripped_spruce_log":2,"minecraft:spruce_log":6,"minecraft:mossy_cobblestone":1,"iceandfire:silver_sword":2,"minecraft:emerald":4,"minecraft:bread":4,"minecraft:baked_potato":8,"iceandfire:silver_nugget":222,"minecraft:coal":38},"minecraft:crafted":{"minecraft:oak_planks":48,"iceandfire:armor_silver_metal_chestplate":1,"minecraft:stone_pickaxe":1,"iceandfire:armor_silver_metal_boots":1,"iceandfire:silver_ingot":24,"minecraft:crafting_table":1,"minecraft:spruce_planks":24,"minecraft:wooden_pickaxe":1,"minecraft:stone_axe":1,"iceandfire:armor_silver_metal_helmet":1,"minecraft:stick":36,"minecraft:stone_sword":1,"minecraft:gold_ingot":9,"minecraft:torch":36,"iceandfire:silver_pickaxe":1,"iceandfire:silver_sword":1},"minecraft:mined":{"minecraft:dark_oak_planks":1,"minecraft:spruce_planks":2,"minecraft:mossy_cobblestone":1,"minecraft:grass_block":4,"minecraft:spruce_fence":5,"minecraft:brown_wool":3,"luminousworld:grassvariant_2":1,"iceandfire:dread_spawner":1,"minecraft:deepslate_bricks":5,"minecraft:spruce_leaves":1,"minecraft:stripped_spruce_log":2,"minecraft:gold_block":1,"minecraft:bookshelf":6,"minecraft:potatoes":4,"minecraft:deepslate_brick_stairs":1,"minecraft:stone":21,"minecraft:brown_carpet":5,"minecraft:crafting_table":3,"iceandfire:sapphire_ore":1,"minecraft:cobblestone":4,"minecraft:sugar_cane":3,"minecraft:blue_bed":3,"minecraft:spruce_log":6,"minecraft:oak_log":12,"minecraft:coal_ore":40,"iceandfire:silver_pile":35,"minecraft:gravel":2,"minecraft:dirt":5,"minecraft:cobweb":1,"minecraft:stone_bricks":2},"minecraft:killed":{"minecraft:vindicator":2,"luminousworld:frost_bitten_skeleton":2,"born_in_chaos_v1:maggot":1,"iceandfire:dread_knight":1,"iceandfire:dread_thrall":1,"friendsandfoes:iceologer":1,"minecraft:pillager":2,"iceandfire:dread_ghoul":1,"takesapillage:archer":1},"minecraft:killed_by":{"takesapillage:legioner":2,"takesapillage:skirmisher":2,"iceandfire:dread_ghoul":2,"iceandfire:dread_knight":5}},"DataVersion":3465}