{"stats":{"minecraft:killed":{"undead_revamp2:theimmortal":1,"born_in_chaos_v1:zombie_lumberjack":1,"minecraft:spider":1,"minecraft:skeleton":1,"ecologics:coconut_crab":1,"undead_revamp2:sucker":2,"born_in_chaos_v1:bonescaller":1,"born_in_chaos_v1:baby_skeleton":1,"luminousworld:savannah_skeleton":1,"undead_revamp2:thesomnolence":1,"iceandfire:ghost":2,"born_in_chaos_v1:corpse_fly":1,"born_in_chaos_v1:door_knight":1},"minecraft:used":{"minecraft:moss_block":1,"minecraft:shield":2,"minecraft:spruce_planks":27,"minecraft:iron_sword":8,"vanillaplustools:stone_hammer":55,"minecraft:rotten_flesh":5,"minecraft:torch":11,"minecraft:dirt":1,"minecraft:white_carpet":1,"minecraft:carrot":14,"minecraft:yellow_carpet":1,"minecraft:dark_oak_planks":16,"minecraft:iron_axe":9,"minecraft:packed_mud":25,"minecraft:barrel":3,"tombstone:gift":8,"minecraft:potato":14,"minecraft:acacia_planks":16,"minecraft:light_blue_carpet":1,"minecraft:gray_carpet":1,"minecraft:stone_pickaxe":1,"minecraft:mangrove_planks":4,"minecraft:wooden_pickaxe":26,"minecraft:golden_apple":1,"minecraft:orange_carpet":1,"minecraft:crafting_table":1,"minecraft:suspicious_stew":2,"minecraft:iron_pickaxe":24,"minecraft:stone_axe":64,"ecologics:coconut_slice":2,"born_in_chaos_v1:mesh_door":2,"quark:dark_oak_chest":2,"minecraft:cobblestone":137,"minecraft:purple_carpet":12,"minecraft:experience_bottle":14},"minecraft:mined":{"minecraft:dark_oak_planks":8,"minecraft:spruce_planks":4,"iceandfire:silver_ore":1,"minecraft:light_blue_carpet":1,"minecraft:glow_lichen":2,"minecraft:acacia_log":2,"minecraft:yellow_carpet":1,"ecologics:coconut_log":14,"minecraft:mud_bricks":1,"minecraft:sandstone":51,"luminousworld:savanna_grass_2":1,"minecraft:spawner":1,"minecraft:tall_seagrass":2,"minecraft:packed_mud":32,"minecraft:carrots":1,"minecraft:stripped_dark_oak_wood":9,"minecraft:mossy_stone_brick_stairs":3,"minecraft:bookshelf":6,"minecraft:potatoes":3,"minecraft:purple_carpet":12,"minecraft:black_candle":2,"minecraft:spruce_wood":11,"minecraft:stone":191,"born_in_chaos_v1:mesh_door":1,"luminousworld:savannah_soil":23,"minecraft:acacia_leaves":2,"ecologics:pot":1,"quark:dark_oak_chest":1,"minecraft:crafting_table":1,"minecraft:mangrove_wood":3,"luminousworld:savannah_grass_1":1,"minecraft:cobblestone":16,"minecraft:lily_pad":1,"minecraft:diorite":17,"minecraft:wall_torch":1,"minecraft:orange_carpet":1,"minecraft:purple_wool":1,"minecraft:dark_oak_slab":1,"minecraft:mud":4,"minecraft:white_carpet":1,"luminousworld:bao_bob_log":5,"minecraft:mangrove_leaves":5,"minecraft:grass":1,"minecraft:gravel":2,"minecraft:sand":4,"minecraft:dirt":1,"minecraft:gray_carpet":1,"minecraft:cracked_stone_bricks":4,"minecraft:acacia_planks":15,"luminousworld:savannah_grass_4":2,"luminousworld:elephant_grass":1,"minecraft:mossy_stone_bricks":4,"luminousworld:savannah_ground":2},"minecraft:killed_by":{"undead_revamp2:thewolf":1,"mutantmonsters:mutant_zombie":1,"born_in_chaos_v1:baby_skeleton_minion":1,"minecraft:wither_skeleton":8,"quark:toretoise":1,"enemyexpansion:sprinter":1,"minecraft:skeleton":10,"undead_revamp2:thesmoker":1},"minecraft:picked_up":{"minecraft:mud":3,"luminousworld:groundpebbles_1":1,"minecraft:crafting_table":1,"quark:dark_oak_chest":1,"minecraft:string":4,"born_in_chaos_v1:mesh_door":2,"aether:diamond_gloves":1,"minecraft:white_carpet":1,"minecraft:cracked_stone_bricks":4,"minecraft:spruce_planks":4,"ecologics:coconut_slab":2,"ecologics:crab_claw":1,"minecraft:sandstone":51,"minecraft:stick":4,"ecologics:coconut_slice":2,"minecraft:acacia_log":2,"minecraft:bowl":2,"minecraft:torch":12,"luminousworld:savannah_soil":23,"tombstone:grave_dust":1,"minecraft:diorite":14,"minecraft:carrot":14,"minecraft:dark_oak_planks":8,"minecraft:arrow":3,"minecraft:rotten_flesh":5,"ecologics:coconut_log":13,"minecraft:stripped_dark_oak_wood":7,"supplementaries:ash":2,"minecraft:cobblestone":208,"minecraft:mud_bricks":5,"minecraft:dark_oak_button":1,"minecraft:andesite":1,"minecraft:orange_carpet":1,"minecraft:potato":6,"minecraft:packed_mud":31,"minecraft:oak_log":2,"minecraft:lily_pad":1,"minecraft:gunpowder":2,"minecraft:dirt":1,"minecraft:purple_carpet":12,"minecraft:bone":4,"minecraft:acacia_planks":16,"minecraft:gray_carpet":1,"minecraft:spruce_wood":11,"minecraft:iron_ingot":4,"minecraft:stone_pickaxe":2,"minecraft:mossy_stone_bricks":4,"minecraft:moss_block":1,"minecraft:acacia_sapling":1,"minecraft:mossy_stone_brick_stairs":3,"minecraft:book":12,"minecraft:black_candle":7,"minecraft:dark_oak_slab":1,"minecraft:gravel":2,"minecraft:sand":39,"minecraft:spruce_log":2,"minecraft:spider_eye":1,"minecraft:yellow_carpet":1,"minecraft:mangrove_wood":3,"minecraft:light_blue_carpet":1,"minecraft:golden_apple":5,"luminousworld:bao_bob_log":5,"minecraft:coal":1,"iceandfire:raw_silver":1},"minecraft:dropped":{"alexsmobs:animal_dictionary":1,"minecraft:suspicious_stew":2,"aether:diamond_gloves":1,"minecraft:stone_pickaxe":2},"minecraft:custom":{"minecraft:mob_kills":16,"minecraft:interact_with_crafting_table":25,"minecraft:open_barrel":20,"minecraft:damage_dealt_resisted":77,"minecraft:leave_game":1,"minecraft:time_since_death":18392,"minecraft:climb_one_cm":45344,"minecraft:sprint_one_cm":450406,"minecraft:walk_one_cm":350368,"minecraft:damage_blocked_by_shield":80,"minecraft:drop":6,"minecraft:play_time":177034,"minecraft:deaths":27,"minecraft:sneak_time":1930,"minecraft:walk_under_water_one_cm":152905,"minecraft:jump":2306,"minecraft:walk_on_water_one_cm":149391,"minecraft:total_world_time":177034,"minecraft:interact_with_furnace":17,"minecraft:time_since_rest":17756,"minecraft:damage_taken":8401,"minecraft:damage_absorbed":20,"minecraft:damage_dealt":4438,"minecraft:swim_one_cm":157859,"minecraft:fly_one_cm":355818,"minecraft:open_chest":56,"minecraft:crouch_one_cm":3908,"tombstone:undead_killed":11,"minecraft:fall_one_cm":64338},"minecraft:crafted":{"minecraft:oak_planks":8,"minecraft:barrel":3,"vanillaplustools:stone_hammer":1,"ecologics:coconut_planks":32,"quark:dark_oak_chest":1,"minecraft:iron_axe":1,"minecraft:stone_pickaxe":10,"luminousworld:baobab_slab":3,"minecraft:oak_button":1,"minecraft:dark_oak_planks":28,"minecraft:crafting_table":1,"minecraft:spruce_planks":36,"minecraft:iron_sword":1,"minecraft:mangrove_planks":4,"minecraft:stone_axe":1,"minecraft:shield":1,"minecraft:stick":36,"minecraft:iron_pickaxe":2,"minecraft:stone_sword":1,"minecraft:acacia_planks":8,"luminousworld:baobab_plank":20}},"DataVersion":3465}