{"stats":{"minecraft:killed":{"born_in_chaos_v1:zombie_clown":1,"earthmobsmod:duck":1,"born_in_chaos_v1:restless_spirit":3,"born_in_chaos_v1:zombie_lumberjack":2,"minecraft:spider":3,"undead_revamp2:thesmoker":1,"iceandfire:stymphalian_bird":1,"minecraft:skeleton":6,"ecologics:coconut_crab":1,"undead_revamp2:therod":1,"enemyexpansion:vampflyer":1,"born_in_chaos_v1:bonescaller":1,"born_in_chaos_v1:diamond_termite":1,"aether:phyg":1,"minecraft:sheep":1,"born_in_chaos_v1:zombie_fisherman":1,"luminousworld:savannah_skeleton":9,"minecraft:zombie":6,"born_in_chaos_v1:dread_hound":4,"born_in_chaos_v1:corpse_fly":14,"enemyexpansion:botfly":2,"born_in_chaos_v1:door_knight":1,"enemyexpansion:wasp":1,"minecraft:cow":8,"aether:mimic":1,"undead_revamp2:theimmortal":1,"enemyexpansion:intruder":1,"enemyexpansion:direwolf":5,"born_in_chaos_v1:zombie_bruiser":2,"born_in_chaos_v1:maggot":9,"luminousworld:swamp_skeleton":2,"undead_revamp2:sucker":5,"luminousworld:savannah_zombie":6,"born_in_chaos_v1:barrel_zombie":2,"mowziesmobs:baby_foliaath":1,"born_in_chaos_v1:baby_skeleton":3,"born_in_chaos_v1:swarmer":1,"undead_revamp2:the_moonflower":3,"born_in_chaos_v1:bloody_gadfly":1,"undead_revamp2:thesomnolence":3,"iceandfire:ghost":2,"luminousworld:swamp_zombie":2,"alexsmobs:gazelle":1},"minecraft:killed_by":{"undead_revamp2:thewolf":1,"mutantmonsters:mutant_zombie":1,"minecraft:wither_skeleton":8,"born_in_chaos_v1:corpse_fly":1,"enemyexpansion:sprinter":1,"minecraft:zombie":1,"undead_revamp2:thesmoker":1,"iceandfire:fire_dragon":1,"minecraft:husk":1,"born_in_chaos_v1:baby_skeleton_minion":1,"quark:toretoise":1,"undead_revamp2:thespitter":1,"minecraft:skeleton":10,"enemyexpansion:wasp":1},"minecraft:mined":{"luminousworld:white_petunias":1,"minecraft:dark_oak_planks":8,"minecraft:spruce_planks":5,"aether:cold_aercloud":6,"minecraft:farmland":1,"iceandfire:copper_pile":18,"sophisticatedbackpacks:gold_backpack":5,"minecraft:granite":35,"minecraft:light_blue_carpet":1,"minecraft:spruce_trapdoor":7,"minecraft:acacia_log":3,"minecraft:grass_block":8,"minecraft:yellow_carpet":1,"minecraft:jungle_log":2,"ecologics:coconut_leaves":1,"minecraft:mud_bricks":1,"luminousworld:savanna_grass_2":4,"minecraft:spawner":1,"minecraft:tall_seagrass":5,"minecraft:iron_ore":36,"minecraft:cobbled_deepslate":3,"minecraft:stripped_dark_oak_wood":9,"minecraft:purple_carpet":12,"minecraft:black_candle":2,"minecraft:spruce_wood":11,"ad_astra:fuel_refinery":1,"quark:red_corundum_cluster":1,"aether:holystone":7,"ecologics:pot":1,"minecraft:melon_stem":2,"minecraft:blue_stained_glass":1,"iceandfire:myrmex_desert_resin_glass":1,"minecraft:dark_oak_wood":9,"minecraft:melon":8,"minecraft:glass":3,"minecraft:cobblestone":23,"minecraft:wall_torch":1,"minecraft:seagrass":2,"minecraft:dark_oak_slab":1,"minecraft:mud":4,"minecraft:birch_log":6,"minecraft:wheat":70,"aether:golden_aercloud":10,"luminousworld:bao_bob_log":37,"minecraft:stone_brick_stairs":1,"minecraft:grass":8,"minecraft:oak_log":22,"minecraft:acacia_fence":3,"minecraft:sand":324,"minecraft:dirt":4,"aether:ambrosium_ore":10,"luminousworld:savannah_grass_4":4,"minecraft:oak_leaves":21,"minecraft:deepslate":16,"quark:red_corundum":4,"luminousworld:savannah_ground":6,"minecraft:dark_prismarine":8,"iceandfire:silver_ore":1,"ecologics:coconut_planks":2,"minecraft:mossy_cobblestone":6,"minecraft:deepslate_diamond_ore":7,"minecraft:stripped_birch_log":1,"minecraft:mangrove_roots":1,"born_in_chaos_v1:infected_diamond_ore":1,"minecraft:glow_lichen":2,"minecraft:jungle_planks":2,"born_in_chaos_v1:black_argillite":4,"luminousworld:whiteoakleaves":2,"ecologics:coconut_log":29,"minecraft:sandstone":52,"quark:jasper":2,"minecraft:hay_block":91,"minecraft:packed_mud":32,"minecraft:carrots":1,"minecraft:acacia_wood":15,"minecraft:andesite":95,"minecraft:mossy_stone_brick_stairs":3,"minecraft:bookshelf":6,"aether:skyroot_log":4,"minecraft:potatoes":3,"minecraft:deepslate_iron_ore":3,"minecraft:vine":2,"minecraft:stone":994,"sophisticatedbackpacks:backpack":2,"born_in_chaos_v1:mesh_door":1,"luminousworld:savannah_soil":46,"minecraft:acacia_leaves":7,"minecraft:glass_pane":2,"quark:dark_oak_chest":1,"minecraft:observer":1,"minecraft:crafting_table":2,"minecraft:mangrove_wood":3,"luminousworld:savannah_grass_1":4,"minecraft:tall_grass":10,"minecraft:lapis_ore":2,"minecraft:lily_pad":2,"quark:black_corundum":1,"minecraft:diorite":85,"minecraft:orange_carpet":1,"supplementaries:urn":4,"aether:skyroot_leaves":2,"minecraft:purple_wool":1,"minecraft:white_carpet":1,"minecraft:spruce_log":1,"minecraft:mangrove_leaves":5,"minecraft:coal_ore":38,"luminousworld:ishstone":66,"minecraft:sunflower":1,"minecraft:gravel":5,"minecraft:gray_carpet":1,"minecraft:cobweb":7,"minecraft:cracked_stone_bricks":4,"minecraft:acacia_planks":24,"minecraft:stripped_acacia_wood":1,"luminousworld:elephant_grass":2,"minecraft:mossy_stone_bricks":4},"minecraft:used":{"minecraft:moss_block":1,"minecraft:iron_shovel":250,"minecraft:chest":1,"minecraft:shield":89,"minecraft:iron_sword":329,"luminousworld:savannah_ground":3,"ecologics:coconut_planks":46,"minecraft:rotten_flesh":5,"artifacts:umbrella":159,"minecraft:carrot":14,"minecraft:acacia_sapling":1,"born_in_chaos_v1:corpse_maggot":12,"minecraft:packed_mud":25,"minecraft:stone_brick_stairs":1,"minecraft:potato":14,"minecraft:light_blue_carpet":1,"minecraft:diorite":8,"minecraft:stone_pickaxe":1,"minecraft:gray_carpet":1,"minecraft:mangrove_planks":4,"minecraft:oak_planks":81,"minecraft:wooden_pickaxe":26,"minecraft:golden_apple":1,"minecraft:sand":176,"sophisticatedbackpacks:backpack":2,"minecraft:bread":57,"ad_astra:fuel_bucket":1,"minecraft:gravel":2,"ecologics:coconut_slice":8,"minecraft:wooden_sword":37,"born_in_chaos_v1:mesh_door":2,"born_in_chaos_v1:rotten_fish":1,"minecraft:oak_boat":1,"ad_astra:fuel_refinery":1,"minecraft:cobweb":5,"minecraft:experience_bottle":20,"minecraft:tropical_fish":1,"minecraft:spruce_planks":27,"vanillaplustools:stone_hammer":175,"minecraft:torch":30,"minecraft:dirt":2,"minecraft:white_carpet":1,"minecraft:yellow_carpet":1,"iceandfire:myrmex_desert_resin_glass":1,"minecraft:dark_oak_planks":52,"minecraft:iron_axe":228,"minecraft:barrel":4,"luminousworld:savannah_soil":12,"tombstone:gift":11,"aether:skyroot_planks":8,"minecraft:cooked_beef":3,"minecraft:cobbled_deepslate":30,"minecraft:acacia_planks":16,"aether:holystone":2,"aether:cold_parachute":1,"sophisticatedbackpacks:gold_backpack":5,"minecraft:water_bucket":2,"minecraft:birch_planks":32,"quark:cobblestone_bricks":116,"minecraft:salmon":2,"minecraft:orange_carpet":1,"minecraft:crafting_table":5,"minecraft:cod":2,"minecraft:painting":14,"minecraft:spruce_log":2,"tombstone:bag_of_seeds":2,"minecraft:dark_prismarine":8,"minecraft:chicken":1,"minecraft:iron_pickaxe":245,"minecraft:suspicious_stew":2,"minecraft:oak_button":2,"minecraft:spruce_trapdoor":7,"minecraft:stone_axe":64,"quark:dark_oak_chest":2,"minecraft:cobblestone":277,"aether:golden_parachute":2,"ecologics:coconut_log":4,"minecraft:bucket":7,"born_in_chaos_v1:wood_splitter_axe":84,"minecraft:purple_carpet":12},"minecraft:crafted":{"minecraft:oak_planks":96,"minecraft:barrel":3,"hangglider:hang_glider":1,"sophisticatedbackpacks:crafting_upgrade":1,"minecraft:diamond_helmet":1,"minecraft:diamond_leggings":1,"sophisticatedbackpacks:copper_backpack":1,"minecraft:oak_button":2,"sophisticatedbackpacks:backpack":1,"minecraft:crafting_table":4,"minecraft:spruce_planks":40,"minecraft:copper_ingot":26,"minecraft:birch_planks":32,"sophisticatedbackpacks:upgrade_base":1,"minecraft:charcoal":26,"minecraft:shield":1,"minecraft:stick":64,"minecraft:iron_ingot":40,"minecraft:iron_pickaxe":2,"minecraft:stone_sword":1,"minecraft:gold_ingot":2,"hangglider:glider_framework":2,"minecraft:wooden_sword":1,"vanillaplustools:stone_hammer":2,"ecologics:coconut_planks":76,"ad_astra:fan":1,"minecraft:furnace":9,"hangglider:glider_wing":2,"quark:dark_oak_chest":1,"quark:acacia_chest":5,"ad_astra:steel_block":2,"minecraft:iron_axe":2,"quark:cobblestone_bricks":256,"ad_astra:steel_rod":12,"minecraft:stone_pickaxe":20,"luminousworld:baobab_slab":3,"minecraft:diamond_boots":1,"minecraft:dark_oak_planks":64,"aether:cold_parachute":1,"aether:skyroot_planks":16,"minecraft:wheat":324,"sophisticatedbackpacks:iron_backpack":1,"ad_astra:steel_engine":1,"minecraft:iron_sword":2,"sophisticatedbackpacks:gold_backpack":1,"minecraft:mangrove_planks":4,"minecraft:bucket":6,"minecraft:stone_axe":1,"minecraft:bread":64,"minecraft:jungle_planks":8,"minecraft:oak_boat":1,"ad_astra:engine_frame":1,"minecraft:iron_shovel":1,"minecraft:acacia_planks":36,"ad_astra:fuel_refinery":1,"minecraft:torch":32,"luminousworld:baobab_plank":72,"minecraft:diamond_chestplate":1},"minecraft:broken":{"minecraft:iron_shovel":1,"minecraft:iron_sword":1,"minecraft:shield":1,"aether:cold_parachute":1,"minecraft:iron_axe":1},"minecraft:custom":{"minecraft:animals_bred":6,"minecraft:interact_with_crafting_table":68,"minecraft:open_barrel":105,"minecraft:leave_game":11,"minecraft:time_since_death":56592,"minecraft:damage_resisted":23,"minecraft:sprint_one_cm":1058421,"minecraft:damage_blocked_by_shield":4005,"minecraft:drop":79,"minecraft:talked_to_villager":7,"minecraft:play_time":630379,"minecraft:deaths":37,"minecraft:jump":6323,"minecraft:walk_on_water_one_cm":208415,"minecraft:interact_with_furnace":61,"minecraft:sleep_in_bed":14,"minecraft:damage_dealt":25731,"minecraft:crouch_one_cm":13403,"tombstone:undead_killed":59,"minecraft:interact_with_smoker":2,"minecraft:mob_kills":126,"minecraft:damage_dealt_resisted":116,"minecraft:climb_one_cm":68076,"minecraft:walk_one_cm":1354250,"minecraft:sneak_time":6583,"minecraft:walk_under_water_one_cm":201460,"minecraft:boat_one_cm":310680,"minecraft:total_world_time":630379,"minecraft:time_since_rest":36854,"minecraft:damage_absorbed":20,"minecraft:damage_taken":21937,"minecraft:swim_one_cm":183760,"minecraft:fly_one_cm":2193665,"minecraft:open_chest":147,"minecraft:fall_one_cm":201594},"minecraft:picked_up":{"minecraft:wheat":140,"minecraft:prismarine_shard":3,"artifacts:umbrella":1,"minecraft:enchanted_book":2,"minecraft:stone_brick_stairs":1,"born_in_chaos_v1:black_argillite":1,"minecraft:string":20,"born_in_chaos_v1:mesh_door":2,"minecraft:raw_copper":1,"aether:diamond_gloves":1,"minecraft:experience_bottle":6,"minecraft:gold_nugget":12,"minecraft:cobbled_deepslate":30,"minecraft:spruce_planks":5,"ad_astra:fuel_bucket":1,"minecraft:melon_slice":39,"ecologics:crab_claw":1,"minecraft:stick":9,"minecraft:acacia_fence":2,"minecraft:torch":17,"minecraft:acacia_log":3,"minecraft:porkchop":1,"luminousworld:savannah_soil":38,"tombstone:grave_dust":6,"minecraft:diorite":86,"minecraft:vine":1,"minecraft:lime_carpet":2,"minecraft:rotten_flesh":36,"luminousworld:yellow_grassflowers":1,"minecraft:tropical_fish":1,"supplementaries:antique_ink":3,"ecologics:coconut_log":28,"minecraft:mangrove_roots":1,"supplementaries:ash":2,"minecraft:cod":2,"minecraft:cobblestone":847,"minecraft:birch_log":7,"luminousworld:savannah_ground":4,"minecraft:feather":2,"minecraft:cooked_beef":3,"minecraft:andesite":95,"minecraft:jungle_log":2,"aether:golden_aercloud":8,"ecologics:coconut_planks":2,"minecraft:orange_carpet":1,"minecraft:potato":6,"minecraft:flint":3,"minecraft:lapis_lazuli":6,"minecraft:stripped_birch_log":1,"minecraft:dirt":2,"born_in_chaos_v1:monster_skin":4,"minecraft:purple_carpet":12,"minecraft:bone":11,"minecraft:acacia_planks":20,"minecraft:bow":2,"minecraft:wheat_seeds":62,"aether:holystone":7,"luminousworld:elephant_grass":1,"aether:cold_aercloud":5,"minecraft:mossy_stone_bricks":4,"minecraft:moss_block":1,"minecraft:pitcher_pod":3,"minecraft:mossy_stone_brick_stairs":3,"minecraft:poisonous_potato":1,"minecraft:sand":350,"minecraft:jungle_planks":2,"quark:red_corundum":4,"minecraft:barrel":1,"minecraft:dark_prismarine":8,"minecraft:bundle":1,"minecraft:yellow_carpet":1,"minecraft:diamond":7,"minecraft:mangrove_wood":3,"aether:ambrosium_shard":10,"minecraft:granite":30,"minecraft:golden_apple":5,"minecraft:emerald":3,"minecraft:bread":9,"born_in_chaos_v1:rotten_fish":1,"luminousworld:bao_bob_log":37,"iceandfire:raw_silver":1,"iceandfire:dragon_skull_lightning":1,"minecraft:crafting_table":2,"minecraft:cocoa_beans":4,"sophisticatedbackpacks:gold_backpack":5,"minecraft:mud":3,"luminousworld:groundpebbles_1":1,"born_in_chaos_v1:diamond_termite_shard":1,"minecraft:chicken":1,"minecraft:clay_ball":4,"minecraft:chain":2,"quark:dark_oak_chest":1,"aether:leather_gloves":1,"minecraft:moss_carpet":1,"born_in_chaos_v1:intoxicating_decoction":1,"minecraft:iron_shovel":1,"minecraft:item_frame":6,"minecraft:white_carpet":1,"minecraft:cracked_stone_bricks":4,"minecraft:beef":10,"born_in_chaos_v1:gnawed_bones":1,"minecraft:observer":1,"ecologics:coconut_slab":2,"minecraft:chest":1,"minecraft:spruce_trapdoor":7,"minecraft:raw_iron":39,"minecraft:sandstone":52,"iceandfire:dragonbone":13,"ecologics:coconut_slice":13,"minecraft:copper_ingot":4,"minecraft:bowl":2,"sophisticatedbackpacks:backpack":2,"born_in_chaos_v1:pieceofdarkmetal":1,"minecraft:carrot":14,"minecraft:dark_oak_planks":8,"aether:skyroot_log":4,"minecraft:arrow":9,"minecraft:beetroot_seeds":1,"born_in_chaos_v1:wood_splitter_axe":1,"minecraft:hay_block":91,"minecraft:stripped_dark_oak_wood":7,"tombstone:essence_of_undeath":1,"minecraft:gold_ingot":8,"born_in_chaos_v1:corpse_maggot":24,"minecraft:mud_bricks":5,"minecraft:dark_oak_button":1,"born_in_chaos_v1:monster_flesh":3,"minecraft:salmon":2,"luminousworld:ishstone":58,"minecraft:leather":14,"iceandfire:myrmex_desert_resin_glass":1,"minecraft:acacia_wood":14,"ad_astra:steel_tank":1,"minecraft:packed_mud":31,"quark:blue_shard":2,"minecraft:oak_log":28,"minecraft:lily_pad":2,"minecraft:gunpowder":5,"minecraft:gray_carpet":1,"minecraft:kelp":2,"mowziesmobs:foliaath_seed":1,"minecraft:spruce_wood":11,"minecraft:iron_ingot":21,"minecraft:stone_pickaxe":2,"tombstone:bag_of_seeds":2,"minecraft:acacia_sapling":2,"quark:black_corundum":1,"minecraft:book":13,"iceandfire:copper_nugget":150,"minecraft:dark_oak_slab":1,"minecraft:black_candle":7,"quark:red_corundum_cluster":1,"born_in_chaos_v1:ethereal_spirit":1,"minecraft:gravel":4,"minecraft:spruce_log":3,"minecraft:spider_eye":1,"minecraft:slime_ball":1,"minecraft:chainmail_leggings":1,"minecraft:light_blue_carpet":1,"minecraft:painting":13,"minecraft:melon_seeds":2,"minecraft:dark_oak_wood":9,"minecraft:coal":39,"minecraft:ender_pearl":1},"minecraft:dropped":{"aether:golden_parachute":1,"ecologics:coconut_slice":1,"minecraft:pitcher_pod":3,"minecraft:leather":1,"minecraft:jungle_planks":10,"minecraft:item_frame":5,"born_in_chaos_v1:monster_skin":1,"minecraft:gold_ingot":5,"hangglider:glider_framework":1,"minecraft:mangrove_roots":1,"alexsmobs:animal_dictionary":1,"minecraft:wheat":30,"minecraft:rotten_flesh":11,"artifacts:villager_hat":1,"aether:leather_gloves":2,"luminousworld:savannah_soil":3,"quark:blue_shard":2,"artifacts:umbrella":1,"minecraft:melon_seeds":2,"born_in_chaos_v1:corpse_maggot":10,"minecraft:arrow":1,"minecraft:acacia_fence":2,"minecraft:bread":8,"minecraft:vine":1,"minecraft:wheat_seeds":56,"aether:cold_aercloud":1,"mowziesmobs:foliaath_seed":1,"minecraft:cobblestone":21,"minecraft:observer":1,"minecraft:copper_ingot":1,"minecraft:diorite":64,"ad_astra:fuel_bucket":1,"luminousworld:savannah_ground":1,"minecraft:lime_carpet":2,"tombstone:grave_dust":1,"ad_astra:oil_bucket":1,"minecraft:iron_shovel":1,"minecraft:string":7,"minecraft:lily_pad":1,"minecraft:acacia_planks":4,"minecraft:moss_carpet":1,"minecraft:kelp":2,"minecraft:cocoa_beans":4,"minecraft:suspicious_stew":2,"minecraft:potato":2,"aether:diamond_gloves":1,"minecraft:spruce_planks":5,"minecraft:sandstone":1,"luminousworld:elephant_grass":1,"minecraft:stone_pickaxe":2}},"DataVersion":3465}