{"stats":{"minecraft:crafted":{"minecraft:wooden_sword":1,"minecraft:oak_planks":108,"minecraft:raw_iron":9,"minecraft:coal":54,"spartanshields:wooden_tower_shield":3,"spartanshields:stone_tower_shield":1,"minecraft:ladder":3,"minecraft:stone_pickaxe":3,"minecraft:chest":1,"minecraft:wheat":716,"rpgsmw:fabric":1,"minecraft:wooden_shovel":1,"minecraft:crafting_table":3,"spartanshields:iron_tower_shield":1,"minecraft:wooden_pickaxe":4,"minecraft:iron_sword":1,"minecraft:copper_ingot":9,"minecraft:mangrove_planks":24,"minecraft:stone_axe":2,"minecraft:bread":240,"minecraft:jungle_planks":12,"rpgsmw:iron_rifle":1,"minecraft:stick":56,"minecraft:iron_ingot":8,"minecraft:iron_pickaxe":2,"minecraft:gold_ingot":9,"minecraft:acacia_planks":12,"minecraft:torch":48},"minecraft:custom":{"minecraft:mob_kills":71,"minecraft:interact_with_crafting_table":38,"minecraft:open_barrel":2,"minecraft:eat_cake_slice":9,"minecraft:leave_game":2,"minecraft:time_since_death":2431,"minecraft:climb_one_cm":7221,"minecraft:sprint_one_cm":717220,"minecraft:walk_one_cm":675016,"minecraft:damage_blocked_by_shield":3180,"minecraft:drop":54,"minecraft:play_noteblock":2,"minecraft:talked_to_villager":14,"minecraft:play_time":267485,"minecraft:sneak_time":3406,"minecraft:deaths":24,"minecraft:walk_under_water_one_cm":71082,"minecraft:jump":4566,"minecraft:interact_with_blast_furnace":9,"minecraft:walk_on_water_one_cm":90283,"minecraft:total_world_time":267485,"minecraft:interact_with_furnace":11,"spartanshields:shield_bash_hits":34,"minecraft:sleep_in_bed":8,"minecraft:time_since_rest":2457,"minecraft:damage_taken":10993,"minecraft:trigger_trapped_chest":2,"minecraft:damage_dealt":14894,"minecraft:swim_one_cm":63250,"minecraft:player_kills":3,"minecraft:fly_one_cm":695316,"minecraft:open_chest":30,"minecraft:crouch_one_cm":3224,"minecraft:fall_one_cm":182135},"minecraft:killed_by":{"minecraft:husk":3,"minecraft:player":2,"alexsmobs:rocky_roller":1,"minecraft:creeper":3,"minecraft:skeleton":6,"minecraft:zombie":3,"iceandfire:ghost":1},"minecraft:broken":{"minecraft:golden_helmet":1,"minecraft:leather_leggings":1,"minecraft:wooden_pickaxe":1,"minecraft:stone_axe":1},"minecraft:used":{"alexsmobs:emu_egg":4,"minecraft:chest":1,"minecraft:iron_sword":215,"minecraft:wooden_shovel":29,"minecraft:rotten_flesh":12,"minecraft:netherrack":9,"simpletomb:grave_key":55,"minecraft:torch":41,"iceandfire:silver_ore":7,"minecraft:dirt":75,"minecraft:carrot":18,"spartanshields:wooden_tower_shield":4,"minecraft:oak_stairs":1,"minecraft:magma_block":1,"minecraft:bow":12,"minecraft:egg":2,"minecraft:cobbled_deepslate":48,"minecraft:acacia_planks":7,"minecraft:pointed_dripstone":6,"minecraft:calcite":2,"alexsmobs:raw_catfish":3,"minecraft:stone_pickaxe":88,"minecraft:mangrove_planks":11,"minecraft:oak_planks":15,"minecraft:wooden_pickaxe":87,"spartanshields:iron_tower_shield":68,"minecraft:white_wool":9,"minecraft:stripped_mangrove_wood":3,"minecraft:crafting_table":12,"minecraft:mushroom_stew":1,"minecraft:blast_furnace":1,"minecraft:note_block":1,"spartanshields:stone_tower_shield":25,"minecraft:dripstone_block":6,"minecraft:cake":1,"minecraft:black_wool":1,"minecraft:apple":6,"minecraft:bread":74,"minecraft:iron_pickaxe":334,"minecraft:stone_axe":154,"minecraft:wooden_sword":2,"minecraft:cobblestone":31,"minecraft:porkchop":8,"minecraft:andesite":17,"minecraft:pumpkin_pie":4,"alexsmobs:animal_dictionary":1},"minecraft:mined":{"minecraft:dark_oak_planks":2,"minecraft:waxed_cut_copper_slab":1,"minecraft:tuff":2,"minecraft:spruce_planks":2,"iceandfire:silver_ore":10,"epicsamurai:deepslate_onyx_ore":7,"minecraft:deepslate_diamond_ore":3,"epicsamurai:deepslate_ruby_ore":8,"minecraft:granite":1,"minecraft:acacia_log":3,"minecraft:grass_block":41,"minecraft:jungle_log":3,"iceandfire:deepslate_silver_ore":1,"minecraft:coal_block":6,"minecraft:spawner":3,"minecraft:hay_block":80,"epicsamurai:deepslate_jade_ore":1,"minecraft:raw_iron_block":1,"minecraft:magma_block":1,"minecraft:iron_ore":13,"minecraft:cobbled_deepslate":2,"minecraft:andesite":22,"minecraft:deepslate_lapis_ore":2,"minecraft:stripped_dark_oak_wood":1,"minecraft:gold_block":1,"minecraft:dark_oak_stairs":1,"minecraft:bookshelf":3,"minecraft:pointed_dripstone":5,"minecraft:deepslate_iron_ore":12,"minecraft:vine":3,"minecraft:oak_stairs":1,"epicsamurai:deepslate_silver_ore":5,"minecraft:stripped_mangrove_wood":10,"minecraft:stone":156,"minecraft:white_wool":6,"minecraft:orange_bed":1,"minecraft:deepslate_redstone_ore":4,"epicsamurai:deepslate_aquamarine_ore":1,"minecraft:crafting_table":13,"minecraft:note_block":1,"minecraft:blast_furnace":1,"minecraft:calcite":2,"minecraft:tall_grass":4,"minecraft:cobblestone":8,"minecraft:deepslate_gold_ore":12,"minecraft:lapis_ore":3,"minecraft:oak_planks":14,"minecraft:sugar_cane":4,"minecraft:birch_leaves":1,"minecraft:grass":19,"minecraft:oak_log":26,"minecraft:coal_ore":31,"minecraft:gravel":28,"minecraft:dirt":35,"minecraft:dripstone_block":10,"minecraft:cobweb":4,"minecraft:acacia_planks":2,"minecraft:netherrack":15,"minecraft:polished_deepslate_wall":1,"minecraft:oak_leaves":19,"minecraft:deepslate":103,"minecraft:fern":1},"minecraft:dropped":{"minecraft:bread":146,"minecraft:dark_oak_stairs":1,"minecraft:dripstone_block":3,"simpletomb:grave_key":5,"minecraft:oak_fence":3,"minecraft:cobblestone":20,"iceandfire:ectoplasm":3,"minecraft:mangrove_planks":1,"minecraft:leather_helmet":1,"minecraft:stick":2,"minecraft:oxeye_daisy":1,"spartanshields:stone_tower_shield":1,"minecraft:dirt":12,"minecraft:diorite":1,"minecraft:fire_charge":1,"minecraft:polished_andesite_stairs":1,"minecraft:glistering_melon_slice":2,"epicsamurai:aquamarine":1,"minecraft:string":3,"minecraft:cyan_carpet":1,"minecraft:bone":2,"minecraft:gravel":8,"alexsmobs:maggot":1,"minecraft:player_head":1,"minecraft:cobbled_deepslate":11,"minecraft:bowl":1,"minecraft:raw_iron":9,"minecraft:rotten_flesh":22,"minecraft:oak_planks":1,"minecraft:carrot":4,"minecraft:poppy":10,"minecraft:potato":1,"minecraft:gunpowder":1,"minecraft:spruce_planks":2,"minecraft:leather_boots":1,"minecraft:bamboo":4,"minecraft:arrow":1,"minecraft:wooden_pickaxe":1,"minecraft:netherrack":6,"iceandfire:dragon_skull_lightning":1},"minecraft:killed":{"minecraft:spider":2,"minecraft:skeleton":20,"minecraft:husk":5,"minecraft:pig":3,"minecraft:iron_golem":4,"minecraft:creeper":3,"minecraft:sheep":5,"alexsmobs:catfish":1,"minecraft:zombie":20,"iceandfire:ghost":2,"minecraft:cow":1},"minecraft:picked_up":{"iceandfire:dragon_skull_lightning":2,"minecraft:crafting_table":13,"minecraft:oak_stairs":1,"minecraft:gold_block":1,"minecraft:string":5,"minecraft:raw_copper":10,"epicsamurai:jade":1,"minecraft:cyan_carpet":1,"minecraft:cobbled_deepslate":75,"minecraft:gold_nugget":13,"minecraft:spruce_planks":2,"minecraft:beef":5,"rpgsmw:rawmiphrilignot":5,"minecraft:player_head":2,"minecraft:calcite":2,"minecraft:poppy":10,"minecraft:coal_block":6,"minecraft:sugar_cane":8,"minecraft:egg":2,"minecraft:stick":2,"minecraft:raw_iron":24,"iceandfire:dragonbone":45,"minecraft:stripped_mangrove_wood":9,"minecraft:oak_fence":3,"minecraft:torch":1,"minecraft:acacia_log":3,"iceandfire:silver_ore":9,"minecraft:note_block":1,"minecraft:porkchop":8,"minecraft:pointed_dripstone":10,"minecraft:diorite":1,"minecraft:carrot":4,"minecraft:redstone":18,"minecraft:orange_bed":1,"minecraft:arrow":24,"minecraft:rotten_flesh":34,"minecraft:beetroot_seeds":1,"minecraft:hay_block":80,"alexsmobs:emu_egg":4,"iceandfire:deepslate_silver_ore":1,"minecraft:obsidian":4,"minecraft:mutton":9,"minecraft:white_wool":9,"minecraft:cobblestone":165,"minecraft:oxeye_daisy":1,"minecraft:magma_block":1,"minecraft:andesite":22,"minecraft:jungle_log":3,"minecraft:potato":1,"minecraft:flint":1,"minecraft:oak_log":27,"iceandfire:ectoplasm":1,"minecraft:gunpowder":3,"simpletomb:grave_key":4,"minecraft:lapis_lazuli":37,"minecraft:dirt":106,"minecraft:bone":22,"minecraft:acacia_planks":2,"minecraft:apple":2,"minecraft:bow":1,"minecraft:wheat_seeds":1,"minecraft:raw_gold":12,"minecraft:iron_ingot":13,"epicsamurai:aquamarine":1,"epicsamurai:raw_silver":5,"minecraft:oak_planks":16,"minecraft:dark_oak_stairs":1,"minecraft:book":9,"epicsamurai:onyx":7,"minecraft:polished_andesite_stairs":1,"minecraft:raw_iron_block":1,"minecraft:dripstone_block":9,"minecraft:gravel":18,"minecraft:blast_furnace":1,"alexsmobs:raw_catfish":3,"minecraft:diamond":3,"epicsamurai:ruby":8,"minecraft:bread":16,"minecraft:netherrack":15,"alexsmobs:maggot":1,"minecraft:oak_sapling":7,"minecraft:black_wool":1,"minecraft:coal":31}},"DataVersion":3120}