{"stats":{"minecraft:picked_up":{"iceandfire:dragon_skull_lightning":2,"minecraft:crafting_table":9,"minecraft:gold_block":1,"minecraft:string":5,"minecraft:raw_copper":10,"epicsamurai:jade":1,"minecraft:cyan_carpet":1,"minecraft:cobbled_deepslate":33,"minecraft:gold_nugget":13,"minecraft:spruce_planks":2,"rpgsmw:rawmiphrilignot":5,"minecraft:calcite":2,"minecraft:poppy":10,"minecraft:coal_block":6,"iceandfire:dragonbone":45,"minecraft:stick":2,"minecraft:raw_iron":12,"minecraft:stripped_mangrove_wood":9,"minecraft:oak_fence":3,"minecraft:torch":1,"minecraft:acacia_log":2,"iceandfire:silver_ore":7,"minecraft:diorite":1,"minecraft:carrot":4,"minecraft:orange_bed":1,"minecraft:arrow":20,"minecraft:rotten_flesh":25,"minecraft:beetroot_seeds":1,"minecraft:hay_block":64,"alexsmobs:emu_egg":4,"iceandfire:deepslate_silver_ore":1,"minecraft:obsidian":4,"minecraft:cobblestone":121,"minecraft:oxeye_daisy":1,"minecraft:magma_block":1,"minecraft:jungle_log":3,"minecraft:andesite":17,"minecraft:potato":1,"minecraft:flint":1,"minecraft:oak_log":13,"iceandfire:ectoplasm":1,"simpletomb:grave_key":3,"minecraft:lapis_lazuli":37,"minecraft:dirt":102,"minecraft:bone":18,"minecraft:acacia_planks":2,"minecraft:apple":2,"minecraft:bow":1,"minecraft:wheat_seeds":1,"minecraft:raw_gold":8,"minecraft:iron_ingot":10,"epicsamurai:raw_silver":5,"minecraft:oak_planks":13,"minecraft:dark_oak_stairs":1,"minecraft:book":9,"epicsamurai:onyx":3,"minecraft:polished_andesite_stairs":1,"minecraft:dripstone_block":3,"minecraft:gravel":17,"minecraft:blast_furnace":1,"alexsmobs:raw_catfish":3,"minecraft:diamond":3,"minecraft:bread":16,"alexsmobs:maggot":1,"minecraft:oak_sapling":7,"minecraft:netherrack":15,"minecraft:coal":6},"minecraft:broken":{"minecraft:golden_helmet":1,"minecraft:leather_leggings":1,"minecraft:wooden_pickaxe":1},"minecraft:killed_by":{"minecraft:husk":3,"minecraft:player":2,"alexsmobs:rocky_roller":1,"minecraft:creeper":2,"minecraft:skeleton":5,"minecraft:zombie":2,"iceandfire:ghost":1},"minecraft:used":{"alexsmobs:emu_egg":4,"minecraft:iron_sword":215,"minecraft:wooden_shovel":29,"minecraft:rotten_flesh":3,"minecraft:netherrack":9,"simpletomb:grave_key":48,"minecraft:torch":41,"iceandfire:silver_ore":7,"minecraft:dirt":71,"minecraft:carrot":18,"minecraft:magma_block":1,"minecraft:bow":12,"minecraft:cobbled_deepslate":19,"minecraft:acacia_planks":7,"minecraft:calcite":2,"alexsmobs:raw_catfish":1,"minecraft:stone_pickaxe":68,"minecraft:mangrove_planks":11,"minecraft:oak_planks":15,"minecraft:wooden_pickaxe":66,"spartanshields:iron_tower_shield":68,"minecraft:stripped_mangrove_wood":3,"minecraft:crafting_table":9,"minecraft:mushroom_stew":1,"minecraft:blast_furnace":1,"spartanshields:stone_tower_shield":25,"minecraft:cake":1,"minecraft:apple":5,"minecraft:bread":53,"minecraft:iron_pickaxe":184,"minecraft:stone_axe":71,"minecraft:wooden_sword":2,"minecraft:cobblestone":25,"minecraft:andesite":17,"minecraft:pumpkin_pie":4,"alexsmobs:animal_dictionary":1},"minecraft:custom":{"minecraft:mob_kills":47,"minecraft:interact_with_crafting_table":22,"minecraft:open_barrel":2,"minecraft:eat_cake_slice":9,"minecraft:leave_game":1,"minecraft:time_since_death":9325,"minecraft:climb_one_cm":5790,"minecraft:sprint_one_cm":484007,"minecraft:walk_one_cm":497379,"minecraft:damage_blocked_by_shield":3040,"minecraft:drop":45,"minecraft:talked_to_villager":13,"minecraft:play_time":172369,"minecraft:deaths":19,"minecraft:sneak_time":2992,"minecraft:walk_under_water_one_cm":29821,"minecraft:jump":2906,"minecraft:interact_with_blast_furnace":7,"minecraft:walk_on_water_one_cm":58934,"minecraft:total_world_time":172369,"minecraft:interact_with_furnace":1,"spartanshields:shield_bash_hits":30,"minecraft:sleep_in_bed":6,"minecraft:time_since_rest":9348,"minecraft:damage_taken":8269,"minecraft:trigger_trapped_chest":2,"minecraft:damage_dealt":10918,"minecraft:swim_one_cm":30792,"minecraft:player_kills":3,"minecraft:fly_one_cm":432144,"minecraft:open_chest":19,"minecraft:crouch_one_cm":3177,"minecraft:fall_one_cm":120239},"minecraft:mined":{"minecraft:dark_oak_planks":2,"minecraft:waxed_cut_copper_slab":1,"minecraft:tuff":2,"minecraft:spruce_planks":2,"iceandfire:silver_ore":8,"epicsamurai:deepslate_onyx_ore":3,"minecraft:deepslate_diamond_ore":3,"minecraft:granite":1,"minecraft:acacia_log":2,"minecraft:grass_block":38,"minecraft:jungle_log":3,"iceandfire:deepslate_silver_ore":1,"minecraft:coal_block":6,"minecraft:spawner":3,"minecraft:hay_block":64,"epicsamurai:deepslate_jade_ore":1,"minecraft:magma_block":1,"minecraft:iron_ore":3,"minecraft:cobbled_deepslate":1,"minecraft:andesite":17,"minecraft:deepslate_lapis_ore":2,"minecraft:stripped_dark_oak_wood":1,"minecraft:gold_block":1,"minecraft:dark_oak_stairs":1,"minecraft:bookshelf":3,"minecraft:vine":3,"minecraft:deepslate_iron_ore":10,"epicsamurai:deepslate_silver_ore":5,"minecraft:stone":114,"minecraft:stripped_mangrove_wood":10,"minecraft:orange_bed":1,"minecraft:crafting_table":9,"minecraft:blast_furnace":1,"minecraft:calcite":2,"minecraft:tall_grass":3,"minecraft:lapis_ore":3,"minecraft:deepslate_gold_ore":8,"minecraft:oak_planks":11,"minecraft:birch_leaves":1,"minecraft:grass":17,"minecraft:oak_log":12,"minecraft:coal_ore":6,"minecraft:gravel":28,"minecraft:dripstone_block":3,"minecraft:dirt":34,"minecraft:cobweb":4,"minecraft:acacia_planks":2,"minecraft:netherrack":15,"minecraft:polished_deepslate_wall":1,"minecraft:oak_leaves":19,"minecraft:deepslate":62,"minecraft:fern":1},"minecraft:killed":{"minecraft:spider":1,"minecraft:skeleton":17,"minecraft:husk":5,"minecraft:iron_golem":3,"minecraft:creeper":2,"alexsmobs:catfish":1,"minecraft:zombie":15,"iceandfire:ghost":2},"minecraft:crafted":{"minecraft:wooden_sword":1,"minecraft:oak_planks":52,"minecraft:coal":54,"spartanshields:wooden_tower_shield":3,"spartanshields:stone_tower_shield":1,"minecraft:ladder":3,"minecraft:stone_pickaxe":2,"minecraft:wheat":572,"rpgsmw:fabric":1,"minecraft:wooden_shovel":1,"minecraft:crafting_table":2,"spartanshields:iron_tower_shield":1,"minecraft:wooden_pickaxe":3,"minecraft:iron_sword":1,"minecraft:copper_ingot":9,"minecraft:mangrove_planks":24,"minecraft:stone_axe":1,"minecraft:bread":192,"minecraft:jungle_planks":12,"rpgsmw:iron_rifle":1,"minecraft:stick":44,"minecraft:iron_pickaxe":1,"minecraft:gold_ingot":9,"minecraft:acacia_planks":8,"minecraft:torch":48},"minecraft:dropped":{"minecraft:bread":127,"minecraft:dark_oak_stairs":1,"minecraft:dripstone_block":3,"simpletomb:grave_key":4,"minecraft:oak_fence":3,"minecraft:cobblestone":20,"iceandfire:ectoplasm":3,"minecraft:mangrove_planks":1,"minecraft:leather_helmet":1,"minecraft:stick":2,"minecraft:dirt":12,"minecraft:oxeye_daisy":1,"spartanshields:stone_tower_shield":1,"minecraft:diorite":1,"minecraft:fire_charge":1,"minecraft:polished_andesite_stairs":1,"minecraft:glistering_melon_slice":2,"minecraft:string":3,"minecraft:cyan_carpet":1,"minecraft:gravel":8,"alexsmobs:maggot":1,"minecraft:cobbled_deepslate":10,"minecraft:bowl":1,"minecraft:rotten_flesh":22,"minecraft:oak_planks":1,"minecraft:carrot":4,"minecraft:poppy":10,"minecraft:potato":1,"minecraft:spruce_planks":2,"minecraft:leather_boots":1,"minecraft:bamboo":4,"minecraft:wooden_pickaxe":1,"iceandfire:dragon_skull_lightning":1,"minecraft:netherrack":6}},"DataVersion":3120}