{"stats":{"minecraft:custom":{"minecraft:mob_kills":22,"minecraft:interact_with_crafting_table":11,"minecraft:open_barrel":12,"minecraft:interact_with_campfire":8,"minecraft:damage_dealt_resisted":160,"minecraft:eat_cake_slice":4,"minecraft:leave_game":3,"minecraft:time_since_death":22531,"minecraft:sprint_one_cm":380942,"minecraft:walk_one_cm":266588,"minecraft:damage_blocked_by_shield":290,"minecraft:drop":59,"minecraft:damage_dealt_absorbed":57,"minecraft:talked_to_villager":1,"minecraft:play_time":81395,"minecraft:deaths":14,"minecraft:sneak_time":798,"minecraft:walk_under_water_one_cm":8533,"minecraft:jump":1008,"minecraft:walk_on_water_one_cm":7726,"minecraft:total_world_time":81395,"minecraft:interact_with_furnace":5,"tombstone:raider_killed":6,"minecraft:sleep_in_bed":10,"minecraft:time_since_rest":204,"minecraft:damage_taken":5184,"tombstone:sneak_grave":6,"minecraft:damage_dealt":5514,"minecraft:swim_one_cm":7421,"minecraft:fly_one_cm":154871,"minecraft:player_kills":1,"minecraft:open_chest":37,"minecraft:crouch_one_cm":2106,"tombstone:undead_killed":5,"minecraft:fall_one_cm":27547},"minecraft:dropped":{"minecraft:stick":4,"minecraft:item_frame":1,"minecraft:dirt":7,"minecraft:torch":4,"iceandfire:silver_sword":1,"minecraft:mutton":4,"minecraft:rabbit":6,"minecraft:brown_wool":3,"minecraft:iron_shovel":1,"minecraft:dark_oak_planks":1,"minecraft:string":2,"minecraft:blue_bed":1,"luminousworld:clovers_1":1,"minecraft:bone":4,"minecraft:sugar_cane":2,"minecraft:stone_sword":1,"minecraft:rotten_flesh":4,"minecraft:clay_ball":3,"minecraft:oak_planks":24,"minecraft:spruce_fence":10,"minecraft:chainmail_chestplate":2,"minecraft:deepslate_bricks":4,"minecraft:potato":12,"iceandfire:silver_ingot":5,"minecraft:chainmail_boots":1,"minecraft:leather_leggings":3,"minecraft:stone_bricks":1,"minecraft:brown_carpet":15,"minecraft:wooden_pickaxe":1,"minecraft:stone_pickaxe":1},"minecraft:broken":{"minecraft:golden_leggings":1,"minecraft:shield":1},"minecraft:used":{"iceandfire:silver_sword":130,"minecraft:spruce_planks":12,"minecraft:shield":10,"minecraft:torch":5,"minecraft:dirt":4,"minecraft:stripped_spruce_log":2,"minecraft:iron_axe":56,"minecraft:stone_bricks":1,"friendsandfoes:totem_of_freezing":1,"tombstone:gift":6,"minecraft:potato":24,"minecraft:cooked_mutton":1,"minecraft:stone_pickaxe":35,"minecraft:baked_potato":8,"minecraft:oak_planks":24,"minecraft:wooden_pickaxe":15,"minecraft:blue_bed":4,"minecraft:deepslate_bricks":1,"minecraft:mossy_cobblestone":1,"minecraft:crafting_table":3,"iceandfire:armor_silver_metal_chestplate":1,"iceandfire:silver_pickaxe":80,"minecraft:bread":17,"minecraft:stone_axe":15,"minecraft:fishing_rod":2,"minecraft:cobblestone":10,"alexsmobs:animal_dictionary":1,"minecraft:experience_bottle":1},"minecraft:picked_up":{"minecraft:fishing_rod":1,"minecraft:charcoal":22,"minecraft:crafting_table":3,"minecraft:allium":2,"illagerinvasion:platinum_chunk":2,"minecraft:chainmail_boots":1,"minecraft:clay_ball":3,"minecraft:leather_leggings":3,"minecraft:gold_block":1,"minecraft:shield":1,"minecraft:string":2,"minecraft:item_frame":1,"minecraft:iron_shovel":1,"minecraft:experience_bottle":1,"minecraft:spruce_planks":1,"minecraft:beef":10,"iceandfire:dread_shard":13,"minecraft:sugar_cane":11,"minecraft:stick":5,"iceandfire:dragonbone":25,"minecraft:torch":3,"minecraft:spruce_fence":7,"minecraft:porkchop":15,"minecraft:brown_carpet":15,"minecraft:dark_oak_planks":1,"iceandfire:dragon_skull_ice":1,"iceandfire:silver_ingot":8,"minecraft:arrow":2,"minecraft:rotten_flesh":4,"minecraft:deepslate_bricks":5,"minecraft:gold_ingot":1,"minecraft:mutton":8,"minecraft:cobblestone":24,"iceandfire:sapphire_gem":1,"minecraft:brown_wool":3,"minecraft:golden_leggings":1,"minecraft:potato":26,"minecraft:oak_log":16,"minecraft:chainmail_chestplate":2,"minecraft:blue_bed":5,"minecraft:dirt":11,"minecraft:cooked_mutton":1,"minecraft:bone":5,"minecraft:stone_bricks":2,"minecraft:bow":1,"minecraft:rabbit":6,"minecraft:oak_planks":24,"friendsandfoes:totem_of_freezing":1,"minecraft:book":18,"luminousworld:clovers_1":1,"minecraft:sweet_berries":3,"minecraft:stripped_spruce_log":2,"minecraft:spruce_log":6,"minecraft:mossy_cobblestone":1,"iceandfire:silver_sword":2,"minecraft:emerald":5,"minecraft:bread":5,"minecraft:baked_potato":8,"iceandfire:silver_nugget":320,"minecraft:coal":38},"minecraft:crafted":{"minecraft:oak_planks":64,"iceandfire:armor_silver_metal_chestplate":1,"minecraft:stone_pickaxe":1,"iceandfire:armor_silver_metal_boots":1,"iceandfire:silver_ingot":24,"minecraft:crafting_table":1,"minecraft:spruce_planks":24,"minecraft:wooden_pickaxe":1,"minecraft:stone_axe":1,"iceandfire:armor_silver_metal_helmet":1,"minecraft:stick":36,"minecraft:stone_sword":1,"minecraft:gold_ingot":9,"minecraft:torch":36,"iceandfire:silver_pickaxe":1,"iceandfire:silver_sword":1},"minecraft:mined":{"minecraft:dark_oak_planks":1,"minecraft:spruce_planks":2,"minecraft:mossy_cobblestone":1,"minecraft:grass_block":4,"minecraft:spruce_fence":5,"minecraft:brown_wool":3,"luminousworld:grassvariant_2":1,"iceandfire:dread_spawner":1,"minecraft:deepslate_bricks":5,"minecraft:spruce_leaves":1,"minecraft:spawner":1,"minecraft:stripped_spruce_log":2,"minecraft:gold_block":1,"minecraft:bookshelf":6,"minecraft:potatoes":4,"minecraft:deepslate_brick_stairs":1,"minecraft:stone":21,"minecraft:spruce_slab":1,"minecraft:brown_carpet":5,"minecraft:crafting_table":3,"minecraft:lime_carpet":1,"minecraft:campfire":11,"iceandfire:sapphire_ore":1,"minecraft:cobblestone":4,"minecraft:sugar_cane":3,"minecraft:diorite":1,"minecraft:blue_bed":3,"minecraft:spruce_log":6,"minecraft:oak_log":16,"minecraft:coal_ore":40,"iceandfire:silver_pile":50,"minecraft:sand":2,"minecraft:gravel":2,"minecraft:dirt":5,"minecraft:cobweb":1,"minecraft:stone_bricks":2,"minecraft:oak_leaves":13},"minecraft:killed":{"minecraft:vindicator":2,"luminousworld:frost_bitten_skeleton":2,"born_in_chaos_v1:maggot":1,"iceandfire:dread_knight":1,"iceandfire:dread_thrall":1,"friendsandfoes:iceologer":1,"minecraft:pillager":2,"iceandfire:dread_ghoul":1,"takesapillage:archer":1},"minecraft:killed_by":{"takesapillage:legioner":2,"takesapillage:skirmisher":2,"iceandfire:dread_ghoul":2,"iceandfire:dread_knight":5}},"DataVersion":3465}