{"stats":{"minecraft:dropped":{"minecraft:cyan_carpet":1},"minecraft:picked_up":{"minecraft:crafting_table":4,"minecraft:oak_log":4,"minecraft:bone":9,"minecraft:cyan_carpet":1,"minecraft:acacia_planks":2,"minecraft:bow":1,"minecraft:spruce_planks":2,"minecraft:calcite":2,"minecraft:coal_block":6,"minecraft:oak_planks":8,"minecraft:dark_oak_stairs":1,"minecraft:book":9,"minecraft:stick":2,"minecraft:stripped_mangrove_wood":9,"minecraft:acacia_log":2,"minecraft:diorite":1,"minecraft:arrow":8,"minecraft:rotten_flesh":7,"minecraft:bread":4,"minecraft:coal":5,"minecraft:cobblestone":32},"minecraft:mined":{"minecraft:dark_oak_planks":2,"minecraft:spruce_planks":2,"minecraft:crafting_table":4,"minecraft:acacia_log":2,"minecraft:calcite":2,"minecraft:coal_block":6,"minecraft:tall_grass":2,"minecraft:oak_planks":8,"minecraft:spawner":3,"minecraft:birch_leaves":1,"minecraft:stripped_dark_oak_wood":1,"minecraft:dark_oak_stairs":1,"minecraft:grass":4,"minecraft:bookshelf":3,"minecraft:oak_log":4,"minecraft:coal_ore":5,"minecraft:acacia_planks":2,"minecraft:stone":32,"minecraft:stripped_mangrove_wood":10,"minecraft:polished_deepslate_wall":1,"minecraft:oak_leaves":6},"minecraft:killed_by":{"minecraft:husk":2,"minecraft:player":1,"minecraft:skeleton":1},"minecraft:used":{"minecraft:calcite":2,"minecraft:stone_pickaxe":25,"minecraft:mangrove_planks":11,"minecraft:oak_planks":11,"minecraft:wooden_pickaxe":6,"minecraft:iron_sword":84,"simpletomb:grave_key":5,"minecraft:stripped_mangrove_wood":3,"minecraft:crafting_table":3,"spartanshields:stone_tower_shield":23,"minecraft:cake":1,"minecraft:bread":4,"minecraft:iron_pickaxe":19,"minecraft:stone_axe":48,"minecraft:cobblestone":20,"minecraft:pumpkin_pie":1,"alexsmobs:animal_dictionary":1,"minecraft:acacia_planks":7},"minecraft:crafted":{"minecraft:oak_planks":16,"minecraft:wooden_pickaxe":1,"spartanshields:wooden_tower_shield":1,"minecraft:iron_sword":1,"minecraft:mangrove_planks":24,"minecraft:stone_axe":1,"spartanshields:stone_tower_shield":1,"minecraft:stick":8,"minecraft:stone_pickaxe":1,"minecraft:iron_pickaxe":1,"minecraft:acacia_planks":8},"minecraft:killed":{"minecraft:husk":5,"minecraft:skeleton":11,"minecraft:zombie":1},"minecraft:custom":{"spartanshields:shield_bash_hits":1,"minecraft:mob_kills":16,"minecraft:interact_with_crafting_table":7,"minecraft:open_barrel":2,"minecraft:eat_cake_slice":7,"minecraft:time_since_death":38,"minecraft:climb_one_cm":2059,"minecraft:time_since_rest":61,"minecraft:sprint_one_cm":54940,"minecraft:damage_taken":1638,"minecraft:walk_one_cm":122235,"minecraft:damage_blocked_by_shield":1240,"minecraft:drop":1,"minecraft:damage_dealt":3700,"minecraft:player_kills":1,"minecraft:fly_one_cm":21974,"minecraft:open_chest":3,"minecraft:crouch_one_cm":1428,"minecraft:play_time":29577,"minecraft:deaths":5,"minecraft:sneak_time":1113,"minecraft:jump":264,"minecraft:interact_with_blast_furnace":2,"minecraft:total_world_time":29577,"minecraft:fall_one_cm":9778}},"DataVersion":3120}