{"stats":{"minecraft:mined":{"minecraft:dark_oak_planks":2,"luminousworld:savannah_soil":23,"minecraft:acacia_leaves":2,"minecraft:spruce_planks":1,"ecologics:pot":1,"iceandfire:silver_ore":1,"minecraft:mangrove_wood":2,"luminousworld:savannah_grass_1":1,"minecraft:acacia_log":2,"minecraft:cobblestone":16,"ecologics:coconut_log":9,"minecraft:lily_pad":1,"minecraft:mud_bricks":1,"minecraft:diorite":17,"minecraft:sandstone":51,"minecraft:wall_torch":1,"luminousworld:savanna_grass_2":1,"minecraft:spawner":1,"minecraft:tall_seagrass":2,"minecraft:packed_mud":1,"minecraft:carrots":1,"minecraft:dark_oak_slab":1,"minecraft:mud":4,"luminousworld:bao_bob_log":5,"minecraft:mossy_stone_brick_stairs":3,"minecraft:gravel":2,"minecraft:sand":4,"minecraft:black_candle":2,"minecraft:cracked_stone_bricks":4,"luminousworld:elephant_grass":1,"minecraft:stone":191,"luminousworld:savannah_grass_4":1,"minecraft:mossy_stone_bricks":4,"luminousworld:savannah_ground":2},"minecraft:crafted":{"minecraft:barrel":3,"vanillaplustools:stone_hammer":1,"ecologics:coconut_planks":32,"minecraft:stone_axe":1,"minecraft:stick":32,"minecraft:iron_pickaxe":1,"minecraft:stone_pickaxe":10,"minecraft:stone_sword":1,"luminousworld:baobab_slab":3,"minecraft:acacia_planks":8,"luminousworld:baobab_plank":20},"minecraft:picked_up":{"minecraft:mud":3,"luminousworld:groundpebbles_1":1,"minecraft:mud_bricks":1,"minecraft:andesite":1,"minecraft:packed_mud":1,"minecraft:lily_pad":1,"minecraft:gunpowder":2,"minecraft:string":4,"minecraft:bone":2,"minecraft:cracked_stone_bricks":4,"minecraft:spruce_planks":1,"minecraft:iron_ingot":3,"minecraft:stone_pickaxe":2,"minecraft:mossy_stone_bricks":4,"minecraft:mossy_stone_brick_stairs":3,"ecologics:coconut_slab":2,"minecraft:acacia_sapling":1,"ecologics:crab_claw":1,"minecraft:stick":2,"minecraft:black_candle":7,"minecraft:sandstone":51,"minecraft:dark_oak_slab":1,"ecologics:coconut_slice":2,"minecraft:torch":12,"minecraft:bowl":2,"minecraft:acacia_log":2,"minecraft:gravel":2,"luminousworld:savannah_soil":23,"minecraft:sand":39,"minecraft:diorite":14,"minecraft:carrot":14,"minecraft:spider_eye":1,"minecraft:dark_oak_planks":2,"minecraft:arrow":1,"minecraft:mangrove_wood":2,"ecologics:coconut_log":8,"supplementaries:ash":2,"luminousworld:bao_bob_log":5,"iceandfire:raw_silver":1,"minecraft:cobblestone":208},"minecraft:killed":{"born_in_chaos_v1:bonescaller":1,"undead_revamp2:theimmortal":1,"born_in_chaos_v1:baby_skeleton":1,"minecraft:spider":1,"luminousworld:savannah_skeleton":1,"undead_revamp2:thesomnolence":1,"iceandfire:ghost":1,"ecologics:coconut_crab":1},"minecraft:dropped":{"alexsmobs:animal_dictionary":1,"minecraft:suspicious_stew":2,"minecraft:stone_pickaxe":2},"minecraft:used":{"minecraft:stone_pickaxe":1,"minecraft:wooden_pickaxe":26,"vanillaplustools:stone_hammer":55,"minecraft:torch":11,"minecraft:carrot":14,"minecraft:iron_pickaxe":23,"minecraft:suspicious_stew":2,"minecraft:barrel":3,"minecraft:stone_axe":64,"ecologics:coconut_slice":2,"minecraft:cobblestone":137,"tombstone:gift":2,"minecraft:potato":3},"minecraft:killed_by":{"undead_revamp2:thewolf":1,"mutantmonsters:mutant_zombie":1,"born_in_chaos_v1:baby_skeleton_minion":1,"minecraft:skeleton":1,"quark:toretoise":1},"minecraft:custom":{"minecraft:interact_with_furnace":10,"minecraft:mob_kills":9,"minecraft:interact_with_crafting_table":13,"minecraft:open_barrel":8,"minecraft:damage_dealt_resisted":77,"minecraft:time_since_death":4213,"minecraft:climb_one_cm":7071,"minecraft:time_since_rest":1814,"minecraft:sprint_one_cm":120503,"minecraft:damage_taken":1859,"minecraft:walk_one_cm":147658,"minecraft:drop":5,"minecraft:damage_dealt":2769,"minecraft:swim_one_cm":55146,"minecraft:fly_one_cm":92826,"minecraft:open_chest":13,"minecraft:crouch_one_cm":2684,"minecraft:play_time":63861,"tombstone:undead_killed":5,"minecraft:deaths":6,"minecraft:sneak_time":1297,"minecraft:walk_under_water_one_cm":40202,"minecraft:jump":728,"minecraft:walk_on_water_one_cm":75400,"minecraft:total_world_time":63861,"minecraft:fall_one_cm":13121}},"DataVersion":3465}