{
  "iceandfire:iceandfire/root": {
    "criteria": {
      "tick": "2024-08-20 15:47:22 +0000"
    },
    "done": true
  },
  "explorerscompass:explorers_compass_cracked_stone_bricks": {
    "criteria": {
      "has_recipe": "2024-08-20 15:47:22 +0000"
    },
    "done": true
  },
  "dungeons_arise:wda_root": {
    "criteria": {
      "WDA": "2024-08-20 15:47:22 +0000"
    },
    "done": true
  },
  "undead_revamp2:theundeadchallenges": {
    "criteria": {
      "theundeadchallenges": "2024-08-20 15:47:22 +0000"
    },
    "done": true
  },
  "friendsandfoes:misc/yellow_dye_from_buttercup": {
    "criteria": {
      "has_the_recipe": "2024-08-20 15:47:22 +0000"
    },
    "done": true
  },
  "naturescompass:natures_compass_log": {
    "criteria": {
      "has_recipe": "2024-08-20 15:47:22 +0000"
    },
    "done": true
  },
  "naturescompass:natures_compass": {
    "criteria": {
      "has_recipe": "2024-08-20 15:47:22 +0000"
    },
    "done": true
  },
  "naturescompass:natures_compass_sapling": {
    "criteria": {
      "has_recipe": "2024-08-20 15:47:22 +0000"
    },
    "done": true
  },
  "explorerscompass:explorers_compass_cobweb": {
    "criteria": {
      "has_recipe": "2024-08-20 15:47:22 +0000"
    },
    "done": true
  },
  "betterdeserttemples:root": {
    "criteria": {
      "always": "2024-08-20 15:47:22 +0000"
    },
    "done": true
  },
  "cataclysm:root": {
    "criteria": {
      "custom_test_name": "2024-08-20 15:47:22 +0000"
    },
    "done": true
  },
  "incendium:technical/new_player": {
    "criteria": {
      "requirement": "2024-08-20 15:47:22 +0000"
    },
    "done": true
  },
  "explorerscompass:explorers_compass": {
    "criteria": {
      "has_recipe": "2024-08-20 15:47:22 +0000"
    },
    "done": true
  },
  "takesapillage:root": {
    "criteria": {
      "always": "2024-08-20 15:47:23 +0000"
    },
    "done": true
  },
  "incendium:technical/scroll_of_returning": {
    "criteria": {
      "log_spam_fixer": "2024-08-20 15:47:23 +0000"
    },
    "done": false
  },
  "incendium:technical/using/ragnarok": {
    "criteria": {
      "log_spam_fixer": "2024-08-20 15:47:23 +0000"
    },
    "done": false
  },
  "incendium:technical/using/trailblazer": {
    "criteria": {
      "log_spam_fixer": "2024-08-20 15:47:23 +0000"
    },
    "done": false
  },
  "mowziesmobs:root": {
    "criteria": {
      "custom_test_name": "2024-08-20 15:47:23 +0000"
    },
    "done": true
  },
  "betterdungeons:root": {
    "criteria": {
      "always": "2024-08-20 15:47:23 +0000"
    },
    "done": true
  },
  "minecraft:adventure/adventuring_time": {
    "criteria": {
      "minecraft:bamboo_jungle": "2024-08-24 15:48:33 +0000",
      "minecraft:beach": "2024-08-20 15:47:23 +0000",
      "minecraft:mangrove_swamp": "2024-08-20 15:56:17 +0000",
      "minecraft:river": "2024-08-20 16:31:28 +0000",
      "minecraft:lukewarm_ocean": "2024-08-24 15:03:00 +0000",
      "minecraft:swamp": "2024-08-25 14:43:43 +0000",
      "minecraft:forest": "2024-08-23 14:16:07 +0000",
      "minecraft:desert": "2024-08-20 17:28:36 +0000",
      "minecraft:jungle": "2024-08-23 15:16:01 +0000",
      "minecraft:windswept_savanna": "2024-08-24 15:02:10 +0000",
      "minecraft:deep_lukewarm_ocean": "2024-08-24 15:54:14 +0000",
      "minecraft:savanna": "2024-08-20 15:47:46 +0000",
      "minecraft:plains": "2024-08-23 14:59:37 +0000"
    },
    "done": false
  },
  "placeablesmod:placeables": {
    "criteria": {
      "placeables": "2024-08-20 15:47:23 +0000"
    },
    "done": true
  },
  "eeeabsmobs:eeeabsmobs/root": {
    "criteria": {
      "requirement": "2024-08-20 15:47:23 +0000"
    },
    "done": true
  },
  "incendium:technical/using/shield": {
    "criteria": {
      "log_spam_fixer": "2024-08-20 15:47:23 +0000"
    },
    "done": false
  },
  "tombstone:adventure/root": {
    "criteria": {
      "auto": "2024-08-20 15:47:23 +0000"
    },
    "done": true
  },
  "mutantmonsters:root": {
    "criteria": {
      "killed_something": "2024-08-20 15:50:12 +0000"
    },
    "done": true
  },
  "minecraft:adventure/root": {
    "criteria": {
      "killed_something": "2024-08-20 15:50:12 +0000"
    },
    "done": true
  },
  "minecraft:husbandry/root": {
    "criteria": {
      "consumed_item": "2024-08-20 15:51:04 +0000"
    },
    "done": true
  },
  "minecraft:story/root": {
    "criteria": {
      "crafting_table": "2024-08-20 15:51:47 +0000"
    },
    "done": true
  },
  "minecraft:story/mine_stone": {
    "criteria": {
      "get_stone": "2024-08-20 15:55:30 +0000"
    },
    "done": true
  },
  "tombstone:adventure/first_grave": {
    "criteria": {
      "coded_trigger": "2024-08-20 15:55:34 +0000"
    },
    "done": true
  },
  "tombstone:recipes/from_grave_key": {
    "criteria": {
      "has_ingredient": "2024-08-20 15:55:36 +0000"
    },
    "done": true
  },
  "tombstone:adventure/cancel_ghostly_shape": {
    "criteria": {
      "coded_trigger": "2024-08-20 15:55:53 +0000"
    },
    "done": true
  },
  "tombstone:recipes/from_grave_dust": {
    "criteria": {
      "has_ingredient": "2024-08-20 15:55:57 +0000"
    },
    "done": true
  },
  "alexsmobs:alexsmobs/root": {
    "criteria": {
      "useitem": "2024-08-20 15:56:06 +0000"
    },
    "done": true
  },
  "minecraft:story/upgrade_tools": {
    "criteria": {
      "stone_pickaxe": "2024-08-20 15:58:32 +0000"
    },
    "done": true
  },
  "minecraft:husbandry/balanced_diet": {
    "criteria": {
      "cooked_porkchop": "2024-08-23 14:43:19 +0000",
      "honey_bottle": "2024-08-23 15:31:44 +0000",
      "cooked_mutton": "2024-08-25 18:07:09 +0000",
      "cooked_beef": "2024-08-23 15:03:41 +0000",
      "baked_potato": "2024-08-25 16:45:54 +0000",
      "golden_apple": "2024-08-22 11:38:45 +0000",
      "bread": "2024-08-23 14:19:13 +0000",
      "suspicious_stew": "2024-08-20 16:37:30 +0000",
      "cookie": "2024-08-24 20:15:24 +0000",
      "rotten_flesh": "2024-08-24 19:50:34 +0000"
    },
    "done": false
  },
  "supplementaries:husbandry/sus_stew": {
    "criteria": {
      "stew": "2024-08-20 16:37:30 +0000"
    },
    "done": true
  },
  "minecraft:story/smelt_iron": {
    "criteria": {
      "iron": "2024-08-20 16:37:46 +0000"
    },
    "done": true
  },
  "minecraft:story/obtain_armor": {
    "criteria": {
      "iron_chestplate": "2024-08-20 16:38:35 +0000"
    },
    "done": true
  },
  "minecraft:adventure/kill_all_mobs": {
    "criteria": {
      "minecraft:skeleton": "2024-08-22 11:27:26 +0000",
      "minecraft:spider": "2024-08-20 16:44:50 +0000",
      "minecraft:creeper": "2024-08-22 11:51:45 +0000",
      "minecraft:slime": "2024-08-22 11:41:28 +0000",
      "quark:forgotten": "2024-08-25 15:02:58 +0000",
      "minecraft:zombified_piglin": "2024-08-27 15:57:02 +0000",
      "minecraft:zombie": "2024-08-20 16:47:25 +0000",
      "minecraft:zombie_villager": "2024-08-24 20:04:56 +0000"
    },
    "done": false
  },
  "minecraft:adventure/kill_a_mob": {
    "criteria": {
      "minecraft:spider": "2024-08-20 16:44:50 +0000"
    },
    "done": true
  },
  "dungeons_arise:find_keep_kayra": {
    "criteria": {
      "location0": "2024-08-20 16:58:47 +0000"
    },
    "done": true
  },
  "betterdungeons:all_dungeons": {
    "criteria": {
      "in_better_spider_dungeon": "2024-08-20 17:28:07 +0000"
    },
    "done": false
  },
  "betterdungeons:spider_dungeon": {
    "criteria": {
      "in_better_spider_dungeon": "2024-08-20 17:28:07 +0000"
    },
    "done": true
  },
  "tombstone:adventure/chain_death": {
    "criteria": {
      "coded_trigger": "2024-08-20 17:55:37 +0000"
    },
    "done": true
  },
  "tombstone:adventure/first_knowledge": {
    "criteria": {
      "coded_trigger": "2024-08-20 17:55:37 +0000"
    },
    "done": true
  },
  "minecraft:story/mine_diamond": {
    "criteria": {
      "diamond": "2024-08-20 17:57:16 +0000"
    },
    "done": true
  },
  "minecraft:story/iron_tools": {
    "criteria": {
      "iron_pickaxe": "2024-08-22 11:27:05 +0000"
    },
    "done": true
  },
  "tombstone:adventure/find_grave_dust": {
    "criteria": {
      "from_undead": "2024-08-22 11:27:26 +0000"
    },
    "done": true
  },
  "minecraft:story/shiny_gear": {
    "criteria": {
      "diamond_chestplate": "2024-08-22 11:55:55 +0000"
    },
    "done": true
  },
  "tombstone:adventure/ashes_and_bones": {
    "criteria": {
      "coded_trigger": "2024-08-22 12:02:39 +0000"
    },
    "done": true
  },
  "aether:enter_aether": {
    "criteria": {
      "enter_aether": "2024-08-22 12:31:31 +0000"
    },
    "done": true
  },
  "aether:the_aether": {
    "criteria": {
      "the_aether": "2024-08-22 12:31:31 +0000"
    },
    "done": true
  },
  "minecraft:adventure/sleep_in_bed": {
    "criteria": {
      "slept_in_bed": "2024-08-23 14:27:21 +0000"
    },
    "done": true
  },
  "minecraft:husbandry/bred_all_animals": {
    "criteria": {
      "minecraft:cow": "2024-08-23 14:29:20 +0000"
    },
    "done": false
  },
  "minecraft:husbandry/breed_an_animal": {
    "criteria": {
      "bred": "2024-08-23 14:29:20 +0000"
    },
    "done": true
  },
  "minecraft:adventure/honey_block_slide": {
    "criteria": {
      "honey_block_slide": "2024-08-23 14:35:57 +0000"
    },
    "done": true
  },
  "artifacts:amateur_archaeologist": {
    "criteria": {
      "find_artifact": "2024-08-23 14:40:30 +0000"
    },
    "done": true
  },
  "undead_revamp2:nightnight": {
    "criteria": {
      "nightnight": "2024-08-23 14:44:52 +0000"
    },
    "done": true
  },
  "minecraft:husbandry/plant_seed": {
    "criteria": {
      "wheat": "2024-08-23 14:53:50 +0000"
    },
    "done": true
  },
  "minecraft:adventure/trade": {
    "criteria": {
      "traded": "2024-08-23 14:56:52 +0000"
    },
    "done": true
  },
  "enemyexpansion:hunted": {
    "criteria": {
      "hunted_0": "2024-08-23 15:02:12 +0000"
    },
    "done": true
  },
  "minecraft:story/deflect_arrow": {
    "criteria": {
      "deflected_projectile": "2024-08-23 15:06:21 +0000"
    },
    "done": true
  },
  "placeablesmod:villagerslovethem": {
    "criteria": {
      "villagerslovethem": "2024-08-23 15:12:43 +0000"
    },
    "done": true
  },
  "iceandfire:iceandfire/bestiary": {
    "criteria": {
      "bestiary": "2024-08-23 15:34:55 +0000"
    },
    "done": true
  },
  "iceandfire:iceandfire/lectern": {
    "criteria": {
      "bestiary": "2024-08-23 15:35:13 +0000"
    },
    "done": true
  },
  "iceandfire:iceandfire/rotten_egg": {
    "criteria": {
      "bestiary": "2024-08-24 15:37:22 +0000"
    },
    "done": true
  },
  "aether:blue_aercloud": {
    "criteria": {
      "blue_aercloud": "2024-08-24 19:16:43 +0000"
    },
    "done": true
  },
  "tombstone:adventure/enchant_grave_key": {
    "criteria": {
      "has_upgraded_grave_key": "2024-08-24 19:29:56 +0000"
    },
    "done": true
  },
  "tombstone:adventure/teleport_to_grave": {
    "criteria": {
      "coded_trigger": "2024-08-24 19:30:10 +0000"
    },
    "done": true
  },
  "quark:get_forgotten_hat": {
    "criteria": {
      "get_forgotten_hat": "2024-08-25 15:02:59 +0000"
    },
    "done": true
  },
  "tombstone:adventure/bone_crusher": {
    "criteria": {
      "coded_trigger": "2024-08-25 15:04:07 +0000"
    },
    "done": true
  },
  "enemyexpansion:vampire_slayer": {
    "criteria": {
      "vampire_slayer_0": "2024-08-25 15:10:23 +0000"
    },
    "done": true
  },
  "ad_astra:astronaut": {
    "criteria": {
      "has_astronaut": "2024-08-25 16:14:15 +0000"
    },
    "done": true
  },
  "ad_astra:tier_1_rocket": {
    "criteria": {
      "has_tier_1_rocket": "2024-08-25 16:16:35 +0000"
    },
    "done": true
  },
  "undead_revamp2:sugarcoat": {
    "criteria": {
      "sugarcoat": "2024-08-25 16:41:22 +0000"
    },
    "done": true
  },
  "undead_revamp2:daddy": {
    "criteria": {
      "daddy": "2024-08-25 16:41:30 +0000"
    },
    "done": true
  },
  "minecraft:husbandry/plant_any_sniffer_seed": {
    "criteria": {
      "pitcher_pod": "2024-08-25 16:52:02 +0000"
    },
    "done": true
  },
  "aether:obtain_petal": {
    "criteria": {
      "aechor_petal": "2024-08-25 17:00:08 +0000"
    },
    "done": true
  },
  "aether:icestone": {
    "criteria": {
      "icestone": "2024-08-25 17:09:36 +0000"
    },
    "done": true
  },
  "tombstone:adventure/strong_or_careful": {
    "criteria": {
      "coded_trigger": "2024-08-25 17:20:36 +0000"
    },
    "done": true
  },
  "aether:obtain_egg": {
    "criteria": {
      "moa_egg": "2024-08-25 17:30:25 +0000"
    },
    "done": true
  },
  "tombstone:adventure/easy_opening": {
    "criteria": {
      "coded_trigger": "2024-08-25 18:06:39 +0000"
    },
    "done": true
  },
  "ad_astra:moon": {
    "criteria": {
      "entered_moon": "2024-08-25 19:46:41 +0000"
    },
    "done": true
  },
  "ad_astra:ocean_cleanup": {
    "criteria": {
      "oil_bucket": "2024-08-26 12:39:06 +0000"
    },
    "done": true
  },
  "mowziesmobs:kill_umvuthana_raptor": {
    "criteria": {
      "umvuthana_raptor": "2024-08-26 17:24:16 +0000"
    },
    "done": true
  },
  "undead_revamp2:mommy": {
    "criteria": {
      "mommy": "2024-08-27 16:14:17 +0000"
    },
    "done": true
  },
  "incendium:technical/sentrys_wrath": {
    "criteria": {
      "log_spam_fixer": "2024-08-27 19:27:12 +0000"
    },
    "done": false
  },
  "incendium:technical/inventory/sentrys_wrath": {
    "criteria": {
      "log_spam_fixer": "2024-08-27 19:27:12 +0000"
    },
    "done": false
  },
  "incendium:technical/multiplex_crossbow": {
    "criteria": {
      "log_spam_fixer": "2024-08-27 19:27:12 +0000"
    },
    "done": false
  },
  "incendium:technical/feed_ghastling": {
    "criteria": {
      "log_spam_fixer": "2024-08-27 19:27:12 +0000"
    },
    "done": false
  },
  "incendium:technical/on_inventory_change": {
    "criteria": {
      "log_spam_fixer": "2024-08-27 19:27:12 +0000"
    },
    "done": false
  },
  "incendium:technical/on_player_hurt": {
    "criteria": {
      "log_spam_fixer": "2024-08-27 19:27:12 +0000"
    },
    "done": false
  },
  "incendium:technical/firestorm": {
    "criteria": {
      "log_spam_fixer": "2024-08-27 19:27:12 +0000"
    },
    "done": false
  },
  "incendium:technical/holy_wrath": {
    "criteria": {
      "log_spam_fixer": "2024-08-27 19:27:12 +0000"
    },
    "done": false
  },
  "incendium:technical/on_block": {
    "criteria": {
      "log_spam_fixer": "2024-08-27 19:27:12 +0000"
    },
    "done": false
  },
  "incendium:technical/inventory/firestorm": {
    "criteria": {
      "log_spam_fixer": "2024-08-27 19:27:12 +0000"
    },
    "done": false
  },
  "incendium:technical/give_ghastling": {
    "criteria": {
      "log_spam_fixer": "2024-08-27 19:27:12 +0000"
    },
    "done": false
  },
  "incendium:technical/on_kill": {
    "criteria": {
      "log_spam_fixer": "2024-08-27 19:27:12 +0000"
    },
    "done": false
  },
  "DataVersion": 3465
}