{
  "diamethysts:armor/diamethyst_diamond_shield": {
    "criteria": {
      "has_planks": "2024-06-30 16:15:18 +0000"
    },
    "done": true
  },
  "cfm:recipes/cfm/spruce_kitchen_drawer": {
    "criteria": {
      "has_planks": "2024-06-30 16:27:55 +0000"
    },
    "done": true
  },
  "securitycraft:recipes/securitycraft/universal_block_remover": {
    "criteria": {
      "has_iron": "2024-06-30 16:47:47 +0000"
    },
    "done": true
  },
  "minecraft:recipes/tools/fishing_rod": {
    "criteria": {
      "has_string": "2024-06-30 18:14:24 +0000"
    },
    "done": true
  },
  "minecraft:recipes/food/cooked_mutton_from_campfire_cooking": {
    "criteria": {
      "has_mutton": "2024-07-01 18:09:56 +0000"
    },
    "done": true
  },
  "diamethysts:items/diamethyst_bow_upper_section": {
    "criteria": {
      "has_item2": "2024-06-30 16:19:54 +0000"
    },
    "done": true
  },
  "minecraft:recipes/redstone/lever": {
    "criteria": {
      "has_cobblestone": "2024-06-30 16:20:47 +0000"
    },
    "done": true
  },
  "minecraft:recipes/redstone/acacia_button": {
    "criteria": {
      "has_planks": "2024-06-30 16:23:37 +0000"
    },
    "done": true
  },
  "minecraft:recipes/combat/iron_sword": {
    "criteria": {
      "has_iron_ingot": "2024-06-30 16:47:47 +0000"
    },
    "done": true
  },
  "minecraft:recipes/redstone/spruce_door": {
    "criteria": {
      "has_planks": "2024-06-30 16:27:55 +0000"
    },
    "done": true
  },
  "minecraft:recipes/building_blocks/polished_deepslate": {
    "criteria": {
      "has_cobbled_deepslate": "2024-06-30 17:46:20 +0000"
    },
    "done": true
  },
  "minecraft:recipes/building_blocks/chiseled_deepslate_from_cobbled_deepslate_stonecutting": {
    "criteria": {
      "has_cobbled_deepslate": "2024-06-30 17:46:20 +0000"
    },
    "done": true
  },
  "diamethysts:items/diamethyst_lapis_bow_upper_section": {
    "criteria": {
      "has_stick": "2024-06-30 16:19:54 +0000"
    },
    "done": true
  },
  "diamethysts:tools/diamethyst_gold_pickaxe": {
    "criteria": {
      "has_ingot": "2024-06-30 16:38:22 +0000"
    },
    "done": true
  },
  "securitycraft:recipes/securitycraft/sentry": {
    "criteria": {
      "has_iron": "2024-06-30 16:47:47 +0000"
    },
    "done": true
  },
  "minecraft:recipes/tools/iron_pickaxe": {
    "criteria": {
      "has_iron_ingot": "2024-06-30 16:47:47 +0000"
    },
    "done": true
  },
  "minecraft:recipes/redstone/spruce_fence_gate": {
    "criteria": {
      "has_planks": "2024-06-30 16:27:55 +0000"
    },
    "done": true
  },
  "minecraft:recipes/combat/leather_helmet": {
    "criteria": {
      "has_leather": "2024-06-30 18:06:16 +0000"
    },
    "done": true
  },
  "spartanshields:recipes/spartanshields/golden_basic_shield": {
    "criteria": {
      "has_gold_ingot": "2024-06-30 16:38:22 +0000"
    },
    "done": true
  },
  "cfm:recipes/cfm/stripped_acacia_chair": {
    "criteria": {
      "has_planks": "2024-06-30 16:23:33 +0000"
    },
    "done": true
  },
  "cfm:recipes/cfm/spruce_bedside_cabinet": {
    "criteria": {
      "has_planks": "2024-06-30 16:27:55 +0000"
    },
    "done": true
  },
  "minecraft:recipes/decorations/crafting_table": {
    "criteria": {
      "has_planks": "2024-06-30 16:15:18 +0000"
    },
    "done": true
  },
  "cfm:recipes/cfm/stripped_birch_kitchen_sink_light": {
    "criteria": {
      "has_bucket": "2024-07-01 17:04:54 +0000"
    },
    "done": true
  },
  "minecraft:recipes/building_blocks/magenta_wool": {
    "criteria": {
      "has_white_wool": "2024-07-01 18:09:56 +0000"
    },
    "done": true
  },
  "diamethysts:items/diamethyst_gold_bow_upper_section": {
    "criteria": {
      "has_stick": "2024-06-30 16:19:54 +0000"
    },
    "done": true
  },
  "diamethysts:items/chain_link_maker": {
    "criteria": {
      "has_ingot": "2024-06-30 16:47:47 +0000"
    },
    "done": true
  },
  "minecraft:recipes/building_blocks/copper_block": {
    "criteria": {
      "has_copper_ingot": "2024-06-30 17:51:33 +0000"
    },
    "done": true
  },
  "diamethysts:weapons/diamethyst_iron_bow": {
    "criteria": {
      "has_string": "2024-06-30 18:14:24 +0000"
    },
    "done": true
  },
  "minecraft:recipes/misc/melon_seeds": {
    "criteria": {
      "has_melon": "2024-07-01 18:19:28 +0000"
    },
    "done": true
  },
  "iceandfire:iceandfire/root": {
    "criteria": {
      "tick": "2024-06-30 16:13:16 +0000"
    },
    "done": true
  },
  "minecraft:recipes/decorations/ladder": {
    "criteria": {
      "has_stick": "2024-06-30 16:19:54 +0000"
    },
    "done": true
  },
  "cfm:recipes/cfm/stripped_acacia_table": {
    "criteria": {
      "has_planks": "2024-06-30 16:23:33 +0000"
    },
    "done": true
  },
  "minecraft:recipes/building_blocks/dark_oak_slab": {
    "criteria": {
      "has_planks": "2024-06-30 16:32:46 +0000"
    },
    "done": true
  },
  "minecraft:recipes/decorations/chest": {
    "criteria": {
      "has_lots_of_items": "2024-06-30 16:21:31 +0000"
    },
    "done": true
  },
  "minecraft:recipes/combat/golden_sword": {
    "criteria": {
      "has_gold_ingot": "2024-06-30 16:38:22 +0000"
    },
    "done": true
  },
  "securitycraft:recipes/securitycraft/reinforced_redstone_lamp": {
    "criteria": {
      "has_redstone": "2024-06-30 17:43:43 +0000"
    },
    "done": true
  },
  "minecraft:recipes/building_blocks/cobbled_deepslate_slab": {
    "criteria": {
      "has_cobbled_deepslate": "2024-06-30 17:46:20 +0000"
    },
    "done": true
  },
  "minecraft:recipes/transportation/mangrove_boat": {
    "criteria": {
      "in_water": "2024-06-30 16:22:11 +0000"
    },
    "done": true
  },
  "minecraft:recipes/redstone/spruce_button": {
    "criteria": {
      "has_planks": "2024-06-30 16:27:55 +0000"
    },
    "done": true
  },
  "minecraft:recipes/decorations/mangrove_sign": {
    "criteria": {
      "has_planks": "2024-06-30 17:53:47 +0000"
    },
    "done": true
  },
  "minecraft:recipes/tools/wooden_shovel": {
    "criteria": {
      "has_stick": "2024-06-30 16:19:54 +0000"
    },
    "done": true
  },
  "minecraft:recipes/decorations/torch": {
    "criteria": {
      "has_stone_pickaxe": "2024-06-30 16:21:01 +0000"
    },
    "done": true
  },
  "minecraft:recipes/redstone/dark_oak_button": {
    "criteria": {
      "has_planks": "2024-06-30 16:32:46 +0000"
    },
    "done": true
  },
  "diamethysts:items/diamethyst_quartz_bow_upper_section": {
    "criteria": {
      "has_stick": "2024-06-30 16:19:54 +0000"
    },
    "done": true
  },
  "minecraft:recipes/tools/shears": {
    "criteria": {
      "has_iron_ingot": "2024-06-30 16:47:47 +0000"
    },
    "done": true
  },
  "minecraft:recipes/misc/stick": {
    "criteria": {
      "has_planks": "2024-06-30 16:15:18 +0000"
    },
    "done": true
  },
  "cfm:recipes/cfm/acacia_cabinet": {
    "criteria": {
      "has_log": "2024-06-30 16:23:33 +0000"
    },
    "done": true
  },
  "cfm:recipes/cfm/brown_grill": {
    "criteria": {
      "has_iron": "2024-06-30 16:47:47 +0000"
    },
    "done": true
  },
  "diamethysts:tools/diamethyst_iron_shovel": {
    "criteria": {
      "has_ingot": "2024-06-30 16:47:47 +0000"
    },
    "done": true
  },
  "minecraft:recipes/misc/flower_banner_pattern": {
    "criteria": {
      "has_oxeye_daisy": "2024-06-30 16:47:56 +0000"
    },
    "done": true
  },
  "cfm:recipes/cfm/green_grill": {
    "criteria": {
      "has_iron": "2024-06-30 16:47:47 +0000"
    },
    "done": true
  },
  "diamethysts:items/strung_diamond": {
    "criteria": {
      "has_string": "2024-06-30 18:14:24 +0000"
    },
    "done": true
  },
  "cfm:recipes/cfm/dark_oak_desk": {
    "criteria": {
      "has_planks": "2024-06-30 16:32:46 +0000"
    },
    "done": true
  },
  "minecraft:recipes/redstone/dispenser": {
    "criteria": {
      "has_bow": "2024-06-30 17:49:49 +0000"
    },
    "done": true
  },
  "cfm:recipes/cfm/dark_oak_kitchen_drawer": {
    "criteria": {
      "has_planks": "2024-06-30 16:32:46 +0000"
    },
    "done": true
  },
  "cfm:recipes/cfm/crimson_kitchen_sink_light": {
    "criteria": {
      "has_bucket": "2024-07-01 17:04:54 +0000"
    },
    "done": true
  },
  "securitycraft:recipes/securitycraft/electrified_iron_fence": {
    "criteria": {
      "has_iron": "2024-06-30 16:47:47 +0000"
    },
    "done": true
  },
  "minecraft:recipes/building_blocks/emerald_block": {
    "criteria": {
      "has_emerald": "2024-06-30 18:01:52 +0000"
    },
    "done": true
  },
  "cfm:recipes/cfm/acacia_kitchen_counter": {
    "criteria": {
      "has_log": "2024-06-30 16:23:33 +0000"
    },
    "done": true
  },
  "minecraft:recipes/food/cake": {
    "criteria": {
      "has_egg": "2024-07-01 17:03:19 +0000"
    },
    "done": true
  },
  "cfm:recipes/cfm/stripped_jungle_kitchen_sink_dark": {
    "criteria": {
      "has_bucket": "2024-07-01 17:04:54 +0000"
    },
    "done": true
  },
  "diamethysts:items/diamethyst_arrow": {
    "criteria": {
      "has_stick": "2024-06-30 16:19:54 +0000"
    },
    "done": true
  },
  "diamethysts:tools/diamethyst_iron_axe": {
    "criteria": {
      "has_ingot": "2024-06-30 16:47:47 +0000"
    },
    "done": true
  },
  "securitycraft:recipes/securitycraft/display_case": {
    "criteria": {
      "has_item_frame": "2024-06-30 16:30:12 +0000"
    },
    "done": true
  },
  "minecraft:recipes/combat/iron_leggings": {
    "criteria": {
      "has_iron_ingot": "2024-06-30 16:47:47 +0000"
    },
    "done": true
  },
  "minecraft:recipes/redstone/dark_oak_door": {
    "criteria": {
      "has_planks": "2024-06-30 16:32:46 +0000"
    },
    "done": true
  },
  "diamethysts:items/diamethyst_iron_arrow": {
    "criteria": {
      "has_ingot": "2024-06-30 16:47:47 +0000"
    },
    "done": true
  },
  "diamethysts:weapons/diamethyst_iron_battle_axe": {
    "criteria": {
      "has_ingot": "2024-06-30 16:47:47 +0000"
    },
    "done": true
  },
  "minecraft:recipes/combat/shield": {
    "criteria": {
      "has_iron_ingot": "2024-06-30 16:47:47 +0000"
    },
    "done": true
  },
  "cfm:recipes/cfm/gray_kitchen_sink": {
    "criteria": {
      "has_bucket": "2024-07-01 17:04:54 +0000"
    },
    "done": true
  },
  "minecraft:recipes/building_blocks/cobblestone_slab": {
    "criteria": {
      "has_cobblestone": "2024-06-30 16:20:47 +0000"
    },
    "done": true
  },
  "cfm:recipes/cfm/spruce_cabinet": {
    "criteria": {
      "has_planks": "2024-06-30 16:27:55 +0000"
    },
    "done": true
  },
  "diamethysts:weapons/diamethyst_gold_bow": {
    "criteria": {
      "has_string": "2024-06-30 18:14:24 +0000"
    },
    "done": true
  },
  "cfm:recipes/cfm/oak_bedside_cabinet": {
    "criteria": {
      "has_log": "2024-06-30 16:14:28 +0000"
    },
    "done": true
  },
  "minecraft:recipes/redstone/hopper": {
    "criteria": {
      "has_iron_ingot": "2024-06-30 16:47:47 +0000"
    },
    "done": true
  },
  "minecraft:recipes/decorations/cobbled_deepslate_wall_from_cobbled_deepslate_stonecutting": {
    "criteria": {
      "has_cobbled_deepslate": "2024-06-30 17:46:20 +0000"
    },
    "done": true
  },
  "cfm:recipes/cfm/orange_grill": {
    "criteria": {
      "has_iron": "2024-06-30 16:47:47 +0000"
    },
    "done": true
  },
  "securitycraft:recipes/securitycraft/taser": {
    "criteria": {
      "has_redstone": "2024-06-30 17:43:43 +0000"
    },
    "done": true
  },
  "minecraft:recipes/transportation/jungle_chest_boat": {
    "criteria": {
      "has_boat": "2024-07-01 17:22:10 +0000"
    },
    "done": true
  },
  "rpgsmw:choose_your_class": {
    "criteria": {
      "choose_your_class": "2024-06-30 16:13:16 +0000"
    },
    "done": true
  },
  "minecraft:recipes/building_blocks/deepslate_tile_stairs_from_cobbled_deepslate_stonecutting": {
    "criteria": {
      "has_cobbled_deepslate": "2024-06-30 17:46:20 +0000"
    },
    "done": true
  },
  "cfm:recipes/cfm/mangrove_kitchen_counter": {
    "criteria": {
      "has_planks": "2024-06-30 17:53:47 +0000"
    },
    "done": true
  },
  "minecraft:recipes/building_blocks/mangrove_planks": {
    "criteria": {
      "has_logs": "2024-06-30 16:27:39 +0000"
    },
    "done": true
  },
  "minecraft:recipes/misc/brick": {
    "criteria": {
      "has_clay_ball": "2024-06-30 18:01:46 +0000"
    },
    "done": true
  },
  "cfm:recipes/cfm/stripped_acacia_kitchen_counter": {
    "criteria": {
      "has_log": "2024-06-30 16:23:33 +0000"
    },
    "done": true
  },
  "cfm:recipes/cfm/acacia_crate": {
    "criteria": {
      "has_log": "2024-06-30 16:23:33 +0000"
    },
    "done": true
  },
  "cfm:recipes/cfm/blue_grill": {
    "criteria": {
      "has_iron": "2024-06-30 16:47:47 +0000"
    },
    "done": true
  },
  "diamethysts:weapons/diamethyst_emerald_battle_axe": {
    "criteria": {
      "has_gem": "2024-06-30 18:01:52 +0000"
    },
    "done": true
  },
  "minecraft:recipes/combat/leather_leggings": {
    "criteria": {
      "has_leather": "2024-06-30 18:06:16 +0000"
    },
    "done": true
  },
  "cfm:recipes/cfm/black_kitchen_sink": {
    "criteria": {
      "has_bucket": "2024-07-01 17:04:54 +0000"
    },
    "done": true
  },
  "cfm:recipes/cfm/jungle_kitchen_sink_light": {
    "criteria": {
      "has_bucket": "2024-07-01 17:04:54 +0000"
    },
    "done": true
  },
  "minecraft:recipes/food/cooked_mutton_from_grill_cooking": {
    "criteria": {
      "has_mutton": "2024-07-01 18:09:56 +0000"
    },
    "done": true
  },
  "securitycraft:recipes/securitycraft/security_camera": {
    "criteria": {
      "has_iron": "2024-06-30 16:47:47 +0000"
    },
    "done": true
  },
  "diamethysts:items/diamethyst_copper_bow_upper_section": {
    "criteria": {
      "has_stick": "2024-06-30 16:19:54 +0000"
    },
    "done": true
  },
  "minecraft:recipes/redstone/lectern": {
    "criteria": {
      "has_book": "2024-06-30 16:31:43 +0000"
    },
    "done": true
  },
  "securitycraft:recipes/securitycraft/door_indestructible_iron_item": {
    "criteria": {
      "has_iron": "2024-06-30 16:47:47 +0000"
    },
    "done": true
  },
  "minecraft:recipes/decorations/acacia_fence": {
    "criteria": {
      "has_planks": "2024-06-30 16:23:37 +0000"
    },
    "done": true
  },
  "cfm:recipes/cfm/spruce_kitchen_sink_dark": {
    "criteria": {
      "has_bottom": "2024-06-30 16:27:55 +0000"
    },
    "done": true
  },
  "cfm:recipes/cfm/purple_grill": {
    "criteria": {
      "has_iron": "2024-06-30 16:47:47 +0000"
    },
    "done": true
  },
  "minecraft:recipes/decorations/magenta_bed_from_white_bed": {
    "criteria": {
      "has_bed": "2024-06-30 18:19:30 +0000"
    },
    "done": true
  },
  "spartanshields:recipes/spartanshields/golden_tower_shield": {
    "criteria": {
      "has_gold_ingot": "2024-06-30 16:38:22 +0000"
    },
    "done": true
  },
  "minecraft:recipes/decorations/iron_bars": {
    "criteria": {
      "has_iron_ingot": "2024-06-30 16:47:47 +0000"
    },
    "done": true
  },
  "minecraft:recipes/building_blocks/andesite_stairs_from_andesite_stonecutting": {
    "criteria": {
      "has_andesite": "2024-06-30 17:11:52 +0000"
    },
    "done": true
  },
  "cfm:recipes/cfm/dark_oak_kitchen_sink_dark": {
    "criteria": {
      "has_bottom": "2024-06-30 16:32:46 +0000"
    },
    "done": true
  },
  "cfm:recipes/cfm/purple_kitchen_sink": {
    "criteria": {
      "has_bucket": "2024-07-01 17:04:54 +0000"
    },
    "done": true
  },
  "minecraft:recipes/building_blocks/gold_block": {
    "criteria": {
      "has_gold_ingot": "2024-06-30 16:38:22 +0000"
    },
    "done": true
  },
  "minecraft:recipes/transportation/acacia_chest_boat": {
    "criteria": {
      "has_boat": "2024-07-01 17:22:10 +0000"
    },
    "done": true
  },
  "minecraft:recipes/building_blocks/blue_wool": {
    "criteria": {
      "has_white_wool": "2024-07-01 18:09:56 +0000"
    },
    "done": true
  },
  "securitycraft:recipes/securitycraft/portable_radar": {
    "criteria": {
      "has_redstone": "2024-06-30 17:43:43 +0000"
    },
    "done": true
  },
  "minecraft:recipes/redstone/mangrove_pressure_plate": {
    "criteria": {
      "has_planks": "2024-06-30 17:53:47 +0000"
    },
    "done": true
  },
  "cfm:recipes/cfm/dark_oak_crate": {
    "criteria": {
      "has_planks": "2024-06-30 16:32:46 +0000"
    },
    "done": true
  },
  "minecraft:recipes/redstone/mangrove_button": {
    "criteria": {
      "has_planks": "2024-06-30 17:53:47 +0000"
    },
    "done": true
  },
  "minecraft:recipes/decorations/deepslate_brick_wall_from_cobbled_deepslate_stonecutting": {
    "criteria": {
      "has_cobbled_deepslate": "2024-06-30 17:46:20 +0000"
    },
    "done": true
  },
  "spartanshields:recipes/spartanshields/copper_basic_shield": {
    "criteria": {
      "has_copper_ingot": "2024-06-30 17:51:33 +0000"
    },
    "done": true
  },
  "cfm:recipes/cfm/mangrove_kitchen_sink_light": {
    "criteria": {
      "has_bottom": "2024-06-30 17:53:47 +0000"
    },
    "done": true
  },
  "cfm:recipes/cfm/dark_oak_kitchen_sink_light": {
    "criteria": {
      "has_bottom": "2024-06-30 16:32:46 +0000"
    },
    "done": true
  },
  "minecraft:recipes/brewing/cauldron": {
    "criteria": {
      "has_water_bucket": "2024-07-01 17:05:08 +0000"
    },
    "done": true
  },
  "minecraft:recipes/combat/diamond_leggings": {
    "criteria": {
      "has_diamond": "2024-06-30 18:23:07 +0000"
    },
    "done": true
  },
  "minecraft:adventure/sleep_in_bed": {
    "criteria": {
      "slept_in_bed": "2024-06-30 16:45:58 +0000"
    },
    "done": true
  },
  "minecraft:recipes/building_blocks/cobblestone_slab_from_cobblestone_stonecutting": {
    "criteria": {
      "has_cobblestone": "2024-06-30 16:20:47 +0000"
    },
    "done": true
  },
  "minecraft:recipes/building_blocks/oak_stairs": {
    "criteria": {
      "has_planks": "2024-06-30 16:15:18 +0000"
    },
    "done": true
  },
  "cfm:recipes/cfm/oak_kitchen_drawer": {
    "criteria": {
      "has_log": "2024-06-30 16:14:28 +0000"
    },
    "done": true
  },
  "minecraft:recipes/building_blocks/polished_andesite_slab_from_andesite_stonecutting": {
    "criteria": {
      "has_andesite": "2024-06-30 17:11:52 +0000"
    },
    "done": true
  },
  "cfm:recipes/cfm/stripped_oak_coffee_table": {
    "criteria": {
      "has_planks": "2024-06-30 16:14:28 +0000"
    },
    "done": true
  },
  "cfm:recipes/cfm/stripped_oak_cabinet": {
    "criteria": {
      "has_log": "2024-06-30 16:14:28 +0000"
    },
    "done": true
  },
  "minecraft:recipes/transportation/acacia_boat": {
    "criteria": {
      "in_water": "2024-06-30 16:22:11 +0000"
    },
    "done": true
  },
  "minecraft:recipes/misc/copper_ingot_from_blasting_raw_copper": {
    "criteria": {
      "has_raw_copper": "2024-06-30 17:41:38 +0000"
    },
    "done": true
  },
  "minecraft:recipes/redstone/iron_trapdoor": {
    "criteria": {
      "has_iron_ingot": "2024-06-30 16:47:47 +0000"
    },
    "done": true
  },
  "minecraft:recipes/building_blocks/ice_from_freezing": {
    "criteria": {
      "has_water": "2024-07-01 17:05:08 +0000"
    },
    "done": true
  },
  "minecraft:adventure/root": {
    "criteria": {
      "killed_something": "2024-06-30 16:17:00 +0000"
    },
    "done": true
  },
  "spartanshields:recipes/spartanshields/diamond_tower_shield": {
    "criteria": {
      "has_diamond": "2024-06-30 18:23:07 +0000"
    },
    "done": true
  },
  "minecraft:recipes/transportation/dark_oak_chest_boat": {
    "criteria": {
      "has_boat": "2024-07-01 17:22:10 +0000"
    },
    "done": true
  },
  "cfm:recipes/cfm/stripped_mangrove_kitchen_sink_dark": {
    "criteria": {
      "has_bucket": "2024-07-01 17:04:54 +0000"
    },
    "done": true
  },
  "securitycraft:recipes/securitycraft/storage_module": {
    "criteria": {
      "has_iron": "2024-06-30 16:47:47 +0000"
    },
    "done": true
  },
  "minecraft:recipes/decorations/gray_bed_from_white_bed": {
    "criteria": {
      "has_bed": "2024-06-30 18:19:30 +0000"
    },
    "done": true
  },
  "diamethysts:items/leather_bound_stick": {
    "criteria": {
      "has_stick": "2024-06-30 16:19:54 +0000"
    },
    "done": true
  },
  "minecraft:recipes/building_blocks/white_wool_from_string": {
    "criteria": {
      "has_string": "2024-06-30 18:14:24 +0000"
    },
    "done": true
  },
  "minecraft:recipes/tools/diamond_pickaxe": {
    "criteria": {
      "has_diamond": "2024-06-30 18:23:07 +0000"
    },
    "done": true
  },
  "cfm:recipes/cfm/stripped_oak_desk_cabinet": {
    "criteria": {
      "has_planks": "2024-06-30 16:14:28 +0000"
    },
    "done": true
  },
  "minecraft:recipes/redstone/lightning_rod": {
    "criteria": {
      "has_copper_ingot": "2024-06-30 17:51:33 +0000"
    },
    "done": true
  },
  "cfm:recipes/cfm/acacia_kitchen_sink_dark": {
    "criteria": {
      "has_bottom": "2024-06-30 16:23:37 +0000"
    },
    "done": true
  },
  "minecraft:adventure/kill_all_mobs": {
    "criteria": {
      "minecraft:skeleton": "2024-06-30 16:17:00 +0000",
      "minecraft:spider": "2024-06-30 17:10:45 +0000",
      "minecraft:husk": "2024-06-30 16:33:33 +0000",
      "minecraft:zombie": "2024-06-30 17:53:45 +0000",
      "minecraft:drowned": "2024-06-30 16:44:40 +0000"
    },
    "done": false
  },
  "cfm:recipes/cfm/stripped_spruce_kitchen_sink_light": {
    "criteria": {
      "has_bucket": "2024-07-01 17:04:54 +0000"
    },
    "done": true
  },
  "minecraft:recipes/redstone/redstone_block": {
    "criteria": {
      "has_redstone": "2024-06-30 17:43:43 +0000"
    },
    "done": true
  },
  "minecraft:recipes/building_blocks/polished_deepslate_from_cobbled_deepslate_stonecutting": {
    "criteria": {
      "has_cobbled_deepslate": "2024-06-30 17:46:20 +0000"
    },
    "done": true
  },
  "minecraft:recipes/food/cooked_beef_from_smoking": {
    "criteria": {
      "has_beef": "2024-06-30 18:09:58 +0000"
    },
    "done": true
  },
  "minecraft:recipes/decorations/fletching_table": {
    "criteria": {
      "has_flint": "2024-06-30 16:41:57 +0000"
    },
    "done": true
  },
  "diamethysts:tools/diamethyst_emerald_axe": {
    "criteria": {
      "has_gem": "2024-06-30 18:01:52 +0000"
    },
    "done": true
  },
  "minecraft:recipes/decorations/pink_bed_from_white_bed": {
    "criteria": {
      "has_bed": "2024-06-30 18:19:30 +0000"
    },
    "done": true
  },
  "minecraft:recipes/food/cooked_chicken_from_campfire_cooking": {
    "criteria": {
      "has_chicken": "2024-07-01 18:08:36 +0000"
    },
    "done": true
  },
  "minecraft:recipes/brewing/glistering_melon_slice": {
    "criteria": {
      "has_melon": "2024-07-01 18:19:28 +0000"
    },
    "done": true
  },
  "diamethysts:items/diamethyst_copper_plate": {
    "criteria": {
      "has_ingot": "2024-06-30 17:51:33 +0000"
    },
    "done": true
  },
  "minecraft:recipes/redstone/dark_oak_fence_gate": {
    "criteria": {
      "has_planks": "2024-06-30 16:32:46 +0000"
    },
    "done": true
  },
  "minecraft:recipes/misc/iron_nugget_from_smelting": {
    "criteria": {
      "has_iron_pickaxe": "2024-06-30 17:36:13 +0000"
    },
    "done": true
  },
  "minecraft:recipes/food/cooked_mutton_from_smoking": {
    "criteria": {
      "has_mutton": "2024-07-01 18:09:56 +0000"
    },
    "done": true
  },
  "minecraft:recipes/building_blocks/polished_deepslate_slab_from_cobbled_deepslate_stonecutting": {
    "criteria": {
      "has_cobbled_deepslate": "2024-06-30 17:46:20 +0000"
    },
    "done": true
  },
  "cfm:recipes/cfm/blue_kitchen_sink": {
    "criteria": {
      "has_bucket": "2024-07-01 17:04:54 +0000"
    },
    "done": true
  },
  "spartanshields:recipes/spartanshields/iron_tower_shield": {
    "criteria": {
      "has_iron_ingot": "2024-06-30 16:47:47 +0000"
    },
    "done": true
  },
  "cfm:recipes/cfm/pink_grill": {
    "criteria": {
      "has_iron": "2024-06-30 16:47:47 +0000"
    },
    "done": true
  },
  "minecraft:recipes/decorations/granite_wall_from_granite_stonecutting": {
    "criteria": {
      "has_granite": "2024-06-30 17:56:22 +0000"
    },
    "done": true
  },
  "spartanshields:recipes/spartanshields/iron_basic_shield": {
    "criteria": {
      "has_iron_ingot": "2024-06-30 16:47:47 +0000"
    },
    "done": true
  },
  "minecraft:recipes/decorations/chain": {
    "criteria": {
      "has_iron_ingot": "2024-06-30 16:47:47 +0000"
    },
    "done": true
  },
  "cfm:recipes/cfm/spruce_park_bench": {
    "criteria": {
      "has_planks": "2024-06-30 16:27:55 +0000"
    },
    "done": true
  },
  "cfm:recipes/cfm/magenta_grill": {
    "criteria": {
      "has_iron": "2024-06-30 16:47:47 +0000"
    },
    "done": true
  },
  "diamethysts:items/diamethyst_iron_bow_upper_section": {
    "criteria": {
      "has_stick": "2024-06-30 16:19:54 +0000"
    },
    "done": true
  },
  "minecraft:recipes/decorations/oak_fence": {
    "criteria": {
      "has_planks": "2024-06-30 16:15:18 +0000"
    },
    "done": true
  },
  "securitycraft:recipes/securitycraft/universal_block_modifier": {
    "criteria": {
      "has_redstone": "2024-06-30 17:43:43 +0000"
    },
    "done": true
  },
  "diamethysts:tools/diamethyst_diamond_hoe": {
    "criteria": {
      "has_gem": "2024-06-30 18:23:07 +0000"
    },
    "done": true
  },
  "cfm:recipes/cfm/spruce_table": {
    "criteria": {
      "has_planks": "2024-06-30 16:27:55 +0000"
    },
    "done": true
  },
  "minecraft:recipes/food/baked_potato_from_grill_cooking": {
    "criteria": {
      "has_potato": "2024-06-30 16:30:17 +0000"
    },
    "done": true
  },
  "diamethysts:tools/diamethyst_copper_hoe": {
    "criteria": {
      "has_ingot": "2024-06-30 17:51:33 +0000"
    },
    "done": true
  },
  "minecraft:recipes/food/baked_potato_from_campfire_cooking": {
    "criteria": {
      "has_potato": "2024-06-30 16:30:17 +0000"
    },
    "done": true
  },
  "diamethysts:tools/diamethyst_gold_axe": {
    "criteria": {
      "has_ingot": "2024-06-30 16:38:22 +0000"
    },
    "done": true
  },
  "minecraft:recipes/food/cooked_porkchop": {
    "criteria": {
      "has_porkchop": "2024-07-01 18:06:21 +0000"
    },
    "done": true
  },
  "minecraft:recipes/building_blocks/oak_slab": {
    "criteria": {
      "has_planks": "2024-06-30 16:15:18 +0000"
    },
    "done": true
  },
  "diamethysts:items/diamethyst_lapis_bow_lower_section": {
    "criteria": {
      "has_stick": "2024-06-30 16:19:54 +0000"
    },
    "done": true
  },
  "cfm:recipes/cfm/spruce_chair": {
    "criteria": {
      "has_planks": "2024-06-30 16:27:55 +0000"
    },
    "done": true
  },
  "diamethysts:items/diamethyst_gold_arrow": {
    "criteria": {
      "has_ingot": "2024-06-30 16:38:22 +0000"
    },
    "done": true
  },
  "minecraft:recipes/redstone/mangrove_door": {
    "criteria": {
      "has_planks": "2024-06-30 17:53:47 +0000"
    },
    "done": true
  },
  "cfm:recipes/cfm/stripped_oak_park_bench": {
    "criteria": {
      "has_log": "2024-06-30 16:14:28 +0000"
    },
    "done": true
  },
  "diamethysts:armor/diamethyst_gold_shield": {
    "criteria": {
      "has_planks": "2024-06-30 16:15:18 +0000"
    },
    "done": true
  },
  "minecraft:recipes/building_blocks/raw_copper_block": {
    "criteria": {
      "has_raw_copper": "2024-06-30 17:41:38 +0000"
    },
    "done": true
  },
  "minecraft:recipes/food/cooked_porkchop_from_campfire_cooking": {
    "criteria": {
      "has_porkchop": "2024-07-01 18:06:21 +0000"
    },
    "done": true
  },
  "deeperdarker:recipes/deeperdarker/echo_boat": {
    "criteria": {
      "in_water": "2024-06-30 16:22:11 +0000"
    },
    "done": true
  },
  "minecraft:recipes/building_blocks/granite_stairs": {
    "criteria": {
      "has_granite": "2024-06-30 17:56:22 +0000"
    },
    "done": true
  },
  "cfm:recipes/cfm/stripped_crimson_kitchen_sink_light": {
    "criteria": {
      "has_bucket": "2024-07-01 17:04:54 +0000"
    },
    "done": true
  },
  "minecraft:recipes/building_blocks/black_wool": {
    "criteria": {
      "has_white_wool": "2024-07-01 18:09:56 +0000"
    },
    "done": true
  },
  "cfm:recipes/cfm/stripped_mangrove_kitchen_sink_light": {
    "criteria": {
      "has_bucket": "2024-07-01 17:04:54 +0000"
    },
    "done": true
  },
  "minecraft:recipes/combat/golden_chestplate": {
    "criteria": {
      "has_gold_ingot": "2024-06-30 16:38:22 +0000"
    },
    "done": true
  },
  "minecraft:recipes/decorations/deepslate_tile_wall_from_cobbled_deepslate_stonecutting": {
    "criteria": {
      "has_cobbled_deepslate": "2024-06-30 17:46:20 +0000"
    },
    "done": true
  },
  "minecraft:recipes/misc/iron_ingot_from_blasting_raw_iron": {
    "criteria": {
      "has_raw_iron": "2024-06-30 17:21:21 +0000"
    },
    "done": true
  },
  "cfm:recipes/cfm/stripped_oak_kitchen_sink_dark": {
    "criteria": {
      "has_bucket": "2024-07-01 17:04:54 +0000"
    },
    "done": true
  },
  "minecraft:recipes/redstone/acacia_pressure_plate": {
    "criteria": {
      "has_planks": "2024-06-30 16:23:37 +0000"
    },
    "done": true
  },
  "minecraft:recipes/building_blocks/diorite_stairs_from_diorite_stonecutting": {
    "criteria": {
      "has_diorite": "2024-06-30 17:26:57 +0000"
    },
    "done": true
  },
  "cfm:recipes/cfm/stripped_acacia_crate": {
    "criteria": {
      "has_planks": "2024-06-30 16:23:33 +0000"
    },
    "done": true
  },
  "diamethysts:items/diamethyst_diamond_arrow": {
    "criteria": {
      "has_gem": "2024-06-30 18:23:07 +0000"
    },
    "done": true
  },
  "spartanshields:recipes/spartanshields/wooden_tower_shield": {
    "criteria": {
      "has_planks": "2024-06-30 16:15:18 +0000"
    },
    "done": true
  },
  "diamethysts:weapons/diamethyst_emerald_bow": {
    "criteria": {
      "has_string": "2024-06-30 18:14:24 +0000"
    },
    "done": true
  },
  "securitycraft:recipes/securitycraft/universal_key_changer": {
    "criteria": {
      "has_redstone": "2024-06-30 17:43:43 +0000"
    },
    "done": true
  },
  "minecraft:recipes/food/cooked_chicken_from_grill_cooking": {
    "criteria": {
      "has_chicken": "2024-07-01 18:08:36 +0000"
    },
    "done": true
  },
  "diamethysts:items/diamethyst_emerald_arrow": {
    "criteria": {
      "has_gem": "2024-06-30 18:01:52 +0000"
    },
    "done": true
  },
  "diamethysts:story/root": {
    "criteria": {
      "crafting_table": "2024-06-30 16:19:50 +0000"
    },
    "done": true
  },
  "cfm:recipes/cfm/stripped_oak_crate": {
    "criteria": {
      "has_planks": "2024-06-30 16:14:28 +0000"
    },
    "done": true
  },
  "minecraft:recipes/building_blocks/iron_block": {
    "criteria": {
      "has_iron_ingot": "2024-06-30 16:47:47 +0000"
    },
    "done": true
  },
  "cfm:recipes/cfm/fridge_dark": {
    "criteria": {
      "has_iron": "2024-06-30 16:47:47 +0000"
    },
    "done": true
  },
  "cfm:recipes/cfm/crimson_kitchen_sink_dark": {
    "criteria": {
      "has_bucket": "2024-07-01 17:04:54 +0000"
    },
    "done": true
  },
  "cfm:recipes/cfm/oak_chair": {
    "criteria": {
      "has_log": "2024-06-30 16:14:28 +0000"
    },
    "done": true
  },
  "diamethysts:items/diamethyst_copper_bow_lower_section": {
    "criteria": {
      "has_stick": "2024-06-30 16:19:54 +0000"
    },
    "done": true
  },
  "minecraft:recipes/misc/red_dye_from_poppy": {
    "criteria": {
      "has_poppy": "2024-06-30 18:17:52 +0000"
    },
    "done": true
  },
  "diamethysts:armor/diamethyst_quartz_shield": {
    "criteria": {
      "has_planks": "2024-06-30 16:15:18 +0000"
    },
    "done": true
  },
  "cfm:recipes/cfm/mangrove_chair": {
    "criteria": {
      "has_planks": "2024-06-30 17:53:47 +0000"
    },
    "done": true
  },
  "minecraft:recipes/building_blocks/acacia_wood": {
    "criteria": {
      "has_log": "2024-06-30 16:23:33 +0000"
    },
    "done": true
  },
  "cfm:recipes/cfm/mangrove_kitchen_drawer": {
    "criteria": {
      "has_planks": "2024-06-30 17:53:47 +0000"
    },
    "done": true
  },
  "mowziesmobs:root": {
    "criteria": {
      "custom_test_name": "2024-06-30 16:13:16 +0000"
    },
    "done": true
  },
  "minecraft:recipes/building_blocks/clay": {
    "criteria": {
      "has_clay_ball": "2024-06-30 18:01:46 +0000"
    },
    "done": true
  },
  "cfm:recipes/cfm/acacia_kitchen_sink_light": {
    "criteria": {
      "has_bottom": "2024-06-30 16:23:37 +0000"
    },
    "done": true
  },
  "minecraft:story/deflect_arrow": {
    "criteria": {
      "deflected_projectile": "2024-06-30 18:13:39 +0000"
    },
    "done": true
  },
  "securitycraft:recipes/securitycraft/username_logger": {
    "criteria": {
      "has_redstone": "2024-06-30 17:43:43 +0000"
    },
    "done": true
  },
  "minecraft:recipes/building_blocks/light_blue_wool": {
    "criteria": {
      "has_white_wool": "2024-07-01 18:09:56 +0000"
    },
    "done": true
  },
  "minecraft:recipes/combat/wooden_sword": {
    "criteria": {
      "has_stick": "2024-06-30 16:19:54 +0000"
    },
    "done": true
  },
  "minecraft:recipes/building_blocks/oak_planks": {
    "criteria": {
      "has_logs": "2024-06-30 16:14:28 +0000"
    },
    "done": true
  },
  "diamethysts:tools/diamethyst_emerald_pickaxe": {
    "criteria": {
      "has_gem": "2024-06-30 18:01:52 +0000"
    },
    "done": true
  },
  "cfm:recipes/cfm/cyan_kitchen_sink": {
    "criteria": {
      "has_bucket": "2024-07-01 17:04:54 +0000"
    },
    "done": true
  },
  "cfm:recipes/cfm/spruce_coffee_table": {
    "criteria": {
      "has_planks": "2024-06-30 16:27:55 +0000"
    },
    "done": true
  },
  "securitycraft:recipes/securitycraft/cage_trap": {
    "criteria": {
      "has_redstone": "2024-06-30 17:43:43 +0000"
    },
    "done": true
  },
  "cfm:recipes/cfm/dark_oak_table": {
    "criteria": {
      "has_planks": "2024-06-30 16:32:46 +0000"
    },
    "done": true
  },
  "cfm:recipes/cfm/stripped_oak_kitchen_counter": {
    "criteria": {
      "has_log": "2024-06-30 16:14:28 +0000"
    },
    "done": true
  },
  "securitycraft:recipes/securitycraft/smart_module": {
    "criteria": {
      "has_iron": "2024-06-30 16:47:47 +0000"
    },
    "done": true
  },
  "minecraft:recipes/building_blocks/bookshelf": {
    "criteria": {
      "has_book": "2024-06-30 16:31:43 +0000"
    },
    "done": true
  },
  "minecraft:recipes/tools/golden_axe": {
    "criteria": {
      "has_gold_ingot": "2024-06-30 16:38:22 +0000"
    },
    "done": true
  },
  "spartanshields:recipes/spartanshields/obsidian_tower_shield": {
    "criteria": {
      "has_obsidian": "2024-06-30 16:41:50 +0000"
    },
    "done": true
  },
  "securitycraft:recipes/securitycraft/block_change_detector": {
    "criteria": {
      "has_iron": "2024-06-30 16:47:47 +0000"
    },
    "done": true
  },
  "minecraft:recipes/tools/iron_axe": {
    "criteria": {
      "has_iron_ingot": "2024-06-30 16:47:47 +0000"
    },
    "done": true
  },
  "minecraft:recipes/transportation/mangrove_chest_boat": {
    "criteria": {
      "has_boat": "2024-07-01 17:22:10 +0000"
    },
    "done": true
  },
  "cfm:recipes/cfm/green_kitchen_sink": {
    "criteria": {
      "has_bucket": "2024-07-01 17:04:54 +0000"
    },
    "done": true
  },
  "minecraft:recipes/redstone/tripwire_hook": {
    "criteria": {
      "has_string": "2024-06-30 18:14:24 +0000"
    },
    "done": true
  },
  "minecraft:recipes/combat/iron_boots": {
    "criteria": {
      "has_iron_ingot": "2024-06-30 16:47:47 +0000"
    },
    "done": true
  },
  "minecraft:recipes/misc/bone_meal": {
    "criteria": {
      "has_bone": "2024-06-30 16:29:05 +0000"
    },
    "done": true
  },
  "diamethysts:items/strung_emerald": {
    "criteria": {
      "has_gem": "2024-06-30 18:01:52 +0000"
    },
    "done": true
  },
  "cfm:recipes/cfm/stripped_acacia_kitchen_sink_dark": {
    "criteria": {
      "has_bucket": "2024-07-01 17:04:54 +0000"
    },
    "done": true
  },
  "cfm:recipes/cfm/dark_oak_desk_cabinet": {
    "criteria": {
      "has_planks": "2024-06-30 16:32:46 +0000"
    },
    "done": true
  },
  "minecraft:story/iron_tools": {
    "criteria": {
      "iron_pickaxe": "2024-06-30 17:36:13 +0000"
    },
    "done": true
  },
  "diamethysts:items/diamethyst_diamond_bow_upper_section": {
    "criteria": {
      "has_stick": "2024-06-30 16:19:54 +0000"
    },
    "done": true
  },
  "minecraft:recipes/combat/crossbow": {
    "criteria": {
      "has_stick": "2024-06-30 16:19:54 +0000"
    },
    "done": true
  },
  "cfm:recipes/cfm/acacia_blinds": {
    "criteria": {
      "has_log": "2024-06-30 16:23:33 +0000"
    },
    "done": true
  },
  "minecraft:recipes/combat/iron_chestplate": {
    "criteria": {
      "has_iron_ingot": "2024-06-30 16:47:47 +0000"
    },
    "done": true
  },
  "minecraft:recipes/decorations/cobbled_deepslate_wall": {
    "criteria": {
      "has_cobbled_deepslate": "2024-06-30 17:46:20 +0000"
    },
    "done": true
  },
  "diamethysts:items/diamethyst_bow_lower_section": {
    "criteria": {
      "has_item2": "2024-06-30 16:19:54 +0000"
    },
    "done": true
  },
  "minecraft:recipes/redstone/spruce_pressure_plate": {
    "criteria": {
      "has_planks": "2024-06-30 16:27:55 +0000"
    },
    "done": true
  },
  "minecraft:recipes/building_blocks/yellow_wool": {
    "criteria": {
      "has_white_wool": "2024-07-01 18:09:56 +0000"
    },
    "done": true
  },
  "cfm:recipes/cfm/acacia_table": {
    "criteria": {
      "has_log": "2024-06-30 16:23:33 +0000"
    },
    "done": true
  },
  "minecraft:recipes/redstone/dark_oak_trapdoor": {
    "criteria": {
      "has_planks": "2024-06-30 16:32:46 +0000"
    },
    "done": true
  },
  "minecraft:recipes/decorations/oak_sign": {
    "criteria": {
      "has_planks": "2024-06-30 16:15:18 +0000"
    },
    "done": true
  },
  "minecraft:recipes/food/cooked_porkchop_from_smoking": {
    "criteria": {
      "has_porkchop": "2024-07-01 18:06:21 +0000"
    },
    "done": true
  },
  "minecraft:recipes/redstone/oak_trapdoor": {
    "criteria": {
      "has_planks": "2024-06-30 16:15:18 +0000"
    },
    "done": true
  },
  "cfm:recipes/cfm/acacia_park_bench": {
    "criteria": {
      "has_log": "2024-06-30 16:23:33 +0000"
    },
    "done": true
  },
  "minecraft:recipes/building_blocks/polished_diorite_from_diorite_stonecutting": {
    "criteria": {
      "has_diorite": "2024-06-30 17:26:57 +0000"
    },
    "done": true
  },
  "minecraft:recipes/building_blocks/granite_stairs_from_granite_stonecutting": {
    "criteria": {
      "has_granite": "2024-06-30 17:56:22 +0000"
    },
    "done": true
  },
  "diamethysts:weapons/diamethyst_copper_battle_axe": {
    "criteria": {
      "has_ingot": "2024-06-30 17:51:33 +0000"
    },
    "done": true
  },
  "cfm:recipes/cfm/stripped_oak_desk": {
    "criteria": {
      "has_planks": "2024-06-30 16:14:28 +0000"
    },
    "done": true
  },
  "securitycraft:recipes/securitycraft/portable_tune_player": {
    "criteria": {
      "has_redstone": "2024-06-30 17:43:43 +0000"
    },
    "done": true
  },
  "minecraft:recipes/decorations/light_blue_bed_from_white_bed": {
    "criteria": {
      "has_bed": "2024-06-30 18:19:30 +0000"
    },
    "done": true
  },
  "minecraft:recipes/misc/iron_nugget_from_blasting": {
    "criteria": {
      "has_iron_pickaxe": "2024-06-30 17:36:13 +0000"
    },
    "done": true
  },
  "minecraft:recipes/decorations/polished_deepslate_wall_from_cobbled_deepslate_stonecutting": {
    "criteria": {
      "has_cobbled_deepslate": "2024-06-30 17:46:20 +0000"
    },
    "done": true
  },
  "securitycraft:recipes/securitycraft/reinforced_diorite": {
    "criteria": {
      "has_cobblestone": "2024-06-30 16:20:47 +0000"
    },
    "done": true
  },
  "securitycraft:recipes/securitycraft/trophy_system": {
    "criteria": {
      "has_iron": "2024-06-30 16:47:47 +0000"
    },
    "done": true
  },
  "minecraft:adventure/kill_a_mob": {
    "criteria": {
      "minecraft:skeleton": "2024-06-30 16:17:00 +0000"
    },
    "done": true
  },
  "securitycraft:recipes/securitycraft/camera_monitor": {
    "criteria": {
      "has_iron": "2024-06-30 16:47:47 +0000"
    },
    "done": true
  },
  "minecraft:recipes/tools/golden_pickaxe": {
    "criteria": {
      "has_gold_ingot": "2024-06-30 16:38:22 +0000"
    },
    "done": true
  },
  "minecraft:recipes/decorations/diorite_wall": {
    "criteria": {
      "has_diorite": "2024-06-30 17:26:57 +0000"
    },
    "done": true
  },
  "securitycraft:recipes/securitycraft/limited_use_keycard": {
    "criteria": {
      "has_iron": "2024-06-30 16:47:47 +0000"
    },
    "done": true
  },
  "cfm:recipes/cfm/stripped_birch_kitchen_sink_dark": {
    "criteria": {
      "has_bucket": "2024-07-01 17:04:54 +0000"
    },
    "done": true
  },
  "minecraft:recipes/building_blocks/stone": {
    "criteria": {
      "has_cobblestone": "2024-06-30 16:20:47 +0000"
    },
    "done": true
  },
  "diamethysts:tools/diamethyst_gold_shovel": {
    "criteria": {
      "has_ingot": "2024-06-30 16:38:22 +0000"
    },
    "done": true
  },
  "minecraft:recipes/building_blocks/deepslate_bricks_from_cobbled_deepslate_stonecutting": {
    "criteria": {
      "has_cobbled_deepslate": "2024-06-30 17:46:20 +0000"
    },
    "done": true
  },
  "minecraft:adventure/adventuring_time": {
    "criteria": {
      "minecraft:savanna_plateau": "2024-07-01 18:06:51 +0000",
      "minecraft:beach": "2024-06-30 16:45:25 +0000",
      "minecraft:sparse_jungle": "2024-06-30 16:47:20 +0000",
      "minecraft:river": "2024-06-30 16:44:22 +0000",
      "minecraft:dripstone_caves": "2024-06-30 17:40:35 +0000",
      "minecraft:forest": "2024-06-30 16:13:17 +0000",
      "minecraft:jungle": "2024-06-30 18:09:03 +0000",
      "minecraft:savanna": "2024-06-30 16:15:01 +0000",
      "minecraft:plains": "2024-06-30 16:45:52 +0000"
    },
    "done": false
  },
  "minecraft:recipes/building_blocks/deepslate_brick_stairs_from_cobbled_deepslate_stonecutting": {
    "criteria": {
      "has_cobbled_deepslate": "2024-06-30 17:46:20 +0000"
    },
    "done": true
  },
  "minecraft:recipes/decorations/purple_bed_from_white_bed": {
    "criteria": {
      "has_bed": "2024-06-30 18:19:30 +0000"
    },
    "done": true
  },
  "cfm:recipes/cfm/stripped_crimson_kitchen_sink_dark": {
    "criteria": {
      "has_bucket": "2024-07-01 17:04:54 +0000"
    },
    "done": true
  },
  "diamethysts:weapons/diamethyst_gold_battle_axe": {
    "criteria": {
      "has_ingot": "2024-06-30 16:38:22 +0000"
    },
    "done": true
  },
  "cfm:recipes/cfm/red_grill": {
    "criteria": {
      "has_iron": "2024-06-30 16:47:47 +0000"
    },
    "done": true
  },
  "securitycraft:recipes/securitycraft/whitelist_module": {
    "criteria": {
      "has_iron": "2024-06-30 16:47:47 +0000"
    },
    "done": true
  },
  "minecraft:recipes/combat/stone_sword": {
    "criteria": {
      "has_cobblestone": "2024-06-30 16:20:47 +0000"
    },
    "done": true
  },
  "diamethysts:armor/diamethyst_emerald_shield": {
    "criteria": {
      "has_planks": "2024-06-30 16:15:18 +0000"
    },
    "done": true
  },
  "minecraft:recipes/decorations/barrel": {
    "criteria": {
      "has_planks": "2024-06-30 16:15:18 +0000"
    },
    "done": true
  },
  "minecraft:recipes/decorations/cobblestone_wall": {
    "criteria": {
      "has_cobblestone": "2024-06-30 16:20:47 +0000"
    },
    "done": true
  },
  "cfm:recipes/cfm/acacia_desk": {
    "criteria": {
      "has_log": "2024-06-30 16:23:33 +0000"
    },
    "done": true
  },
  "cfm:recipes/cfm/acacia_upgraded_gate": {
    "criteria": {
      "has_log": "2024-06-30 16:23:33 +0000"
    },
    "done": true
  },
  "minecraft:recipes/misc/iron_ingot_from_smelting_raw_iron": {
    "criteria": {
      "has_raw_iron": "2024-06-30 17:21:21 +0000"
    },
    "done": true
  },
  "minecraft:recipes/tools/stone_pickaxe": {
    "criteria": {
      "has_cobblestone": "2024-06-30 16:20:47 +0000"
    },
    "done": true
  },
  "cfm:recipes/cfm/stripped_acacia_kitchen_sink_light": {
    "criteria": {
      "has_bucket": "2024-07-01 17:04:54 +0000"
    },
    "done": true
  },
  "minecraft:recipes/decorations/smithing_table": {
    "criteria": {
      "has_iron_ingot": "2024-06-30 16:47:47 +0000"
    },
    "done": true
  },
  "cfm:recipes/cfm/oak_desk_cabinet": {
    "criteria": {
      "has_log": "2024-06-30 16:14:28 +0000"
    },
    "done": true
  },
  "minecraft:recipes/building_blocks/deepslate_brick_slab_from_cobbled_deepslate_stonecutting": {
    "criteria": {
      "has_cobbled_deepslate": "2024-06-30 17:46:20 +0000"
    },
    "done": true
  },
  "diamethysts:items/diamethyst_copper_hilt": {
    "criteria": {
      "has_ingot": "2024-06-30 17:51:33 +0000"
    },
    "done": true
  },
  "minecraft:recipes/combat/leather_boots": {
    "criteria": {
      "has_leather": "2024-06-30 18:06:16 +0000"
    },
    "done": true
  },
  "diamethysts:tools/diamethyst_emerald_shovel": {
    "criteria": {
      "has_gem": "2024-06-30 18:01:52 +0000"
    },
    "done": true
  },
  "minecraft:recipes/decorations/cobblestone_wall_from_cobblestone_stonecutting": {
    "criteria": {
      "has_cobblestone": "2024-06-30 16:20:47 +0000"
    },
    "done": true
  },
  "cfm:recipes/cfm/mangrove_coffee_table": {
    "criteria": {
      "has_planks": "2024-06-30 17:53:47 +0000"
    },
    "done": true
  },
  "diamethysts:tools/diamethyst_copper_pickaxe": {
    "criteria": {
      "has_ingot": "2024-06-30 17:51:33 +0000"
    },
    "done": true
  },
  "minecraft:recipes/building_blocks/diamond_block": {
    "criteria": {
      "has_diamond": "2024-06-30 18:23:07 +0000"
    },
    "done": true
  },
  "cfm:recipes/cfm/black_grill": {
    "criteria": {
      "has_iron": "2024-06-30 16:47:47 +0000"
    },
    "done": true
  },
  "cfm:recipes/cfm/mangrove_cabinet": {
    "criteria": {
      "has_planks": "2024-06-30 17:53:47 +0000"
    },
    "done": true
  },
  "diamethysts:items/diamethyst_diamond_bow_lower_section": {
    "criteria": {
      "has_stick": "2024-06-30 16:19:54 +0000"
    },
    "done": true
  },
  "cfm:recipes/cfm/warped_kitchen_sink_light": {
    "criteria": {
      "has_bucket": "2024-07-01 17:04:54 +0000"
    },
    "done": true
  },
  "diamethysts:weapons/diamethyst_diamond_bow": {
    "criteria": {
      "has_string": "2024-06-30 18:14:24 +0000"
    },
    "done": true
  },
  "minecraft:recipes/decorations/acacia_sign": {
    "criteria": {
      "has_planks": "2024-06-30 16:23:37 +0000"
    },
    "done": true
  },
  "dungeons_arise:wda_root": {
    "criteria": {
      "WDA": "2024-06-30 16:13:16 +0000"
    },
    "done": true
  },
  "minecraft:recipes/decorations/lantern": {
    "criteria": {
      "has_iron_ingot": "2024-06-30 16:47:47 +0000"
    },
    "done": true
  },
  "cfm:recipes/cfm/light_blue_grill": {
    "criteria": {
      "has_iron": "2024-06-30 16:47:47 +0000"
    },
    "done": true
  },
  "cfm:recipes/cfm/post_box": {
    "criteria": {
      "has_iron": "2024-06-30 16:47:47 +0000"
    },
    "done": true
  },
  "cfm:recipes/cfm/stripped_acacia_kitchen_drawer": {
    "criteria": {
      "has_log": "2024-06-30 16:23:33 +0000"
    },
    "done": true
  },
  "cfm:recipes/cfm/jungle_kitchen_sink_dark": {
    "criteria": {
      "has_bucket": "2024-07-01 17:04:54 +0000"
    },
    "done": true
  },
  "diamethysts:armor/diamethyst_copper_shield": {
    "criteria": {
      "has_planks": "2024-06-30 16:15:18 +0000"
    },
    "done": true
  },
  "minecraft:recipes/food/cookie": {
    "criteria": {
      "has_cocoa": "2024-07-01 18:18:03 +0000"
    },
    "done": true
  },
  "cfm:recipes/cfm/stripped_spruce_kitchen_sink_dark": {
    "criteria": {
      "has_bucket": "2024-07-01 17:04:54 +0000"
    },
    "done": true
  },
  "minecraft:recipes/building_blocks/polished_diorite": {
    "criteria": {
      "has_diorite": "2024-06-30 17:26:57 +0000"
    },
    "done": true
  },
  "cfm:recipes/cfm/light_blue_kitchen_sink": {
    "criteria": {
      "has_bucket": "2024-07-01 17:04:54 +0000"
    },
    "done": true
  },
  "minecraft:recipes/building_blocks/cobbled_deepslate_slab_from_cobbled_deepslate_stonecutting": {
    "criteria": {
      "has_cobbled_deepslate": "2024-06-30 17:46:20 +0000"
    },
    "done": true
  },
  "minecraft:recipes/decorations/andesite_wall": {
    "criteria": {
      "has_andesite": "2024-06-30 17:11:52 +0000"
    },
    "done": true
  },
  "minecraft:recipes/building_blocks/light_gray_wool": {
    "criteria": {
      "has_white_wool": "2024-07-01 18:09:56 +0000"
    },
    "done": true
  },
  "minecraft:recipes/building_blocks/andesite_slab": {
    "criteria": {
      "has_andesite": "2024-06-30 17:11:52 +0000"
    },
    "done": true
  },
  "minecraft:recipes/decorations/mangrove_fence": {
    "criteria": {
      "has_planks": "2024-06-30 17:53:47 +0000"
    },
    "done": true
  },
  "minecraft:recipes/decorations/red_bed_from_white_bed": {
    "criteria": {
      "has_bed": "2024-06-30 18:19:30 +0000"
    },
    "done": true
  },
  "minecraft:recipes/food/cooked_chicken": {
    "criteria": {
      "has_chicken": "2024-07-01 18:08:36 +0000"
    },
    "done": true
  },
  "minecraft:recipes/building_blocks/acacia_stairs": {
    "criteria": {
      "has_planks": "2024-06-30 16:23:37 +0000"
    },
    "done": true
  },
  "cfm:recipes/cfm/spruce_crate": {
    "criteria": {
      "has_planks": "2024-06-30 16:27:55 +0000"
    },
    "done": true
  },
  "minecraft:recipes/misc/light_gray_dye_from_oxeye_daisy": {
    "criteria": {
      "has_oxeye_daisy": "2024-06-30 16:47:56 +0000"
    },
    "done": true
  },
  "minecraft:recipes/building_blocks/red_wool": {
    "criteria": {
      "has_white_wool": "2024-07-01 18:09:56 +0000"
    },
    "done": true
  },
  "securitycraft:recipes/securitycraft/alarm": {
    "criteria": {
      "has_redstone": "2024-06-30 17:43:43 +0000"
    },
    "done": true
  },
  "minecraft:recipes/tools/stone_axe": {
    "criteria": {
      "has_cobblestone": "2024-06-30 16:20:47 +0000"
    },
    "done": true
  },
  "minecraft:recipes/misc/brown_dye": {
    "criteria": {
      "has_cocoa_beans": "2024-07-01 18:18:03 +0000"
    },
    "done": true
  },
  "minecraft:recipes/building_blocks/raw_iron_block": {
    "criteria": {
      "has_raw_iron": "2024-06-30 17:21:21 +0000"
    },
    "done": true
  },
  "minecraft:recipes/food/cooked_mutton": {
    "criteria": {
      "has_mutton": "2024-07-01 18:09:56 +0000"
    },
    "done": true
  },
  "securitycraft:recipes/securitycraft/disguise_module": {
    "criteria": {
      "has_iron": "2024-06-30 16:47:47 +0000"
    },
    "done": true
  },
  "diamethysts:tools/diamethyst_diamond_shovel": {
    "criteria": {
      "has_gem": "2024-06-30 18:23:07 +0000"
    },
    "done": true
  },
  "cfm:recipes/cfm/stripped_dark_oak_kitchen_sink_dark": {
    "criteria": {
      "has_bucket": "2024-07-01 17:04:54 +0000"
    },
    "done": true
  },
  "cfm:recipes/cfm/stripped_acacia_coffee_table": {
    "criteria": {
      "has_planks": "2024-06-30 16:23:33 +0000"
    },
    "done": true
  },
  "cfm:recipes/cfm/dark_oak_bedside_cabinet": {
    "criteria": {
      "has_planks": "2024-06-30 16:32:46 +0000"
    },
    "done": true
  },
  "cfm:recipes/cfm/yellow_kitchen_sink": {
    "criteria": {
      "has_bucket": "2024-07-01 17:04:54 +0000"
    },
    "done": true
  },
  "cfm:recipes/cfm/birch_kitchen_sink_dark": {
    "criteria": {
      "has_bucket": "2024-07-01 17:04:54 +0000"
    },
    "done": true
  },
  "cfm:recipes/cfm/spruce_kitchen_counter": {
    "criteria": {
      "has_planks": "2024-06-30 16:27:55 +0000"
    },
    "done": true
  },
  "spartanshields:recipes/spartanshields/stone_tower_shield": {
    "criteria": {
      "has_cobblestone": "2024-06-30 16:20:47 +0000"
    },
    "done": true
  },
  "cfm:recipes/cfm/white_kitchen_sink": {
    "criteria": {
      "has_bucket": "2024-07-01 17:04:54 +0000"
    },
    "done": true
  },
  "alexsmobs:alexsmobs/emu": {
    "criteria": {
      "killed_by": "2024-06-30 17:36:26 +0000"
    },
    "done": true
  },
  "minecraft:recipes/building_blocks/purple_wool": {
    "criteria": {
      "has_white_wool": "2024-07-01 18:09:56 +0000"
    },
    "done": true
  },
  "diamethysts:items/diamethyst_copper_arrow": {
    "criteria": {
      "has_ingot": "2024-06-30 17:51:33 +0000"
    },
    "done": true
  },
  "diamethysts:tools/diamethyst_emerald_hoe": {
    "criteria": {
      "has_gem": "2024-06-30 18:01:52 +0000"
    },
    "done": true
  },
  "cfm:recipes/cfm/stripped_dark_oak_kitchen_sink_light": {
    "criteria": {
      "has_bucket": "2024-07-01 17:04:54 +0000"
    },
    "done": true
  },
  "minecraft:recipes/building_blocks/cobblestone_stairs_from_cobblestone_stonecutting": {
    "criteria": {
      "has_cobblestone": "2024-06-30 16:20:47 +0000"
    },
    "done": true
  },
  "securitycraft:recipes/securitycraft/panic_button": {
    "criteria": {
      "has_redstone": "2024-06-30 17:43:43 +0000"
    },
    "done": true
  },
  "minecraft:recipes/misc/writable_book": {
    "criteria": {
      "has_book": "2024-06-30 16:31:43 +0000"
    },
    "done": true
  },
  "cfm:recipes/cfm/birch_kitchen_sink_light": {
    "criteria": {
      "has_bucket": "2024-07-01 17:04:54 +0000"
    },
    "done": true
  },
  "minecraft:recipes/misc/wheat": {
    "criteria": {
      "has_hay_block": "2024-06-30 16:33:15 +0000"
    },
    "done": true
  },
  "cfm:recipes/cfm/red_kitchen_sink": {
    "criteria": {
      "has_bucket": "2024-07-01 17:04:54 +0000"
    },
    "done": true
  },
  "minecraft:recipes/building_blocks/polished_andesite_stairs_from_andesite_stonecutting": {
    "criteria": {
      "has_andesite": "2024-06-30 17:11:52 +0000"
    },
    "done": true
  },
  "minecraft:recipes/decorations/white_bed": {
    "criteria": {
      "has_white_wool": "2024-07-01 18:09:56 +0000"
    },
    "done": true
  },
  "cfm:recipes/cfm/acacia_desk_cabinet": {
    "criteria": {
      "has_log": "2024-06-30 16:23:33 +0000"
    },
    "done": true
  },
  "diamethysts:items/diamethyst_gold_hilt": {
    "criteria": {
      "has_ingot": "2024-06-30 16:38:22 +0000"
    },
    "done": true
  },
  "minecraft:recipes/decorations/campfire": {
    "criteria": {
      "has_stick": "2024-06-30 16:19:54 +0000"
    },
    "done": true
  },
  "minecraft:recipes/decorations/candle": {
    "criteria": {
      "has_string": "2024-06-30 18:14:24 +0000"
    },
    "done": true
  },
  "minecraft:recipes/tools/golden_hoe": {
    "criteria": {
      "has_gold_ingot": "2024-06-30 16:38:22 +0000"
    },
    "done": true
  },
  "diamethysts:weapons/diamethyst_diamond_battle_axe": {
    "criteria": {
      "has_gem": "2024-06-30 18:23:07 +0000"
    },
    "done": true
  },
  "minecraft:recipes/building_blocks/diorite_slab_from_diorite_stonecutting": {
    "criteria": {
      "has_diorite": "2024-06-30 17:26:57 +0000"
    },
    "done": true
  },
  "minecraft:recipes/misc/iron_nugget": {
    "criteria": {
      "has_iron_ingot": "2024-06-30 16:47:47 +0000"
    },
    "done": true
  },
  "minecraft:recipes/decorations/black_bed_from_white_bed": {
    "criteria": {
      "has_bed": "2024-06-30 18:19:30 +0000"
    },
    "done": true
  },
  "minecraft:recipes/building_blocks/deepslate_tile_slab_from_cobbled_deepslate_stonecutting": {
    "criteria": {
      "has_cobbled_deepslate": "2024-06-30 17:46:20 +0000"
    },
    "done": true
  },
  "securitycraft:recipes/securitycraft/track_mine": {
    "criteria": {
      "has_iron": "2024-06-30 16:47:47 +0000"
    },
    "done": true
  },
  "cfm:recipes/cfm/stripped_oak_chair": {
    "criteria": {
      "has_planks": "2024-06-30 16:14:28 +0000"
    },
    "done": true
  },
  "diamethysts:items/diamethyst_iron_plate": {
    "criteria": {
      "has_ingot": "2024-06-30 16:47:47 +0000"
    },
    "done": true
  },
  "minecraft:recipes/combat/diamond_sword": {
    "criteria": {
      "has_diamond": "2024-06-30 18:23:07 +0000"
    },
    "done": true
  },
  "minecraft:recipes/building_blocks/cyan_wool": {
    "criteria": {
      "has_white_wool": "2024-07-01 18:09:56 +0000"
    },
    "done": true
  },
  "cfm:recipes/cfm/oak_crate": {
    "criteria": {
      "has_log": "2024-06-30 16:14:28 +0000"
    },
    "done": true
  },
  "cfm:recipes/cfm/trampoline": {
    "criteria": {
      "has_iron": "2024-06-30 16:47:47 +0000"
    },
    "done": true
  },
  "minecraft:recipes/food/cooked_beef_from_grill_cooking": {
    "criteria": {
      "has_beef": "2024-06-30 18:09:58 +0000"
    },
    "done": true
  },
  "cfm:recipes/cfm/rock_path": {
    "criteria": {
      "has_andesite": "2024-06-30 17:11:52 +0000"
    },
    "done": true
  },
  "cfm:recipes/cfm/mangrove_crate": {
    "criteria": {
      "has_planks": "2024-06-30 17:53:47 +0000"
    },
    "done": true
  },
  "minecraft:recipes/transportation/spruce_boat": {
    "criteria": {
      "in_water": "2024-06-30 16:22:11 +0000"
    },
    "done": true
  },
  "minecraft:recipes/decorations/jukebox": {
    "criteria": {
      "has_diamond": "2024-06-30 18:23:07 +0000"
    },
    "done": true
  },
  "diamethysts:items/diamethyst_emerald_bow_upper_section": {
    "criteria": {
      "has_stick": "2024-06-30 16:19:54 +0000"
    },
    "done": true
  },
  "cfm:recipes/cfm/stripped_oak_table": {
    "criteria": {
      "has_planks": "2024-06-30 16:14:28 +0000"
    },
    "done": true
  },
  "securitycraft:recipes/securitycraft/blacklist_module": {
    "criteria": {
      "has_iron": "2024-06-30 16:47:47 +0000"
    },
    "done": true
  },
  "minecraft:recipes/tools/flint_and_steel": {
    "criteria": {
      "has_obsidian": "2024-06-30 16:41:50 +0000"
    },
    "done": true
  },
  "securitycraft:recipes/securitycraft/speed_module": {
    "criteria": {
      "has_iron": "2024-06-30 16:47:47 +0000"
    },
    "done": true
  },
  "minecraft:recipes/misc/red_dye_from_beetroot": {
    "criteria": {
      "has_beetroot": "2024-06-30 16:32:20 +0000"
    },
    "done": true
  },
  "securitycraft:recipes/securitycraft/harming_module": {
    "criteria": {
      "has_iron": "2024-06-30 16:47:47 +0000"
    },
    "done": true
  },
  "minecraft:recipes/building_blocks/gray_wool": {
    "criteria": {
      "has_white_wool": "2024-07-01 18:09:56 +0000"
    },
    "done": true
  },
  "cfm:recipes/cfm/oak_kitchen_counter": {
    "criteria": {
      "has_log": "2024-06-30 16:14:28 +0000"
    },
    "done": true
  },
  "minecraft:recipes/building_blocks/polished_granite_from_granite_stonecutting": {
    "criteria": {
      "has_granite": "2024-06-30 17:56:22 +0000"
    },
    "done": true
  },
  "alexsmobs:alexsmobs/kangaroo": {
    "criteria": {
      "killed_by": "2024-07-01 17:57:51 +0000"
    },
    "done": true
  },
  "minecraft:recipes/misc/gold_nugget": {
    "criteria": {
      "has_gold_ingot": "2024-06-30 16:38:22 +0000"
    },
    "done": true
  },
  "minecraft:recipes/misc/sugar_from_sugar_cane": {
    "criteria": {
      "has_sugar_cane": "2024-06-30 16:45:45 +0000"
    },
    "done": true
  },
  "cfm:recipes/cfm/stripped_oak_kitchen_drawer": {
    "criteria": {
      "has_log": "2024-06-30 16:14:28 +0000"
    },
    "done": true
  },
  "securitycraft:recipes/securitycraft/keypad_frame": {
    "criteria": {
      "has_redstone": "2024-06-30 17:43:43 +0000"
    },
    "done": true
  },
  "minecraft:husbandry/balanced_diet": {
    "criteria": {
      "chicken": "2024-07-01 18:08:40 +0000",
      "cooked_mutton": "2024-06-30 17:18:58 +0000",
      "beef": "2024-07-01 17:45:40 +0000",
      "porkchop": "2024-07-01 18:06:29 +0000",
      "apple": "2024-06-30 17:03:47 +0000",
      "pumpkin_pie": "2024-06-30 16:23:22 +0000",
      "mutton": "2024-07-01 18:10:02 +0000",
      "bread": "2024-06-30 16:29:19 +0000",
      "golden_apple": "2024-06-30 17:18:54 +0000",
      "rotten_flesh": "2024-06-30 16:49:36 +0000",
      "melon_slice": "2024-07-01 18:19:30 +0000",
      "beetroot": "2024-06-30 17:01:00 +0000",
      "carrot": "2024-06-30 17:18:16 +0000"
    },
    "done": false
  },
  "minecraft:recipes/tools/wooden_hoe": {
    "criteria": {
      "has_stick": "2024-06-30 16:19:54 +0000"
    },
    "done": true
  },
  "cfm:recipes/cfm/oak_blinds": {
    "criteria": {
      "has_log": "2024-06-30 16:14:28 +0000"
    },
    "done": true
  },
  "cfm:recipes/cfm/acacia_bedside_cabinet": {
    "criteria": {
      "has_log": "2024-06-30 16:23:33 +0000"
    },
    "done": true
  },
  "cfm:recipes/cfm/mangrove_kitchen_sink_dark": {
    "criteria": {
      "has_bottom": "2024-06-30 17:53:47 +0000"
    },
    "done": true
  },
  "minecraft:recipes/misc/bucket": {
    "criteria": {
      "has_iron_ingot": "2024-06-30 16:47:47 +0000"
    },
    "done": true
  },
  "cfm:recipes/cfm/oak_kitchen_sink_dark": {
    "criteria": {
      "has_bottom": "2024-06-30 16:15:18 +0000"
    },
    "done": true
  },
  "minecraft:recipes/building_blocks/cobblestone_stairs": {
    "criteria": {
      "has_cobblestone": "2024-06-30 16:20:47 +0000"
    },
    "done": true
  },
  "cfm:recipes/cfm/acacia_coffee_table": {
    "criteria": {
      "has_log": "2024-06-30 16:23:33 +0000"
    },
    "done": true
  },
  "minecraft:recipes/building_blocks/diorite_slab": {
    "criteria": {
      "has_diorite": "2024-06-30 17:26:57 +0000"
    },
    "done": true
  },
  "securitycraft:recipes/securitycraft/reinforced_bookshelf": {
    "criteria": {
      "has_book": "2024-06-30 16:31:43 +0000"
    },
    "done": true
  },
  "diamethysts:items/diamethyst_prismarine_bow_upper_section": {
    "criteria": {
      "has_stick": "2024-06-30 16:19:54 +0000"
    },
    "done": true
  },
  "diamethysts:items/diamethyst_emerald_bow_lower_section": {
    "criteria": {
      "has_stick": "2024-06-30 16:19:54 +0000"
    },
    "done": true
  },
  "minecraft:recipes/decorations/yellow_bed_from_white_bed": {
    "criteria": {
      "has_bed": "2024-06-30 18:19:30 +0000"
    },
    "done": true
  },
  "minecraft:recipes/decorations/granite_wall": {
    "criteria": {
      "has_granite": "2024-06-30 17:56:22 +0000"
    },
    "done": true
  },
  "cfm:recipes/cfm/stripped_acacia_bedside_cabinet": {
    "criteria": {
      "has_planks": "2024-06-30 16:23:33 +0000"
    },
    "done": true
  },
  "minecraft:recipes/redstone/note_block": {
    "criteria": {
      "has_redstone": "2024-06-30 17:43:43 +0000"
    },
    "done": true
  },
  "securitycraft:recipes/securitycraft/redstone_module": {
    "criteria": {
      "has_iron": "2024-06-30 16:47:47 +0000"
    },
    "done": true
  },
  "minecraft:recipes/decorations/white_banner": {
    "criteria": {
      "has_white_wool": "2024-07-01 18:09:56 +0000"
    },
    "done": true
  },
  "diamethysts:tools/diamethyst_copper_shovel": {
    "criteria": {
      "has_ingot": "2024-06-30 17:51:33 +0000"
    },
    "done": true
  },
  "minecraft:recipes/building_blocks/polished_diorite_slab_from_diorite_stonecutting": {
    "criteria": {
      "has_diorite": "2024-06-30 17:26:57 +0000"
    },
    "done": true
  },
  "minecraft:recipes/building_blocks/deepslate_tiles_from_cobbled_deepslate_stonecutting": {
    "criteria": {
      "has_cobbled_deepslate": "2024-06-30 17:46:20 +0000"
    },
    "done": true
  },
  "minecraft:recipes/misc/leather_horse_armor": {
    "criteria": {
      "has_leather": "2024-06-30 18:06:16 +0000"
    },
    "done": true
  },
  "minecraft:recipes/tools/golden_shovel": {
    "criteria": {
      "has_gold_ingot": "2024-06-30 16:38:22 +0000"
    },
    "done": true
  },
  "minecraft:recipes/combat/iron_helmet": {
    "criteria": {
      "has_iron_ingot": "2024-06-30 16:47:47 +0000"
    },
    "done": true
  },
  "cfm:recipes/cfm/yellow_grill": {
    "criteria": {
      "has_iron": "2024-06-30 16:47:47 +0000"
    },
    "done": true
  },
  "cfm:recipes/cfm/mangrove_bedside_cabinet": {
    "criteria": {
      "has_planks": "2024-06-30 17:53:47 +0000"
    },
    "done": true
  },
  "minecraft:recipes/combat/bow": {
    "criteria": {
      "has_string": "2024-06-30 18:14:24 +0000"
    },
    "done": true
  },
  "diamethysts:weapons/diamethyst_copper_bow": {
    "criteria": {
      "has_string": "2024-06-30 18:14:24 +0000"
    },
    "done": true
  },
  "minecraft:recipes/redstone/oak_fence_gate": {
    "criteria": {
      "has_planks": "2024-06-30 16:15:18 +0000"
    },
    "done": true
  },
  "minecraft:recipes/food/cooked_chicken_from_smoking": {
    "criteria": {
      "has_chicken": "2024-07-01 18:08:36 +0000"
    },
    "done": true
  },
  "cfm:recipes/cfm/white_sofa": {
    "criteria": {
      "has_wool": "2024-07-01 18:09:56 +0000"
    },
    "done": true
  },
  "minecraft:recipes/building_blocks/acacia_slab": {
    "criteria": {
      "has_planks": "2024-06-30 16:23:37 +0000"
    },
    "done": true
  },
  "spartanshields:recipes/spartanshields/stone_basic_shield": {
    "criteria": {
      "has_cobblestone": "2024-06-30 16:20:47 +0000"
    },
    "done": true
  },
  "cfm:recipes/cfm/dark_oak_cabinet": {
    "criteria": {
      "has_planks": "2024-06-30 16:32:46 +0000"
    },
    "done": true
  },
  "better_mcdonalds_mod:mod_start_advancement": {
    "criteria": {
      "mod_start_advancement": "2024-06-30 16:13:16 +0000"
    },
    "done": true
  },
  "minecraft:recipes/decorations/diorite_wall_from_diorite_stonecutting": {
    "criteria": {
      "has_diorite": "2024-06-30 17:26:57 +0000"
    },
    "done": true
  },
  "dungeons_arise:find_bathhouse": {
    "criteria": {
      "location0": "2024-06-30 16:15:09 +0000"
    },
    "done": true
  },
  "minecraft:recipes/decorations/orange_bed_from_white_bed": {
    "criteria": {
      "has_bed": "2024-06-30 18:19:30 +0000"
    },
    "done": true
  },
  "diamethysts:armor/diamethyst_prismarine_shield": {
    "criteria": {
      "has_planks": "2024-06-30 16:15:18 +0000"
    },
    "done": true
  },
  "minecraft:recipes/combat/diamond_chestplate": {
    "criteria": {
      "has_diamond": "2024-06-30 18:23:07 +0000"
    },
    "done": true
  },
  "minecraft:recipes/transportation/oak_chest_boat": {
    "criteria": {
      "has_boat": "2024-07-01 17:22:10 +0000"
    },
    "done": true
  },
  "minecraft:story/mine_stone": {
    "criteria": {
      "get_stone": "2024-06-30 16:20:47 +0000"
    },
    "done": true
  },
  "cfm:recipes/cfm/stripped_acacia_desk": {
    "criteria": {
      "has_planks": "2024-06-30 16:23:33 +0000"
    },
    "done": true
  },
  "minecraft:recipes/redstone/target": {
    "criteria": {
      "has_hay_block": "2024-06-30 16:33:15 +0000"
    },
    "done": true
  },
  "minecraft:recipes/decorations/furnace": {
    "criteria": {
      "has_cobblestone": "2024-06-30 16:20:47 +0000"
    },
    "done": true
  },
  "minecraft:recipes/transportation/minecart": {
    "criteria": {
      "has_iron_ingot": "2024-06-30 16:47:47 +0000"
    },
    "done": true
  },
  "minecraft:recipes/food/beetroot_soup": {
    "criteria": {
      "has_beetroot": "2024-06-30 16:32:20 +0000"
    },
    "done": true
  },
  "diamethysts:items/diamethyst_gold_plate": {
    "criteria": {
      "has_ingot": "2024-06-30 16:38:22 +0000"
    },
    "done": true
  },
  "minecraft:recipes/misc/charcoal": {
    "criteria": {
      "has_log": "2024-06-30 16:14:28 +0000"
    },
    "done": true
  },
  "minecraft:recipes/building_blocks/andesite_stairs": {
    "criteria": {
      "has_andesite": "2024-06-30 17:11:52 +0000"
    },
    "done": true
  },
  "diamethysts:items/diamethyst_iron_hilt": {
    "criteria": {
      "has_ingot": "2024-06-30 16:47:47 +0000"
    },
    "done": true
  },
  "minecraft:recipes/building_blocks/orange_wool": {
    "criteria": {
      "has_white_wool": "2024-07-01 18:09:56 +0000"
    },
    "done": true
  },
  "minecraft:recipes/tools/wooden_pickaxe": {
    "criteria": {
      "has_stick": "2024-06-30 16:19:54 +0000"
    },
    "done": true
  },
  "minecraft:recipes/tools/iron_hoe": {
    "criteria": {
      "has_iron_ingot": "2024-06-30 16:47:47 +0000"
    },
    "done": true
  },
  "minecraft:recipes/building_blocks/cobbled_deepslate_stairs": {
    "criteria": {
      "has_cobbled_deepslate": "2024-06-30 17:46:20 +0000"
    },
    "done": true
  },
  "minecraft:husbandry/root": {
    "criteria": {
      "consumed_item": "2024-06-30 16:19:13 +0000"
    },
    "done": true
  },
  "minecraft:recipes/redstone/redstone_torch": {
    "criteria": {
      "has_redstone": "2024-06-30 17:43:43 +0000"
    },
    "done": true
  },
  "cfm:recipes/cfm/orange_kitchen_sink": {
    "criteria": {
      "has_bucket": "2024-07-01 17:04:54 +0000"
    },
    "done": true
  },
  "minecraft:recipes/transportation/birch_boat": {
    "criteria": {
      "in_water": "2024-06-30 16:22:11 +0000"
    },
    "done": true
  },
  "minecraft:recipes/food/golden_apple": {
    "criteria": {
      "has_gold_ingot": "2024-06-30 16:38:22 +0000"
    },
    "done": true
  },
  "securitycraft:recipes/securitycraft/sonic_security_system": {
    "criteria": {
      "has_stick": "2024-06-30 16:19:54 +0000"
    },
    "done": true
  },
  "minecraft:recipes/building_blocks/polished_granite_slab_from_granite_stonecutting": {
    "criteria": {
      "has_granite": "2024-06-30 17:56:22 +0000"
    },
    "done": true
  },
  "minecraft:recipes/decorations/enchanting_table": {
    "criteria": {
      "has_obsidian": "2024-06-30 16:41:50 +0000"
    },
    "done": true
  },
  "minecraft:recipes/building_blocks/polished_andesite_from_andesite_stonecutting": {
    "criteria": {
      "has_andesite": "2024-06-30 17:11:52 +0000"
    },
    "done": true
  },
  "minecraft:recipes/building_blocks/cobbled_deepslate_stairs_from_cobbled_deepslate_stonecutting": {
    "criteria": {
      "has_cobbled_deepslate": "2024-06-30 17:46:20 +0000"
    },
    "done": true
  },
  "minecraft:recipes/tools/iron_shovel": {
    "criteria": {
      "has_iron_ingot": "2024-06-30 16:47:47 +0000"
    },
    "done": true
  },
  "minecraft:recipes/redstone/acacia_door": {
    "criteria": {
      "has_planks": "2024-06-30 16:23:37 +0000"
    },
    "done": true
  },
  "cfm:recipes/cfm/stripped_warped_kitchen_sink_light": {
    "criteria": {
      "has_bucket": "2024-07-01 17:04:54 +0000"
    },
    "done": true
  },
  "minecraft:recipes/decorations/cyan_bed_from_white_bed": {
    "criteria": {
      "has_bed": "2024-06-30 18:19:30 +0000"
    },
    "done": true
  },
  "diamethysts:tools/diamethyst_iron_hoe": {
    "criteria": {
      "has_ingot": "2024-06-30 16:47:47 +0000"
    },
    "done": true
  },
  "minecraft:recipes/decorations/item_frame": {
    "criteria": {
      "has_leather": "2024-06-30 18:06:16 +0000"
    },
    "done": true
  },
  "minecraft:recipes/decorations/lime_bed_from_white_bed": {
    "criteria": {
      "has_bed": "2024-06-30 18:19:30 +0000"
    },
    "done": true
  },
  "minecraft:recipes/tools/stone_hoe": {
    "criteria": {
      "has_cobblestone": "2024-06-30 16:20:47 +0000"
    },
    "done": true
  },
  "minecraft:recipes/tools/clock": {
    "criteria": {
      "has_redstone": "2024-06-30 17:43:43 +0000"
    },
    "done": true
  },
  "minecraft:recipes/decorations/spruce_fence": {
    "criteria": {
      "has_planks": "2024-06-30 16:27:55 +0000"
    },
    "done": true
  },
  "minecraft:recipes/food/baked_potato_from_smoking": {
    "criteria": {
      "has_potato": "2024-06-30 16:30:17 +0000"
    },
    "done": true
  },
  "minecraft:recipes/tools/diamond_hoe": {
    "criteria": {
      "has_diamond": "2024-06-30 18:23:07 +0000"
    },
    "done": true
  },
  "minecraft:recipes/building_blocks/dark_oak_stairs": {
    "criteria": {
      "has_planks": "2024-06-30 16:32:46 +0000"
    },
    "done": true
  },
  "minecraft:recipes/tools/diamond_shovel": {
    "criteria": {
      "has_diamond": "2024-06-30 18:23:07 +0000"
    },
    "done": true
  },
  "cfm:recipes/cfm/dark_oak_coffee_table": {
    "criteria": {
      "has_planks": "2024-06-30 16:32:46 +0000"
    },
    "done": true
  },
  "cfm:recipes/cfm/oak_upgraded_gate": {
    "criteria": {
      "has_log": "2024-06-30 16:14:28 +0000"
    },
    "done": true
  },
  "minecraft:recipes/decorations/green_bed_from_white_bed": {
    "criteria": {
      "has_bed": "2024-06-30 18:19:30 +0000"
    },
    "done": true
  },
  "minecraft:recipes/building_blocks/deepslate": {
    "criteria": {
      "has_cobbled_deepslate": "2024-06-30 17:46:20 +0000"
    },
    "done": true
  },
  "minecraft:adventure/trade": {
    "criteria": {
      "traded": "2024-06-30 18:01:51 +0000"
    },
    "done": true
  },
  "minecraft:recipes/building_blocks/granite_slab": {
    "criteria": {
      "has_granite": "2024-06-30 17:56:22 +0000"
    },
    "done": true
  },
  "minecraft:recipes/food/baked_potato": {
    "criteria": {
      "has_potato": "2024-06-30 16:30:17 +0000"
    },
    "done": true
  },
  "deeperdarker:recipes/deeperdarker/echo_chest_boat": {
    "criteria": {
      "has_boat": "2024-07-01 17:22:10 +0000"
    },
    "done": true
  },
  "minecraft:recipes/decorations/white_carpet": {
    "criteria": {
      "has_white_wool": "2024-07-01 18:09:56 +0000"
    },
    "done": true
  },
  "minecraft:recipes/decorations/dark_oak_sign": {
    "criteria": {
      "has_planks": "2024-06-30 16:32:46 +0000"
    },
    "done": true
  },
  "minecraft:recipes/building_blocks/spruce_stairs": {
    "criteria": {
      "has_planks": "2024-06-30 16:27:55 +0000"
    },
    "done": true
  },
  "minecraft:recipes/building_blocks/mangrove_slab": {
    "criteria": {
      "has_planks": "2024-06-30 17:53:47 +0000"
    },
    "done": true
  },
  "cfm:recipes/cfm/stripped_acacia_cabinet": {
    "criteria": {
      "has_log": "2024-06-30 16:23:33 +0000"
    },
    "done": true
  },
  "cfm:recipes/cfm/white_grill": {
    "criteria": {
      "has_iron": "2024-06-30 16:47:47 +0000"
    },
    "done": true
  },
  "minecraft:recipes/transportation/birch_chest_boat": {
    "criteria": {
      "has_boat": "2024-07-01 17:22:10 +0000"
    },
    "done": true
  },
  "minecraft:story/mine_diamond": {
    "criteria": {
      "diamond": "2024-06-30 18:23:07 +0000"
    },
    "done": true
  },
  "minecraft:story/upgrade_tools": {
    "criteria": {
      "stone_pickaxe": "2024-06-30 16:21:01 +0000"
    },
    "done": true
  },
  "diamethysts:items/diamethyst_diamond_hilt": {
    "criteria": {
      "has_gem": "2024-06-30 18:23:07 +0000"
    },
    "done": true
  },
  "alexsmobs:alexsmobs/root": {
    "criteria": {
      "useitem": "2024-06-30 16:19:13 +0000"
    },
    "done": true
  },
  "minecraft:recipes/building_blocks/polished_granite_stairs_from_granite_stonecutting": {
    "criteria": {
      "has_granite": "2024-06-30 17:56:22 +0000"
    },
    "done": true
  },
  "minecraft:recipes/combat/diamond_helmet": {
    "criteria": {
      "has_diamond": "2024-06-30 18:23:07 +0000"
    },
    "done": true
  },
  "minecraft:recipes/transportation/oak_boat": {
    "criteria": {
      "in_water": "2024-06-30 16:22:11 +0000"
    },
    "done": true
  },
  "minecraft:recipes/decorations/blue_bed_from_white_bed": {
    "criteria": {
      "has_bed": "2024-06-30 18:19:30 +0000"
    },
    "done": true
  },
  "minecraft:recipes/building_blocks/mangrove_stairs": {
    "criteria": {
      "has_planks": "2024-06-30 17:53:47 +0000"
    },
    "done": true
  },
  "cfm:recipes/cfm/oak_park_bench": {
    "criteria": {
      "has_log": "2024-06-30 16:14:28 +0000"
    },
    "done": true
  },
  "minecraft:recipes/combat/golden_boots": {
    "criteria": {
      "has_gold_ingot": "2024-06-30 16:38:22 +0000"
    },
    "done": true
  },
  "cfm:recipes/cfm/stripped_oak_kitchen_sink_light": {
    "criteria": {
      "has_bucket": "2024-07-01 17:04:54 +0000"
    },
    "done": true
  },
  "securitycraft:recipes/securitycraft/claymore": {
    "criteria": {
      "has_redstone": "2024-06-30 17:43:43 +0000"
    },
    "done": true
  },
  "minecraft:recipes/tools/wooden_axe": {
    "criteria": {
      "has_stick": "2024-06-30 16:19:54 +0000"
    },
    "done": true
  },
  "minecraft:recipes/decorations/spruce_sign": {
    "criteria": {
      "has_planks": "2024-06-30 16:27:55 +0000"
    },
    "done": true
  },
  "minecraft:recipes/building_blocks/lime_wool": {
    "criteria": {
      "has_white_wool": "2024-07-01 18:09:56 +0000"
    },
    "done": true
  },
  "cfm:recipes/cfm/stripped_acacia_park_bench": {
    "criteria": {
      "has_log": "2024-06-30 16:23:33 +0000"
    },
    "done": true
  },
  "securitycraft:recipes/securitycraft/keycard_lv2": {
    "criteria": {
      "has_iron": "2024-06-30 16:47:47 +0000"
    },
    "done": true
  },
  "securitycraft:recipes/securitycraft/keycard_lv1": {
    "criteria": {
      "has_iron": "2024-06-30 16:47:47 +0000"
    },
    "done": true
  },
  "minecraft:recipes/misc/paper": {
    "criteria": {
      "has_reeds": "2024-06-30 16:45:45 +0000"
    },
    "done": true
  },
  "minecraft:recipes/building_blocks/polished_diorite_stairs_from_diorite_stonecutting": {
    "criteria": {
      "has_diorite": "2024-06-30 17:26:57 +0000"
    },
    "done": true
  },
  "minecraft:recipes/decorations/loom": {
    "criteria": {
      "has_string": "2024-06-30 18:14:24 +0000"
    },
    "done": true
  },
  "cfm:recipes/cfm/stripped_warped_kitchen_sink_dark": {
    "criteria": {
      "has_bucket": "2024-07-01 17:04:54 +0000"
    },
    "done": true
  },
  "securitycraft:recipes/securitycraft/bouncing_betty": {
    "criteria": {
      "has_iron": "2024-06-30 16:47:47 +0000"
    },
    "done": true
  },
  "minecraft:recipes/building_blocks/green_wool": {
    "criteria": {
      "has_white_wool": "2024-07-01 18:09:56 +0000"
    },
    "done": true
  },
  "minecraft:recipes/tools/diamond_axe": {
    "criteria": {
      "has_diamond": "2024-06-30 18:23:07 +0000"
    },
    "done": true
  },
  "cfm:recipes/cfm/light_gray_grill": {
    "criteria": {
      "has_iron": "2024-06-30 16:47:47 +0000"
    },
    "done": true
  },
  "minecraft:recipes/building_blocks/brown_wool": {
    "criteria": {
      "has_white_wool": "2024-07-01 18:09:56 +0000"
    },
    "done": true
  },
  "cfm:recipes/cfm/magenta_kitchen_sink": {
    "criteria": {
      "has_bucket": "2024-07-01 17:04:54 +0000"
    },
    "done": true
  },
  "minecraft:recipes/decorations/painting": {
    "criteria": {
      "has_wool": "2024-07-01 18:09:56 +0000"
    },
    "done": true
  },
  "cfm:recipes/cfm/mangrove_table": {
    "criteria": {
      "has_planks": "2024-06-30 17:53:47 +0000"
    },
    "done": true
  },
  "diamethysts:weapons/diamethyst_prismarine_bow": {
    "criteria": {
      "has_string": "2024-06-30 18:14:24 +0000"
    },
    "done": true
  },
  "diamethysts:weapons/diamethyst_lapis_bow": {
    "criteria": {
      "has_string": "2024-06-30 18:14:24 +0000"
    },
    "done": true
  },
  "cfm:recipes/cfm/acacia_upgraded_fence": {
    "criteria": {
      "has_log": "2024-06-30 16:23:33 +0000"
    },
    "done": true
  },
  "securitycraft:recipes/securitycraft/sc_manual": {
    "criteria": {
      "has_wood": "2024-06-30 16:14:28 +0000"
    },
    "done": true
  },
  "securitycraft:recipes/securitycraft/keycard_lv4": {
    "criteria": {
      "has_iron": "2024-06-30 16:47:47 +0000"
    },
    "done": true
  },
  "securitycraft:recipes/securitycraft/keycard_lv3": {
    "criteria": {
      "has_iron": "2024-06-30 16:47:47 +0000"
    },
    "done": true
  },
  "minecraft:recipes/redstone/acacia_fence_gate": {
    "criteria": {
      "has_planks": "2024-06-30 16:23:37 +0000"
    },
    "done": true
  },
  "minecraft:recipes/combat/arrow": {
    "criteria": {
      "has_flint": "2024-06-30 16:41:57 +0000"
    },
    "done": true
  },
  "securitycraft:recipes/securitycraft/keycard_lv5": {
    "criteria": {
      "has_iron": "2024-06-30 16:47:47 +0000"
    },
    "done": true
  },
  "minecraft:recipes/building_blocks/andesite_slab_from_andesite_stonecutting": {
    "criteria": {
      "has_andesite": "2024-06-30 17:11:52 +0000"
    },
    "done": true
  },
  "minecraft:recipes/building_blocks/coal_block": {
    "criteria": {
      "has_coal": "2024-06-30 16:21:31 +0000"
    },
    "done": true
  },
  "cfm:recipes/cfm/stripped_oak_bedside_cabinet": {
    "criteria": {
      "has_planks": "2024-06-30 16:14:28 +0000"
    },
    "done": true
  },
  "minecraft:recipes/redstone/light_weighted_pressure_plate": {
    "criteria": {
      "has_gold_ingot": "2024-06-30 16:38:22 +0000"
    },
    "done": true
  },
  "minecraft:recipes/tools/stone_shovel": {
    "criteria": {
      "has_cobblestone": "2024-06-30 16:20:47 +0000"
    },
    "done": true
  },
  "cfm:recipes/cfm/spatula": {
    "criteria": {
      "has_iron": "2024-06-30 16:47:47 +0000"
    },
    "done": true
  },
  "diamethysts:tools/diamethyst_iron_pickaxe": {
    "criteria": {
      "has_ingot": "2024-06-30 16:47:47 +0000"
    },
    "done": true
  },
  "diamethysts:weapons/diamethyst_quartz_bow": {
    "criteria": {
      "has_string": "2024-06-30 18:14:24 +0000"
    },
    "done": true
  },
  "minecraft:recipes/building_blocks/diorite_stairs": {
    "criteria": {
      "has_diorite": "2024-06-30 17:26:57 +0000"
    },
    "done": true
  },
  "spartanshields:recipes/spartanshields/diamond_basic_shield": {
    "criteria": {
      "has_diamond": "2024-06-30 18:23:07 +0000"
    },
    "done": true
  },
  "minecraft:recipes/building_blocks/spruce_slab": {
    "criteria": {
      "has_planks": "2024-06-30 16:27:55 +0000"
    },
    "done": true
  },
  "minecraft:recipes/building_blocks/granite_slab_from_granite_stonecutting": {
    "criteria": {
      "has_granite": "2024-06-30 17:56:22 +0000"
    },
    "done": true
  },
  "securitycraft:recipes/securitycraft/universal_block_reinforcer_lvl2": {
    "criteria": {
      "has_redstone": "2024-06-30 17:43:43 +0000"
    },
    "done": true
  },
  "rpgsmw:assassin_class": {
    "criteria": {
      "assassin_class": "2024-06-30 16:14:07 +0000"
    },
    "done": true
  },
  "securitycraft:recipes/securitycraft/reinforced_andesite": {
    "criteria": {
      "has_cobblestone": "2024-06-30 16:20:47 +0000"
    },
    "done": true
  },
  "securitycraft:recipes/securitycraft/universal_block_reinforcer_lvl1": {
    "criteria": {
      "has_redstone": "2024-06-30 17:43:43 +0000"
    },
    "done": true
  },
  "securitycraft:recipes/securitycraft/universal_block_reinforcer_lvl3": {
    "criteria": {
      "has_redstone": "2024-06-30 17:43:43 +0000"
    },
    "done": true
  },
  "minecraft:recipes/redstone/mangrove_trapdoor": {
    "criteria": {
      "has_planks": "2024-06-30 17:53:47 +0000"
    },
    "done": true
  },
  "cfm:recipes/cfm/oak_table": {
    "criteria": {
      "has_log": "2024-06-30 16:14:28 +0000"
    },
    "done": true
  },
  "minecraft:recipes/building_blocks/andesite": {
    "criteria": {
      "has_stone": "2024-06-30 17:26:57 +0000"
    },
    "done": true
  },
  "cfm:recipes/cfm/spruce_desk": {
    "criteria": {
      "has_planks": "2024-06-30 16:27:55 +0000"
    },
    "done": true
  },
  "minecraft:recipes/combat/golden_helmet": {
    "criteria": {
      "has_gold_ingot": "2024-06-30 16:38:22 +0000"
    },
    "done": true
  },
  "minecraft:recipes/redstone/acacia_trapdoor": {
    "criteria": {
      "has_planks": "2024-06-30 16:23:37 +0000"
    },
    "done": true
  },
  "minecraft:recipes/redstone/oak_pressure_plate": {
    "criteria": {
      "has_planks": "2024-06-30 16:15:18 +0000"
    },
    "done": true
  },
  "spartanshields:recipes/spartanshields/obsidian_basic_shield": {
    "criteria": {
      "has_obsidian": "2024-06-30 16:41:50 +0000"
    },
    "done": true
  },
  "minecraft:recipes/building_blocks/polished_deepslate_stairs_from_cobbled_deepslate_stonecutting": {
    "criteria": {
      "has_cobbled_deepslate": "2024-06-30 17:46:20 +0000"
    },
    "done": true
  },
  "cfm:recipes/cfm/oak_desk": {
    "criteria": {
      "has_log": "2024-06-30 16:14:28 +0000"
    },
    "done": true
  },
  "securitycraft:recipes/securitycraft/laser_block": {
    "criteria": {
      "has_stone": "2024-06-30 17:11:52 +0000"
    },
    "done": true
  },
  "diamethysts:armor/diamethyst_iron_shield": {
    "criteria": {
      "has_planks": "2024-06-30 16:15:18 +0000"
    },
    "done": true
  },
  "cfm:recipes/cfm/dark_oak_chair": {
    "criteria": {
      "has_planks": "2024-06-30 16:32:46 +0000"
    },
    "done": true
  },
  "spartanshields:recipes/spartanshields/copper_tower_shield": {
    "criteria": {
      "has_copper_ingot": "2024-06-30 17:51:33 +0000"
    },
    "done": true
  },
  "minecraft:recipes/building_blocks/oak_wood": {
    "criteria": {
      "has_log": "2024-06-30 16:14:28 +0000"
    },
    "done": true
  },
  "minecraft:story/root": {
    "criteria": {
      "crafting_table": "2024-06-30 16:19:50 +0000"
    },
    "done": true
  },
  "minecraft:recipes/redstone/dropper": {
    "criteria": {
      "has_redstone": "2024-06-30 17:43:43 +0000"
    },
    "done": true
  },
  "cfm:recipes/cfm/lime_kitchen_sink": {
    "criteria": {
      "has_bucket": "2024-07-01 17:04:54 +0000"
    },
    "done": true
  },
  "cfm:recipes/cfm/warped_kitchen_sink_dark": {
    "criteria": {
      "has_bucket": "2024-07-01 17:04:54 +0000"
    },
    "done": true
  },
  "minecraft:recipes/transportation/spruce_chest_boat": {
    "criteria": {
      "has_boat": "2024-07-01 17:22:10 +0000"
    },
    "done": true
  },
  "cfm:recipes/cfm/mangrove_park_bench": {
    "criteria": {
      "has_planks": "2024-06-30 17:53:47 +0000"
    },
    "done": true
  },
  "minecraft:story/form_obsidian": {
    "criteria": {
      "obsidian": "2024-06-30 16:41:50 +0000"
    },
    "done": true
  },
  "cfm:recipes/cfm/acacia_chair": {
    "criteria": {
      "has_log": "2024-06-30 16:23:33 +0000"
    },
    "done": true
  },
  "minecraft:recipes/redstone/mangrove_fence_gate": {
    "criteria": {
      "has_planks": "2024-06-30 17:53:47 +0000"
    },
    "done": true
  },
  "diamethysts:tools/diamethyst_diamond_axe": {
    "criteria": {
      "has_gem": "2024-06-30 18:23:07 +0000"
    },
    "done": true
  },
  "minecraft:recipes/combat/leather_chestplate": {
    "criteria": {
      "has_leather": "2024-06-30 18:06:16 +0000"
    },
    "done": true
  },
  "minecraft:recipes/building_blocks/acacia_planks": {
    "criteria": {
      "has_log": "2024-06-30 16:23:33 +0000"
    },
    "done": true
  },
  "diamethysts:items/diamethyst_quartz_bow_lower_section": {
    "criteria": {
      "has_stick": "2024-06-30 16:19:54 +0000"
    },
    "done": true
  },
  "cfm:recipes/cfm/dark_oak_kitchen_counter": {
    "criteria": {
      "has_planks": "2024-06-30 16:32:46 +0000"
    },
    "done": true
  },
  "minecraft:recipes/tools/compass": {
    "criteria": {
      "has_redstone": "2024-06-30 17:43:43 +0000"
    },
    "done": true
  },
  "minecraft:recipes/redstone/oak_button": {
    "criteria": {
      "has_planks": "2024-06-30 16:15:18 +0000"
    },
    "done": true
  },
  "cfm:recipes/cfm/light_gray_kitchen_sink": {
    "criteria": {
      "has_bucket": "2024-07-01 17:04:54 +0000"
    },
    "done": true
  },
  "cfm:recipes/cfm/acacia_kitchen_drawer": {
    "criteria": {
      "has_log": "2024-06-30 16:23:33 +0000"
    },
    "done": true
  },
  "cfm:recipes/cfm/oak_cabinet": {
    "criteria": {
      "has_log": "2024-06-30 16:14:28 +0000"
    },
    "done": true
  },
  "diamethysts:items/diamethyst_iron_bow_lower_section": {
    "criteria": {
      "has_stick": "2024-06-30 16:19:54 +0000"
    },
    "done": true
  },
  "diamethysts:items/diamethyst_gold_bow_lower_section": {
    "criteria": {
      "has_stick": "2024-06-30 16:19:54 +0000"
    },
    "done": true
  },
  "minecraft:recipes/building_blocks/polished_andesite": {
    "criteria": {
      "has_andesite": "2024-06-30 17:11:52 +0000"
    },
    "done": true
  },
  "minecraft:recipes/redstone/dark_oak_pressure_plate": {
    "criteria": {
      "has_planks": "2024-06-30 16:32:46 +0000"
    },
    "done": true
  },
  "minecraft:recipes/food/cooked_beef": {
    "criteria": {
      "has_beef": "2024-06-30 18:09:58 +0000"
    },
    "done": true
  },
  "cfm:recipes/cfm/brown_kitchen_sink": {
    "criteria": {
      "has_bucket": "2024-07-01 17:04:54 +0000"
    },
    "done": true
  },
  "minecraft:recipes/redstone/iron_door": {
    "criteria": {
      "has_iron_ingot": "2024-06-30 16:47:47 +0000"
    },
    "done": true
  },
  "cfm:recipes/cfm/stripped_acacia_desk_cabinet": {
    "criteria": {
      "has_planks": "2024-06-30 16:23:33 +0000"
    },
    "done": true
  },
  "spartanshields:recipes/spartanshields/wooden_basic_shield": {
    "criteria": {
      "has_planks": "2024-06-30 16:15:18 +0000"
    },
    "done": true
  },
  "minecraft:recipes/misc/copper_ingot_from_smelting_raw_copper": {
    "criteria": {
      "has_raw_copper": "2024-06-30 17:41:38 +0000"
    },
    "done": true
  },
  "cfm:recipes/cfm/gray_grill": {
    "criteria": {
      "has_iron": "2024-06-30 16:47:47 +0000"
    },
    "done": true
  },
  "diamethysts:items/shield_strap": {
    "criteria": {
      "has_iron": "2024-06-30 16:47:47 +0000"
    },
    "done": true
  },
  "minecraft:recipes/redstone/oak_door": {
    "criteria": {
      "has_planks": "2024-06-30 16:15:18 +0000"
    },
    "done": true
  },
  "cfm:recipes/cfm/lime_grill": {
    "criteria": {
      "has_iron": "2024-06-30 16:47:47 +0000"
    },
    "done": true
  },
  "diamethysts:armor/diamethyst_lapis_shield": {
    "criteria": {
      "has_planks": "2024-06-30 16:15:18 +0000"
    },
    "done": true
  },
  "cfm:recipes/cfm/spruce_kitchen_sink_light": {
    "criteria": {
      "has_bottom": "2024-06-30 16:27:55 +0000"
    },
    "done": true
  },
  "securitycraft:recipes/securitycraft/motion_activated_light": {
    "criteria": {
      "has_stick": "2024-06-30 16:19:54 +0000"
    },
    "done": true
  },
  "minecraft:recipes/transportation/jungle_boat": {
    "criteria": {
      "in_water": "2024-06-30 16:22:11 +0000"
    },
    "done": true
  },
  "minecraft:adventure/shoot_arrow": {
    "criteria": {
      "shot_arrow": "2024-06-30 17:50:36 +0000"
    },
    "done": true
  },
  "cfm:recipes/cfm/pink_kitchen_sink": {
    "criteria": {
      "has_bucket": "2024-07-01 17:04:54 +0000"
    },
    "done": true
  },
  "securitycraft:recipes/securitycraft/mine": {
    "criteria": {
      "has_iron": "2024-06-30 16:47:47 +0000"
    },
    "done": true
  },
  "minecraft:recipes/redstone/heavy_weighted_pressure_plate": {
    "criteria": {
      "has_iron_ingot": "2024-06-30 16:47:47 +0000"
    },
    "done": true
  },
  "minecraft:recipes/transportation/dark_oak_boat": {
    "criteria": {
      "in_water": "2024-06-30 16:22:11 +0000"
    },
    "done": true
  },
  "minecraft:recipes/transportation/carrot_on_a_stick": {
    "criteria": {
      "has_carrot": "2024-06-30 16:22:39 +0000"
    },
    "done": true
  },
  "minecraft:recipes/decorations/glow_item_frame": {
    "criteria": {
      "has_item_frame": "2024-06-30 16:30:12 +0000"
    },
    "done": true
  },
  "diamethysts:tools/diamethyst_copper_axe": {
    "criteria": {
      "has_ingot": "2024-06-30 17:51:33 +0000"
    },
    "done": true
  },
  "diamethysts:tools/diamethyst_gold_hoe": {
    "criteria": {
      "has_ingot": "2024-06-30 16:38:22 +0000"
    },
    "done": true
  },
  "minecraft:recipes/decorations/andesite_wall_from_andesite_stonecutting": {
    "criteria": {
      "has_andesite": "2024-06-30 17:11:52 +0000"
    },
    "done": true
  },
  "minecraft:recipes/building_blocks/pink_wool": {
    "criteria": {
      "has_white_wool": "2024-07-01 18:09:56 +0000"
    },
    "done": true
  },
  "diamethysts:items/diamethyst_prismarine_bow_lower_section": {
    "criteria": {
      "has_stick": "2024-06-30 16:19:54 +0000"
    },
    "done": true
  },
  "cfm:recipes/cfm/cyan_grill": {
    "criteria": {
      "has_iron": "2024-06-30 16:47:47 +0000"
    },
    "done": true
  },
  "minecraft:recipes/decorations/brown_bed_from_white_bed": {
    "criteria": {
      "has_bed": "2024-06-30 18:19:30 +0000"
    },
    "done": true
  },
  "minecraft:recipes/building_blocks/polished_granite": {
    "criteria": {
      "has_granite": "2024-06-30 17:56:22 +0000"
    },
    "done": true
  },
  "diamethysts:tools/diamethyst_diamond_pickaxe": {
    "criteria": {
      "has_gem": "2024-06-30 18:23:07 +0000"
    },
    "done": true
  },
  "cfm:recipes/cfm/dark_oak_park_bench": {
    "criteria": {
      "has_planks": "2024-06-30 16:32:46 +0000"
    },
    "done": true
  },
  "minecraft:recipes/combat/golden_leggings": {
    "criteria": {
      "has_gold_ingot": "2024-06-30 16:38:22 +0000"
    },
    "done": true
  },
  "securitycraft:recipes/securitycraft/briefcase": {
    "criteria": {
      "has_iron": "2024-06-30 16:47:47 +0000"
    },
    "done": true
  },
  "minecraft:recipes/redstone/piston": {
    "criteria": {
      "has_redstone": "2024-06-30 17:43:43 +0000"
    },
    "done": true
  },
  "cfm:recipes/cfm/oak_upgraded_fence": {
    "criteria": {
      "has_log": "2024-06-30 16:14:28 +0000"
    },
    "done": true
  },
  "minecraft:recipes/redstone/spruce_trapdoor": {
    "criteria": {
      "has_planks": "2024-06-30 16:27:55 +0000"
    },
    "done": true
  },
  "diamethysts:items/diamethyst_emerald_hilt": {
    "criteria": {
      "has_gem": "2024-06-30 18:01:52 +0000"
    },
    "done": true
  },
  "minecraft:recipes/food/cooked_beef_from_campfire_cooking": {
    "criteria": {
      "has_beef": "2024-06-30 18:09:58 +0000"
    },
    "done": true
  },
  "minecraft:recipes/decorations/dark_oak_fence": {
    "criteria": {
      "has_planks": "2024-06-30 16:32:46 +0000"
    },
    "done": true
  },
  "minecraft:recipes/food/cooked_porkchop_from_grill_cooking": {
    "criteria": {
      "has_porkchop": "2024-07-01 18:06:21 +0000"
    },
    "done": true
  },
  "minecraft:recipes/combat/diamond_boots": {
    "criteria": {
      "has_diamond": "2024-06-30 18:23:07 +0000"
    },
    "done": true
  },
  "cfm:recipes/cfm/mangrove_desk": {
    "criteria": {
      "has_planks": "2024-06-30 17:53:47 +0000"
    },
    "done": true
  },
  "securitycraft:recipes/securitycraft/reinforced_fence_gate": {
    "criteria": {
      "has_iron": "2024-06-30 16:47:47 +0000"
    },
    "done": true
  },
  "diamethysts:weapons/diamethyst_bow": {
    "criteria": {
      "has_string": "2024-06-30 18:14:24 +0000"
    },
    "done": true
  },
  "minecraft:recipes/decorations/soul_campfire": {
    "criteria": {
      "has_stick": "2024-06-30 16:19:54 +0000"
    },
    "done": true
  },
  "minecraft:story/smelt_iron": {
    "criteria": {
      "iron": "2024-06-30 16:47:47 +0000"
    },
    "done": true
  },
  "cfm:recipes/cfm/stripped_jungle_kitchen_sink_light": {
    "criteria": {
      "has_bucket": "2024-07-01 17:04:54 +0000"
    },
    "done": true
  },
  "minecraft:recipes/building_blocks/melon": {
    "criteria": {
      "has_melon": "2024-07-01 18:19:28 +0000"
    },
    "done": true
  },
  "diamethysts:items/strung_lapis": {
    "criteria": {
      "has_string": "2024-06-30 18:14:24 +0000"
    },
    "done": true
  },
  "cfm:recipes/cfm/mangrove_desk_cabinet": {
    "criteria": {
      "has_planks": "2024-06-30 17:53:47 +0000"
    },
    "done": true
  },
  "minecraft:recipes/decorations/light_gray_bed_from_white_bed": {
    "criteria": {
      "has_bed": "2024-06-30 18:19:30 +0000"
    },
    "done": true
  },
  "cfm:recipes/cfm/oak_kitchen_sink_light": {
    "criteria": {
      "has_bottom": "2024-06-30 16:15:18 +0000"
    },
    "done": true
  },
  "cfm:recipes/cfm/oak_coffee_table": {
    "criteria": {
      "has_log": "2024-06-30 16:14:28 +0000"
    },
    "done": true
  },
  "cfm:recipes/cfm/spruce_desk_cabinet": {
    "criteria": {
      "has_planks": "2024-06-30 16:27:55 +0000"
    },
    "done": true
  },
  "cfm:recipes/cfm/fridge_light": {
    "criteria": {
      "has_iron": "2024-06-30 16:47:47 +0000"
    },
    "done": true
  },
  "DataVersion": 3120
}