{
  "iceandfire:iceandfire/root": {
    "criteria": {
      "tick": "2024-08-17 17:48:32 +0000"
    },
    "done": true
  },
  "takesapillage:root": {
    "criteria": {
      "always": "2024-08-17 17:48:32 +0000"
    },
    "done": true
  },
  "explorerscompass:explorers_compass_cracked_stone_bricks": {
    "criteria": {
      "has_recipe": "2024-08-17 17:48:32 +0000"
    },
    "done": true
  },
  "dungeons_arise:wda_root": {
    "criteria": {
      "WDA": "2024-08-17 17:48:32 +0000"
    },
    "done": true
  },
  "undead_revamp2:theundeadchallenges": {
    "criteria": {
      "theundeadchallenges": "2024-08-17 17:48:32 +0000"
    },
    "done": true
  },
  "friendsandfoes:misc/yellow_dye_from_buttercup": {
    "criteria": {
      "has_the_recipe": "2024-08-17 17:48:32 +0000"
    },
    "done": true
  },
  "naturescompass:natures_compass_log": {
    "criteria": {
      "has_recipe": "2024-08-17 17:48:32 +0000"
    },
    "done": true
  },
  "naturescompass:natures_compass": {
    "criteria": {
      "has_recipe": "2024-08-17 17:48:32 +0000"
    },
    "done": true
  },
  "naturescompass:natures_compass_sapling": {
    "criteria": {
      "has_recipe": "2024-08-17 17:48:32 +0000"
    },
    "done": true
  },
  "mowziesmobs:root": {
    "criteria": {
      "custom_test_name": "2024-08-17 17:48:32 +0000"
    },
    "done": true
  },
  "betterdungeons:root": {
    "criteria": {
      "always": "2024-08-17 17:48:32 +0000"
    },
    "done": true
  },
  "placeablesmod:placeables": {
    "criteria": {
      "placeables": "2024-08-17 17:48:32 +0000"
    },
    "done": true
  },
  "explorerscompass:explorers_compass_cobweb": {
    "criteria": {
      "has_recipe": "2024-08-17 17:48:32 +0000"
    },
    "done": true
  },
  "eeeabsmobs:eeeabsmobs/root": {
    "criteria": {
      "requirement": "2024-08-17 17:48:32 +0000"
    },
    "done": true
  },
  "betterdeserttemples:root": {
    "criteria": {
      "always": "2024-08-17 17:48:32 +0000"
    },
    "done": true
  },
  "cataclysm:root": {
    "criteria": {
      "custom_test_name": "2024-08-17 17:48:32 +0000"
    },
    "done": true
  },
  "incendium:technical/new_player": {
    "criteria": {
      "requirement": "2024-08-17 17:48:32 +0000"
    },
    "done": true
  },
  "explorerscompass:explorers_compass": {
    "criteria": {
      "has_recipe": "2024-08-17 17:48:32 +0000"
    },
    "done": true
  },
  "incendium:technical/scroll_of_returning": {
    "criteria": {
      "log_spam_fixer": "2024-08-17 17:48:35 +0000"
    },
    "done": false
  },
  "incendium:technical/using/ragnarok": {
    "criteria": {
      "log_spam_fixer": "2024-08-17 17:48:35 +0000"
    },
    "done": false
  },
  "incendium:technical/using/trailblazer": {
    "criteria": {
      "log_spam_fixer": "2024-08-17 17:48:35 +0000"
    },
    "done": false
  },
  "minecraft:adventure/adventuring_time": {
    "criteria": {
      "minecraft:beach": "2024-08-17 17:48:35 +0000",
      "minecraft:mangrove_swamp": "2024-08-17 17:51:15 +0000",
      "minecraft:lukewarm_ocean": "2024-08-25 11:23:09 +0000",
      "minecraft:river": "2024-08-25 11:23:15 +0000",
      "minecraft:desert": "2024-08-20 16:56:19 +0000",
      "minecraft:savanna": "2024-08-17 17:50:04 +0000"
    },
    "done": false
  },
  "incendium:technical/using/shield": {
    "criteria": {
      "log_spam_fixer": "2024-08-17 17:48:35 +0000"
    },
    "done": false
  },
  "tombstone:adventure/root": {
    "criteria": {
      "auto": "2024-08-17 17:48:35 +0000"
    },
    "done": true
  },
  "minecraft:story/root": {
    "criteria": {
      "crafting_table": "2024-08-17 17:52:06 +0000"
    },
    "done": true
  },
  "mutantmonsters:root": {
    "criteria": {
      "killed_something": "2024-08-17 17:53:40 +0000"
    },
    "done": true
  },
  "minecraft:adventure/root": {
    "criteria": {
      "killed_something": "2024-08-17 17:53:40 +0000"
    },
    "done": true
  },
  "minecraft:husbandry/root": {
    "criteria": {
      "consumed_item": "2024-08-17 17:54:04 +0000"
    },
    "done": true
  },
  "tombstone:adventure/first_grave": {
    "criteria": {
      "coded_trigger": "2024-08-17 17:54:18 +0000"
    },
    "done": true
  },
  "tombstone:recipes/from_grave_key": {
    "criteria": {
      "has_ingredient": "2024-08-17 17:54:20 +0000"
    },
    "done": true
  },
  "tombstone:adventure/cancel_ghostly_shape": {
    "criteria": {
      "coded_trigger": "2024-08-17 17:54:26 +0000"
    },
    "done": true
  },
  "tombstone:recipes/from_grave_dust": {
    "criteria": {
      "has_ingredient": "2024-08-17 18:02:32 +0000"
    },
    "done": true
  },
  "alexsmobs:alexsmobs/root": {
    "criteria": {
      "useitem": "2024-08-17 18:05:24 +0000"
    },
    "done": true
  },
  "minecraft:story/mine_stone": {
    "criteria": {
      "get_stone": "2024-08-17 18:12:03 +0000"
    },
    "done": true
  },
  "minecraft:story/upgrade_tools": {
    "criteria": {
      "stone_pickaxe": "2024-08-17 18:12:51 +0000"
    },
    "done": true
  },
  "minecraft:adventure/kill_all_mobs": {
    "criteria": {
      "minecraft:skeleton": "2024-08-22 11:35:12 +0000",
      "minecraft:spider": "2024-08-17 18:13:08 +0000",
      "minecraft:creeper": "2024-08-22 11:51:33 +0000",
      "minecraft:slime": "2024-08-22 11:35:28 +0000",
      "minecraft:enderman": "2024-08-24 19:58:41 +0000",
      "minecraft:zombie": "2024-08-17 18:13:48 +0000"
    },
    "done": false
  },
  "minecraft:adventure/kill_a_mob": {
    "criteria": {
      "minecraft:spider": "2024-08-17 18:13:08 +0000"
    },
    "done": true
  },
  "minecraft:story/smelt_iron": {
    "criteria": {
      "iron": "2024-08-17 18:42:04 +0000"
    },
    "done": true
  },
  "minecraft:story/obtain_armor": {
    "criteria": {
      "iron_chestplate": "2024-08-17 18:43:41 +0000"
    },
    "done": true
  },
  "tombstone:adventure/first_knowledge": {
    "criteria": {
      "coded_trigger": "2024-08-17 18:44:50 +0000"
    },
    "done": true
  },
  "tombstone:adventure/ashes_and_bones": {
    "criteria": {
      "coded_trigger": "2024-08-17 18:44:50 +0000"
    },
    "done": true
  },
  "minecraft:husbandry/balanced_diet": {
    "criteria": {
      "honey_bottle": "2024-08-20 15:57:21 +0000",
      "cooked_mutton": "2024-08-17 18:57:27 +0000",
      "baked_potato": "2024-08-24 19:30:14 +0000",
      "tropical_fish": "2024-08-17 18:57:33 +0000",
      "potato": "2024-08-25 16:52:23 +0000",
      "mutton": "2024-08-25 17:47:22 +0000",
      "golden_apple": "2024-08-22 11:38:26 +0000",
      "rotten_flesh": "2024-08-17 18:46:16 +0000",
      "suspicious_stew": "2024-08-20 16:37:37 +0000"
    },
    "done": false
  },
  "tombstone:adventure/chain_death": {
    "criteria": {
      "coded_trigger": "2024-08-17 18:48:37 +0000"
    },
    "done": true
  },
  "minecraft:story/deflect_arrow": {
    "criteria": {
      "deflected_projectile": "2024-08-17 18:50:10 +0000"
    },
    "done": true
  },
  "tombstone:adventure/find_grave_dust": {
    "criteria": {
      "from_undead": "2024-08-17 18:51:56 +0000"
    },
    "done": true
  },
  "supplementaries:husbandry/sus_stew": {
    "criteria": {
      "stew": "2024-08-20 16:37:37 +0000"
    },
    "done": true
  },
  "undead_revamp2:sugarcoat": {
    "criteria": {
      "sugarcoat": "2024-08-20 16:44:10 +0000"
    },
    "done": true
  },
  "minecraft:story/iron_tools": {
    "criteria": {
      "iron_pickaxe": "2024-08-20 16:47:52 +0000"
    },
    "done": true
  },
  "mowziesmobs:kill_umvuthana_raptor": {
    "criteria": {
      "umvuthana_raptor": "2024-08-20 16:50:08 +0000"
    },
    "done": true
  },
  "dungeons_arise:find_keep_kayra": {
    "criteria": {
      "location0": "2024-08-20 16:57:29 +0000"
    },
    "done": true
  },
  "minecraft:story/mine_diamond": {
    "criteria": {
      "diamond": "2024-08-20 17:41:33 +0000"
    },
    "done": true
  },
  "tombstone:adventure/create_magic_scroll": {
    "criteria": {
      "has_magic_scroll": "2024-08-22 11:39:04 +0000"
    },
    "done": true
  },
  "tombstone:adventure/bone_crusher": {
    "criteria": {
      "coded_trigger": "2024-08-22 11:53:17 +0000"
    },
    "done": true
  },
  "aether:enter_aether": {
    "criteria": {
      "enter_aether": "2024-08-22 12:34:55 +0000"
    },
    "done": true
  },
  "aether:the_aether": {
    "criteria": {
      "the_aether": "2024-08-22 12:34:55 +0000"
    },
    "done": true
  },
  "aether:blue_aercloud": {
    "criteria": {
      "blue_aercloud": "2024-08-22 12:35:51 +0000"
    },
    "done": true
  },
  "aether:read_lore": {
    "criteria": {
      "lore_book_entry": "2024-08-24 19:17:40 +0000"
    },
    "done": true
  },
  "aether:loreception": {
    "criteria": {
      "lore_book_entry": "2024-08-24 19:17:56 +0000"
    },
    "done": true
  },
  "minecraft:adventure/sleep_in_bed": {
    "criteria": {
      "slept_in_bed": "2024-08-24 20:03:28 +0000"
    },
    "done": true
  },
  "enemyexpansion:vampire_slayer": {
    "criteria": {
      "vampire_slayer_0": "2024-08-24 20:08:32 +0000"
    },
    "done": true
  },
  "undead_revamp2:nightnight": {
    "criteria": {
      "nightnight": "2024-08-24 20:15:29 +0000"
    },
    "done": true
  },
  "minecraft:story/shiny_gear": {
    "criteria": {
      "diamond_boots": "2024-08-25 10:46:06 +0000"
    },
    "done": true
  },
  "enemyexpansion:hunted": {
    "criteria": {
      "hunted_0": "2024-08-25 10:47:47 +0000"
    },
    "done": true
  },
  "ad_astra:under_pressure": {
    "criteria": {
      "has_compressor": "2024-08-25 11:53:08 +0000"
    },
    "done": true
  },
  "ad_astra:carbon_footprint": {
    "criteria": {
      "has_coal_generator": "2024-08-25 12:17:30 +0000"
    },
    "done": true
  },
  "ad_astra:ad_astra": {
    "criteria": {
      "has_coal_generator": "2024-08-25 12:17:30 +0000"
    },
    "done": true
  },
  "ad_astra:smart_blasting": {
    "criteria": {
      "has_etrionic_blast_furnace": "2024-08-25 12:24:22 +0000"
    },
    "done": true
  },
  "ad_astra:rocket_science": {
    "criteria": {
      "has_nasa_workbench": "2024-08-25 13:29:30 +0000"
    },
    "done": true
  },
  "tombstone:adventure/strong_or_careful": {
    "criteria": {
      "coded_trigger": "2024-08-25 13:53:28 +0000"
    },
    "done": true
  },
  "ad_astra:astronaut": {
    "criteria": {
      "has_astronaut": "2024-08-25 16:09:27 +0000"
    },
    "done": true
  },
  "ad_astra:tier_1_rocket": {
    "criteria": {
      "has_tier_1_rocket": "2024-08-25 16:16:55 +0000"
    },
    "done": true
  },
  "aether:icestone": {
    "criteria": {
      "icestone": "2024-08-25 17:48:35 +0000"
    },
    "done": true
  },
  "minecraft:husbandry/plant_seed": {
    "criteria": {
      "supplementaries:flax": "2024-08-25 17:37:47 +0000"
    },
    "done": true
  },
  "aether:zanite": {
    "criteria": {
      "zanite": "2024-08-25 17:47:45 +0000"
    },
    "done": true
  },
  "aether:obtain_egg": {
    "criteria": {
      "moa_egg": "2024-08-25 17:25:10 +0000"
    },
    "done": true
  },
  "DataVersion": 3465
}